CustomerID,total_spent,total_orders,total_items,average_order_value,last_purchase,country,days_since_purchase,recovery_event,failure_reason,recovery_attempts,risk_score,risk_level,recovery_probability,revenue_at_risk,expected_recovery,recommended_action
12346,77183.6,1,74215,77183.6,2011-01-18 10:01:00,United Kingdom,325,checkout_abandoned,checkout_abandoned,1,65,MEDIUM,56.0,77183.6,43222.816000000006,Send checkout reminder
12347,4310.0,7,2458,23.681318681318682,2011-12-07 15:52:00,Iceland,1,successful,none,0,0,LOW,95.0,4310.0,4094.5,No action required
12348,1797.24,4,2341,57.97548387096774,2011-09-25 13:13:00,Finland,74,payment_failed,card_expired,1,40,MEDIUM,71.0,1797.24,1276.0403999999999,Send payment recovery link
12349,1757.55,1,631,24.076027397260273,2011-11-21 09:51:00,Italy,18,successful,none,0,0,LOW,95.0,1757.55,1669.6725,No action required
12350,334.4,1,197,19.670588235294115,2011-02-02 16:01:00,Norway,309,checkout_abandoned,checkout_abandoned,1,55,MEDIUM,62.0,334.4,207.328,Send checkout reminder
12352,2506.04,8,536,29.482823529411764,2011-11-03 14:37:00,Norway,35,successful,none,0,0,LOW,95.0,2506.04,2380.738,No action required
12353,89.0,1,20,22.25,2011-05-19 17:47:00,Bahrain,203,checkout_abandoned,checkout_abandoned,1,55,MEDIUM,62.0,89.0,55.18,Send checkout reminder
12354,1079.4,1,530,18.610344827586207,2011-04-21 13:11:00,Spain,231,checkout_abandoned,checkout_abandoned,1,55,MEDIUM,62.0,1079.4,669.2280000000001,Send checkout reminder
12355,459.4,1,240,35.33846153846154,2011-05-09 13:49:00,Bahrain,213,checkout_abandoned,checkout_abandoned,1,55,MEDIUM,62.0,459.4,284.828,Send checkout reminder
12356,2811.43,3,1591,47.65135593220339,2011-11-17 08:40:00,Portugal,22,successful,none,0,0,LOW,95.0,2811.43,2670.8585,No action required
12357,6207.67,1,2708,47.38679389312977,2011-11-06 16:07:00,Switzerland,32,successful,none,0,10,LOW,89.0,6207.67,5524.8263,No action required
12358,1168.06,2,248,61.47684210526315,2011-12-08 10:26:00,Austria,1,successful,none,0,0,LOW,95.0,1168.06,1109.657,No action required
12359,6372.58,4,1622,25.695887096774193,2011-10-13 12:47:00,Cyprus,57,payment_failed,card_expired,1,50,MEDIUM,65.0,6372.58,4142.177,Send payment recovery link
12360,2662.06,3,1165,20.63612403100775,2011-10-18 15:22:00,Austria,51,payment_failed,card_expired,1,40,MEDIUM,71.0,2662.06,1890.0626000000002,Send payment recovery link
12361,189.9,1,91,18.990000000000002,2011-02-25 13:51:00,Belgium,286,checkout_abandoned,checkout_abandoned,1,55,MEDIUM,62.0,189.9,117.73800000000001,Send checkout reminder
12362,5226.23,10,2229,19.647481203007516,2011-12-06 15:40:00,Belgium,2,successful,none,0,10,LOW,89.0,5226.23,4651.3447,No action required
12363,552.0,2,408,24.0,2011-08-22 10:18:00,Unspecified,109,subscription_failed,insufficient_funds,1,60,MEDIUM,59.0,552.0,325.68,Retry payment + reminder
12364,1313.1,4,1506,15.448235294117646,2011-12-02 10:22:00,Belgium,7,successful,none,0,0,LOW,95.0,1313.1,1247.445,No action required
12365,641.38,2,174,29.153636363636362,2011-02-21 14:04:00,Cyprus,290,checkout_abandoned,checkout_abandoned,1,55,MEDIUM,62.0,641.38,397.6556,Send checkout reminder
12367,168.9,1,173,15.354545454545455,2011-12-05 16:48:00,Denmark,3,successful,none,0,0,LOW,95.0,168.9,160.455,No action required
12370,3545.69,4,2353,21.231676646706585,2011-10-19 14:51:00,Cyprus,50,payment_failed,card_expired,1,40,MEDIUM,71.0,3545.69,2517.4399,Send payment recovery link
12371,1887.96,2,591,29.96761904761905,2011-10-26 10:16:00,Switzerland,44,successful,none,0,0,LOW,95.0,1887.96,1793.5620000000001,No action required
12372,1298.04,3,794,24.962307692307693,2011-09-29 12:12:00,Denmark,71,payment_failed,card_expired,1,40,MEDIUM,71.0,1298.04,921.6084,Send payment recovery link
12373,364.6,1,197,26.042857142857144,2011-02-01 13:10:00,Austria,310,checkout_abandoned,checkout_abandoned,1,55,MEDIUM,62.0,364.6,226.05200000000002,Send checkout reminder
12374,742.9300000000001,1,342,22.513030303030305,2011-11-14 15:37:00,Austria,24,successful,none,0,0,LOW,95.0,742.9300000000001,705.7835,No action required
12375,457.5,2,178,26.91176470588235,2011-11-29 10:36:00,Finland,10,successful,none,0,0,LOW,95.0,457.5,434.625,No action required
12377,1628.12,2,944,21.144415584415583,2011-01-28 15:45:00,Switzerland,314,checkout_abandoned,checkout_abandoned,1,55,MEDIUM,62.0,1628.12,1009.4343999999999,Send checkout reminder
12378,4008.62,1,2529,18.30420091324201,2011-08-02 10:34:00,Switzerland,129,subscription_failed,insufficient_funds,1,60,MEDIUM,59.0,4008.62,2365.0858,Retry payment + reminder
12379,852.24,2,407,21.306,2011-09-19 10:09:00,Belgium,81,payment_failed,card_expired,1,40,MEDIUM,71.0,852.24,605.0904,Send payment recovery link
12380,2724.81,4,1127,26.200096153846154,2011-11-18 11:27:00,Belgium,21,successful,none,0,0,LOW,95.0,2724.81,2588.5694999999996,No action required
12381,1845.31,5,808,21.21045977011494,2011-12-05 12:44:00,Norway,4,successful,none,0,0,LOW,95.0,1845.31,1753.0444999999997,No action required
12383,1850.56,5,1532,18.69252525252525,2011-06-08 08:02:00,Belgium,184,checkout_abandoned,checkout_abandoned,1,55,MEDIUM,62.0,1850.56,1147.3472,Send checkout reminder
12384,585.27,2,126,21.676666666666666,2011-11-11 08:39:00,Switzerland,28,successful,none,0,0,LOW,95.0,585.27,556.0065,No action required
12386,401.9,2,354,40.19,2011-01-06 12:37:00,Australia,337,checkout_abandoned,checkout_abandoned,1,55,MEDIUM,62.0,401.9,249.178,Send checkout reminder
12388,2780.66,6,1462,27.8066,2011-11-24 12:30:00,Australia,15,successful,none,0,0,LOW,95.0,2780.66,2641.627,No action required
12390,549.84,1,353,17.1825,2011-09-21 09:33:00,Belgium,79,payment_failed,card_expired,1,40,MEDIUM,71.0,549.84,390.3864,Send payment recovery link
12391,460.89,1,300,4.6089,2011-11-18 12:07:00,Cyprus,21,successful,none,0,0,LOW,95.0,460.89,437.84549999999996,No action required
12393,1582.6000000000001,4,816,24.728125000000002,2011-09-28 15:41:00,Australia,71,payment_failed,card_expired,1,40,MEDIUM,71.0,1582.6000000000001,1123.646,Send payment recovery link
12394,1272.48,2,819,47.12888888888889,2011-10-07 08:08:00,Belgium,63,payment_failed,card_expired,1,40,MEDIUM,71.0,1272.48,903.4608000000001,Send payment recovery link
12395,3018.63,12,2118,19.350192307692307,2011-11-20 15:21:00,Belgium,18,successful,none,0,0,LOW,95.0,3018.63,2867.6985000000004,No action required
12397,2409.9,2,1263,19.126190476190477,2011-11-04 09:52:00,Belgium,35,successful,none,0,0,LOW,95.0,2409.9,2289.405,No action required
12398,1635.6599999999999,1,1394,19.24305882352941,2011-10-25 10:27:00,Switzerland,45,successful,none,0,0,LOW,95.0,1635.6599999999999,1553.8769999999997,No action required
12399,1108.65,4,1178,18.790677966101697,2011-08-12 13:15:00,Belgium,118,subscription_failed,insufficient_funds,1,60,MEDIUM,59.0,1108.65,654.1035,Retry payment + reminder
12401,84.3,1,11,16.86,2011-02-09 13:50:00,Belgium,302,checkout_abandoned,checkout_abandoned,1,55,MEDIUM,62.0,84.3,52.26599999999999,Send checkout reminder
12402,225.6,1,94,20.509090909090908,2011-01-20 13:49:00,Belgium,322,checkout_abandoned,checkout_abandoned,1,55,MEDIUM,62.0,225.6,139.87199999999999,Send checkout reminder
12403,427.7,1,96,85.53999999999999,2011-10-21 10:51:00,Denmark,49,payment_failed,card_expired,1,40,MEDIUM,71.0,427.7,303.66700000000003,Send payment recovery link
12405,1710.39,1,857,31.67388888888889,2011-07-14 08:52:00,Finland,148,subscription_failed,insufficient_funds,1,60,MEDIUM,59.0,1710.39,1009.1301000000001,Retry payment + reminder
12406,3415.3,2,1818,32.52666666666667,2011-11-17 19:22:00,Denmark,21,successful,none,0,0,LOW,95.0,3415.3,3244.535,No action required
12407,1708.1200000000001,5,1416,22.183376623376624,2011-10-21 10:11:00,Belgium,49,payment_failed,card_expired,1,40,MEDIUM,71.0,1708.1200000000001,1212.7652,Send payment recovery link
12408,2888.55,5,1409,27.51,2011-11-07 12:27:00,Belgium,32,successful,none,0,0,LOW,95.0,2888.55,2744.1225,No action required
12409,11072.67,3,5551,101.58412844036697,2011-09-22 10:38:00,Switzerland,78,payment_failed,card_expired,1,50,MEDIUM,65.0,11072.67,7197.235500000001,Send payment recovery link
12410,693.3299999999999,2,211,26.666538461538458,2011-02-04 10:39:00,Switzerland,308,checkout_abandoned,checkout_abandoned,1,55,MEDIUM,62.0,693.3299999999999,429.86459999999994,Send checkout reminder
12412,1226.88,3,829,20.112786885245903,2011-09-26 10:16:00,Denmark,74,payment_failed,card_expired,1,40,MEDIUM,71.0,1226.88,871.0848000000001,Send payment recovery link
12413,758.1,3,286,19.95,2011-10-04 09:00:00,France,66,payment_failed,card_expired,1,40,MEDIUM,71.0,758.1,538.251,Send payment recovery link
12414,562.41,3,300,31.244999999999997,2011-05-06 14:51:00,Austria,216,checkout_abandoned,checkout_abandoned,1,55,MEDIUM,62.0,562.41,348.69419999999997,Send checkout reminder
12415,124914.53,21,77374,174.95032212885152,2011-11-15 14:22:00,Australia,23,successful,none,0,10,LOW,89.0,124914.53,111173.9317,No action required
12417,3649.1,9,1552,19.005729166666665,2011-12-06 14:52:00,Belgium,2,successful,none,0,0,LOW,95.0,3649.1,3466.645,No action required
12418,668.58,1,407,19.664117647058823,2011-08-19 11:08:00,Switzerland,112,subscription_failed,insufficient_funds,1,60,MEDIUM,59.0,668.58,394.4622,Retry payment + reminder
12420,600.39,1,345,20.70310344827586,2011-10-07 08:55:00,Cyprus,63,payment_failed,card_expired,1,40,MEDIUM,71.0,600.39,426.2769,Send payment recovery link
12421,807.04,4,484,17.93422222222222,2011-11-24 09:07:00,Spain,15,successful,none,0,0,LOW,95.0,807.04,766.688,No action required
12422,803.5600000000001,3,370,20.604102564102565,2011-09-05 09:48:00,Australia,95,subscription_failed,insufficient_funds,1,60,MEDIUM,59.0,803.5600000000001,474.10040000000004,Retry payment + reminder
12423,1859.31,8,1339,14.87448,2011-12-09 10:10:00,Belgium,0,successful,none,0,0,LOW,95.0,1859.31,1766.3445,No action required
12424,1760.96,2,740,58.69866666666667,2011-06-30 12:06:00,Australia,162,subscription_failed,insufficient_funds,1,60,MEDIUM,59.0,1760.96,1038.9664,Retry payment + reminder
12425,777.2,1,496,21.58888888888889,2011-09-22 17:31:00,Portugal,77,payment_failed,card_expired,1,40,MEDIUM,71.0,777.2,551.812,Send payment recovery link
12426,582.73,1,258,19.424333333333333,2011-05-29 12:26:00,Germany,194,checkout_abandoned,checkout_abandoned,1,55,MEDIUM,62.0,582.73,361.2926,Send checkout reminder
12427,825.8,3,533,26.638709677419353,2011-11-18 08:56:00,Germany,21,successful,none,0,0,LOW,95.0,825.8,784.51,No action required
12428,7956.46,9,3536,27.062789115646257,2011-11-14 08:22:00,Finland,25,successful,none,0,10,LOW,89.0,7956.46,7081.249400000001,No action required
12429,3750.4,4,1557,38.66391752577319,2011-11-30 17:22:00,Denmark,8,successful,none,0,0,LOW,95.0,3750.4,3562.88,No action required
12430,256.4,1,117,23.30909090909091,2011-10-27 15:09:00,Norway,42,successful,none,0,0,LOW,95.0,256.4,243.57999999999996,No action required
12431,6487.45,15,2906,27.606170212765957,2011-11-04 11:55:00,Australia,35,successful,none,0,10,LOW,89.0,6487.45,5773.830499999999,No action required
12432,5059.32,5,1801,46.845555555555556,2011-10-28 11:43:00,Norway,42,successful,none,0,10,LOW,89.0,5059.32,4502.7948,No action required
12433,13375.87,7,11071,31.847309523809525,2011-12-09 10:02:00,Norway,0,successful,none,0,10,LOW,89.0,13375.87,11904.524300000001,No action required
12434,806.14,2,394,16.122799999999998,2011-09-16 12:38:00,Australia,84,payment_failed,card_expired,1,40,MEDIUM,71.0,806.14,572.3594,Send payment recovery link
12435,7829.89,2,2055,217.49694444444447,2011-09-21 09:06:00,Denmark,79,payment_failed,card_expired,1,50,MEDIUM,65.0,7829.89,5089.4285,Send payment recovery link
12436,509.01,1,211,31.813125,2011-09-01 12:09:00,Norway,99,subscription_failed,insufficient_funds,1,60,MEDIUM,59.0,509.01,300.3159,Retry payment + reminder
12437,4951.41,18,2922,24.88145728643216,2011-12-08 11:35:00,France,1,successful,none,0,0,LOW,95.0,4951.41,4703.8395,No action required
12438,2906.85,2,1180,29.66173469387755,2011-11-25 13:28:00,Norway,13,successful,none,0,0,LOW,95.0,2906.85,2761.5075,No action required
12441,173.55,1,121,15.77727272727273,2010-12-08 10:45:00,France,366,checkout_abandoned,checkout_abandoned,1,55,MEDIUM,62.0,173.55,107.601,Send checkout reminder
12442,172.06,1,182,14.338333333333333,2011-12-06 14:22:00,Spain,2,successful,none,0,0,LOW,95.0,172.06,163.457,No action required
12444,5005.46,5,1153,28.440113636363638,2011-11-18 13:23:00,Norway,20,successful,none,0,10,LOW,89.0,5005.46,4454.8594,No action required
12445,133.4,1,62,33.35,2011-11-17 18:43:00,Spain,21,successful,none,0,0,LOW,95.0,133.4,126.73,No action required
12446,1002.3100000000001,1,351,17.584385964912283,2011-10-13 12:50:00,RSA,57,payment_failed,card_expired,1,40,MEDIUM,71.0,1002.3100000000001,711.6401000000001,Send payment recovery link
12447,476.49,1,190,18.326538461538462,2011-04-10 13:25:00,Belgium,242,checkout_abandoned,checkout_abandoned,1,55,MEDIUM,62.0,476.49,295.4238,Send checkout reminder
12448,449.45,1,243,20.429545454545455,2011-10-26 13:46:00,Spain,43,successful,none,0,0,LOW,95.0,449.45,426.9775,No action required
12449,4067.29,4,1553,21.294712041884818,2011-11-17 13:46:00,Belgium,21,successful,none,0,0,LOW,95.0,4067.29,3863.9255,No action required
12450,197.88,2,128,24.735,2011-07-06 14:41:00,Spain,155,subscription_failed,insufficient_funds,1,60,MEDIUM,59.0,197.88,116.7492,Retry payment + reminder
12451,9035.52,5,6575,25.524067796610172,2011-11-29 08:40:00,Switzerland,10,successful,none,0,10,LOW,89.0,9035.52,8041.6128,No action required
12452,430.57,2,185,19.571363636363635,2011-11-23 10:28:00,Switzerland,16,successful,none,0,0,LOW,95.0,430.57,409.04150000000004,No action required
12453,707.09,1,473,16.443953488372095,2011-07-28 14:08:00,Austria,133,subscription_failed,insufficient_funds,1,60,MEDIUM,59.0,707.09,417.1831,Retry payment + reminder
12454,3528.34,1,1006,235.22266666666667,2011-10-14 17:13:00,Spain,55,payment_failed,card_expired,1,40,MEDIUM,71.0,3528.34,2505.1214,Send payment recovery link
12455,2466.86,6,2089,27.409555555555556,2011-09-27 15:31:00,Cyprus,72,payment_failed,card_expired,1,40,MEDIUM,71.0,2466.86,1751.4705999999999,Send payment recovery link
12456,3181.04,3,1633,25.44832,2011-10-26 14:41:00,Switzerland,43,successful,none,0,0,LOW,95.0,3181.04,3021.988,No action required
12457,2363.23,7,843,38.11661290322581,2011-10-04 13:13:00,Switzerland,65,payment_failed,card_expired,1,40,MEDIUM,71.0,2363.23,1677.8933,Send payment recovery link
12458,947.4,2,506,24.931578947368422,2011-09-29 15:25:00,Switzerland,70,payment_failed,card_expired,1,40,MEDIUM,71.0,947.4,672.654,Send payment recovery link
12461,826.88,2,287,23.62514285714286,2011-09-06 16:57:00,Switzerland,93,subscription_failed,insufficient_funds,1,60,MEDIUM,59.0,826.88,487.8592,Retry payment + reminder
12462,1189.59,2,536,19.186935483870965,2011-11-21 09:11:00,Spain,18,successful,none,0,0,LOW,95.0,1189.59,1130.1104999999998,No action required
12463,1344.78,4,776,16.202168674698793,2011-10-17 13:44:00,Belgium,52,payment_failed,card_expired,1,40,MEDIUM,71.0,1344.78,954.7938,Send payment recovery link
12464,1212.05,8,112,41.79482758620689,2011-11-29 13:33:00,Belgium,9,successful,none,0,0,LOW,95.0,1212.05,1151.4475,No action required
12465,742.1899999999999,2,479,15.79127659574468,2011-11-22 16:34:00,Belgium,16,successful,none,0,0,LOW,95.0,742.1899999999999,705.0804999999999,No action required
12468,729.5400000000001,2,366,19.19842105263158,2011-06-05 11:36:00,Germany,187,checkout_abandoned,checkout_abandoned,1,55,MEDIUM,62.0,729.5400000000001,452.31480000000005,Send checkout reminder
12471,19824.05,30,8212,43.09576086956522,2011-12-07 15:43:00,Germany,1,successful,none,0,10,LOW,89.0,19824.05,17643.4045,No action required
12472,6572.11,7,4148,19.386755162241887,2011-11-07 14:01:00,Germany,31,successful,none,0,10,LOW,89.0,6572.11,5849.177899999999,No action required
12473,3938.5499999999997,5,2439,23.443749999999998,2011-11-10 13:46:00,Germany,28,successful,none,0,0,LOW,95.0,3938.5499999999997,3741.6225,No action required
12474,7375.79,18,4847,17.395731132075472,2011-11-22 14:39:00,Germany,16,successful,none,0,10,LOW,89.0,7375.79,6564.4531,No action required
12475,723.38,1,535,20.093888888888888,2011-10-17 10:10:00,Germany,53,payment_failed,card_expired,1,40,MEDIUM,71.0,723.38,513.5998000000001,Send payment recovery link
12476,6816.42,11,2408,29.255021459227468,2011-11-24 12:40:00,Germany,15,successful,none,0,10,LOW,89.0,6816.42,6066.6138,No action required
12477,13219.74,6,3653,44.065799999999996,2011-11-17 09:51:00,Germany,22,successful,none,0,10,LOW,89.0,13219.74,11765.568599999999,No action required
12478,680.99,1,236,18.91638888888889,2011-12-06 09:56:00,Greece,3,successful,none,0,0,LOW,95.0,680.99,646.9405,No action required
12479,527.2,1,385,17.006451612903227,2011-11-28 13:26:00,Germany,10,successful,none,0,0,LOW,95.0,527.2,500.8400000000001,No action required
12480,3281.63,4,1707,21.309285714285714,2011-11-11 14:52:00,Germany,27,successful,none,0,0,LOW,95.0,3281.63,3117.5485000000003,No action required
12481,5596.32,10,3304,25.789493087557602,2011-11-17 08:29:00,Germany,22,successful,none,0,10,LOW,89.0,5596.32,4980.7248,No action required
12483,2484.98,8,1110,33.133066666666664,2011-11-22 17:02:00,Sweden,16,successful,none,0,0,LOW,95.0,2484.98,2360.731,No action required
12484,4541.72,6,2191,13.126358381502891,2011-11-07 11:37:00,Spain,32,successful,none,0,0,LOW,95.0,4541.72,4314.634,No action required
12488,1298.66,3,529,23.612000000000002,2011-11-30 08:50:00,France,9,successful,none,0,0,LOW,95.0,1298.66,1233.727,No action required
12489,334.93,1,105,22.328666666666667,2011-01-07 13:13:00,France,335,checkout_abandoned,checkout_abandoned,1,55,MEDIUM,62.0,334.93,207.6566,Send checkout reminder
12490,5417.93,10,3064,22.114,2011-12-04 16:07:00,France,4,successful,none,0,10,LOW,89.0,5417.93,4821.9577,No action required
12491,460.40000000000003,1,260,17.70769230769231,2011-11-01 12:18:00,France,38,successful,none,0,0,LOW,95.0,460.40000000000003,437.38,No action required
12492,263.21000000000004,2,192,13.160500000000003,2011-10-07 15:15:00,Germany,62,payment_failed,card_expired,1,40,MEDIUM,71.0,263.21000000000004,186.87910000000002,Send payment recovery link
12493,433.74,2,207,19.715454545454545,2011-06-27 10:17:00,France,165,subscription_failed,insufficient_funds,1,60,MEDIUM,59.0,433.74,255.9066,Retry payment + reminder
12494,1246.1000000000001,7,707,16.183116883116885,2011-11-24 09:34:00,France,15,successful,none,0,0,LOW,95.0,1246.1000000000001,1183.795,No action required
12497,1043.1,1,1236,74.50714285714285,2011-09-19 12:29:00,Germany,81,payment_failed,card_expired,1,40,MEDIUM,71.0,1043.1,740.6009999999999,Send payment recovery link
12498,403.70000000000005,3,159,17.55217391304348,2011-11-18 12:53:00,Germany,20,successful,none,0,0,LOW,95.0,403.70000000000005,383.5150000000001,No action required
12500,4257.82,11,2678,69.80032786885245,2011-11-16 16:20:00,Germany,22,successful,none,0,0,LOW,95.0,4257.82,4044.9289999999996,No action required
12501,2169.39,1,1783,14.559664429530201,2011-01-07 12:28:00,Germany,336,checkout_abandoned,checkout_abandoned,1,55,MEDIUM,62.0,2169.39,1345.0218,Send checkout reminder
12502,3723.87,5,820,25.332448979591835,2011-09-05 11:52:00,Spain,95,subscription_failed,insufficient_funds,1,60,MEDIUM,59.0,3723.87,2197.0833,Retry payment + reminder
12504,482.04999999999995,2,90,53.5611111111111,2011-11-21 16:02:00,Germany,17,successful,none,0,0,LOW,95.0,482.04999999999995,457.94749999999993,No action required
12506,73.5,1,23,3.1956521739130435,2011-04-21 08:54:00,France,232,checkout_abandoned,checkout_abandoned,1,55,MEDIUM,62.0,73.5,45.57,Send checkout reminder
12507,1304.81,3,894,62.13380952380952,2011-07-28 17:09:00,Spain,133,subscription_failed,insufficient_funds,1,60,MEDIUM,59.0,1304.81,769.8379,Retry payment + reminder
12508,398.27,2,272,5.772028985507246,2011-11-13 15:37:00,France,25,successful,none,0,0,LOW,95.0,398.27,378.35650000000004,No action required
12509,176.5,1,55,25.214285714285715,2011-02-28 14:45:00,France,283,checkout_abandoned,checkout_abandoned,1,55,MEDIUM,62.0,176.5,109.43,Send checkout reminder
12510,982.5699999999999,2,353,29.774848484848484,2011-07-20 10:15:00,Spain,142,subscription_failed,insufficient_funds,1,60,MEDIUM,59.0,982.5699999999999,579.7162999999999,Retry payment + reminder
12512,138.03,2,99,4.059705882352941,2011-10-04 14:55:00,Israel,65,payment_failed,card_expired,1,40,MEDIUM,71.0,138.03,98.00129999999999,Send payment recovery link
12513,612.29,1,462,17.494,2011-08-19 10:51:00,France,112,subscription_failed,insufficient_funds,1,60,MEDIUM,59.0,612.29,361.2511,Retry payment + reminder
12514,1017.68,1,440,19.954509803921567,2011-03-17 16:38:00,Italy,266,checkout_abandoned,checkout_abandoned,1,55,MEDIUM,62.0,1017.68,630.9616,Send checkout reminder
12515,383.7,1,131,23.98125,2010-12-21 15:43:00,Italy,352,checkout_abandoned,checkout_abandoned,1,55,MEDIUM,62.0,383.7,237.89399999999998,Send checkout reminder
12516,1312.06,2,875,50.46384615384615,2011-09-23 09:13:00,Germany,77,payment_failed,card_expired,1,40,MEDIUM,71.0,1312.06,931.5626,Send payment recovery link
12517,2502.84,5,1371,8.812816901408452,2011-11-11 14:04:00,Germany,27,successful,none,0,0,LOW,95.0,2502.84,2377.6980000000003,No action required
12518,2056.89,5,1318,16.58782258064516,2011-12-09 10:13:00,Germany,0,successful,none,0,0,LOW,95.0,2056.89,1954.0455,No action required
12519,340.84,1,183,18.935555555555553,2011-10-07 09:26:00,Germany,63,payment_failed,card_expired,1,40,MEDIUM,71.0,340.84,241.9964,Send payment recovery link
12520,2634.26,5,1439,17.330657894736845,2011-09-21 15:23:00,Germany,78,payment_failed,card_expired,1,40,MEDIUM,71.0,2634.26,1870.3246000000001,Send payment recovery link
12521,599.68,1,309,15.781052631578946,2011-07-20 10:51:00,Germany,142,subscription_failed,insufficient_funds,1,60,MEDIUM,59.0,599.68,353.81119999999993,Retry payment + reminder
12522,192.72,2,194,16.06,2011-10-31 15:30:00,Germany,38,successful,none,0,0,LOW,95.0,192.72,183.084,No action required
12523,1789.77,11,865,16.884622641509434,2011-11-20 12:55:00,France,18,successful,none,0,0,LOW,95.0,1789.77,1700.2815,No action required
12524,4485.72,8,3699,31.150833333333335,2011-11-30 15:31:00,Germany,8,successful,none,0,0,LOW,95.0,4485.72,4261.434,No action required
12526,1316.66,3,632,18.54450704225352,2011-12-09 12:09:00,Germany,0,successful,none,0,0,LOW,95.0,1316.66,1250.8270000000002,No action required
12527,348.71000000000004,3,234,19.37277777777778,2011-09-19 11:55:00,Germany,81,payment_failed,card_expired,1,40,MEDIUM,71.0,348.71000000000004,247.58410000000003,Send payment recovery link
12528,1933.48,6,756,21.01608695652174,2011-11-30 14:40:00,Germany,8,successful,none,0,0,LOW,95.0,1933.48,1836.806,No action required
12530,1662.28,4,913,25.186060606060607,2011-10-11 12:34:00,Germany,59,payment_failed,card_expired,1,40,MEDIUM,71.0,1662.28,1180.2188,Send payment recovery link
12531,125.22,1,45,7.365882352941177,2011-11-25 11:12:00,Germany,14,successful,none,0,0,LOW,95.0,125.22,118.959,No action required
12532,349.83000000000004,1,153,21.864375000000003,2011-11-09 13:47:00,France,29,successful,none,0,0,LOW,95.0,349.83000000000004,332.33850000000007,No action required
12534,1089.18,1,651,17.28857142857143,2011-08-01 10:26:00,Germany,130,subscription_failed,insufficient_funds,1,60,MEDIUM,59.0,1089.18,642.6162,Retry payment + reminder
12535,716.35,2,219,21.069117647058825,2011-09-09 08:48:00,France,91,subscription_failed,insufficient_funds,1,60,MEDIUM,59.0,716.35,422.6465,Retry payment + reminder
12536,12601.830000000002,3,2803,48.282873563218395,2011-10-27 14:20:00,France,42,successful,none,0,10,LOW,89.0,12601.830000000002,11215.628700000001,No action required
12538,363.95,1,191,17.33095238095238,2011-11-10 17:16:00,Spain,28,successful,none,0,0,LOW,95.0,363.95,345.7525,No action required
12539,5568.35,4,2067,20.396886446886448,2011-11-17 13:30:00,Spain,21,successful,none,0,10,LOW,89.0,5568.35,4955.8315,No action required
12540,13400.24,17,6685,28.03397489539749,2011-11-20 11:31:00,Spain,19,successful,none,0,10,LOW,89.0,13400.24,11926.2136,No action required
12541,981.18,3,680,18.868846153846153,2011-11-10 10:40:00,Spain,29,successful,none,0,0,LOW,95.0,981.18,932.1209999999999,No action required
12544,372.7,1,136,19.61578947368421,2011-11-03 16:15:00,Spain,35,successful,none,0,0,LOW,95.0,372.7,354.065,No action required
12545,1000.39,2,523,20.0078,2011-09-25 13:39:00,Spain,74,payment_failed,card_expired,1,40,MEDIUM,71.0,1000.39,710.2769000000001,Send payment recovery link
12546,1161.5,2,633,16.833333333333332,2011-10-24 12:09:00,Spain,46,payment_failed,card_expired,1,40,MEDIUM,71.0,1161.5,824.665,Send payment recovery link
12547,207.79999999999998,2,134,25.974999999999998,2011-05-26 12:38:00,Spain,197,checkout_abandoned,checkout_abandoned,1,55,MEDIUM,62.0,207.79999999999998,128.83599999999998,Send checkout reminder
12548,95.19999999999999,1,49,19.04,2011-06-26 15:35:00,Spain,165,subscription_failed,insufficient_funds,1,60,MEDIUM,59.0,95.19999999999999,56.16799999999999,Retry payment + reminder
12550,964.83,1,569,16.92684210526316,2011-09-21 14:35:00,Spain,78,payment_failed,card_expired,1,40,MEDIUM,71.0,964.83,685.0293,Send payment recovery link
12551,168.0,1,100,16.8,2010-12-17 11:23:00,Spain,357,checkout_abandoned,checkout_abandoned,1,55,MEDIUM,62.0,168.0,104.16,Send checkout reminder
12552,437.82,2,88,21.891,2011-11-01 10:02:00,Italy,38,successful,none,0,0,LOW,95.0,437.82,415.92900000000003,No action required
12553,3692.28,10,1965,19.33130890052356,2011-12-01 16:38:00,France,7,successful,none,0,0,LOW,95.0,3692.28,3507.666,No action required
12556,603.71,2,358,4.989338842975207,2011-10-20 13:06:00,Spain,49,payment_failed,card_expired,1,40,MEDIUM,71.0,603.71,428.63410000000005,Send payment recovery link
12557,11990.960000000001,5,4384,363.36242424242425,2011-11-23 16:59:00,Spain,15,successful,none,0,10,LOW,89.0,11990.960000000001,10671.954400000002,No action required
12558,269.96,1,196,24.54181818181818,2011-12-02 10:41:00,USA,7,successful,none,0,0,LOW,95.0,269.96,256.462,No action required
12559,561.71,2,283,26.74809523809524,2011-02-02 09:49:00,Germany,310,checkout_abandoned,checkout_abandoned,1,55,MEDIUM,62.0,561.71,348.26020000000005,Send checkout reminder
12560,2134.01,3,1110,20.323904761904764,2011-12-04 13:54:00,Germany,4,successful,none,0,0,LOW,95.0,2134.01,2027.3095,No action required
12561,238.85,1,177,14.928125,2011-02-10 11:39:00,Germany,302,checkout_abandoned,checkout_abandoned,1,55,MEDIUM,62.0,238.85,148.087,Send checkout reminder
12562,3781.7400000000002,7,1779,22.510357142857146,2011-12-01 17:20:00,France,7,successful,none,0,0,LOW,95.0,3781.7400000000002,3592.6530000000002,No action required
12564,456.9,1,133,21.757142857142856,2011-03-23 14:55:00,France,260,checkout_abandoned,checkout_abandoned,1,55,MEDIUM,62.0,456.9,283.278,Send checkout reminder
12565,145.92,1,80,16.21333333333333,2011-02-24 10:34:00,Saudi Arabia,288,checkout_abandoned,checkout_abandoned,1,55,MEDIUM,62.0,145.92,90.47039999999998,Send checkout reminder
12566,351.65,1,265,18.507894736842104,2011-09-14 14:30:00,Germany,85,payment_failed,card_expired,1,40,MEDIUM,71.0,351.65,249.67149999999998,Send payment recovery link
12567,9401.28,10,4305,21.079103139013455,2011-11-17 11:02:00,France,22,successful,none,0,10,LOW,89.0,9401.28,8367.1392,No action required
12569,4124.69,32,1801,21.939840425531912,2011-12-07 16:24:00,Germany,1,successful,none,0,0,LOW,95.0,4124.69,3918.4555,No action required
12571,519.61,2,523,15.28264705882353,2011-10-31 10:19:00,France,39,successful,none,0,0,LOW,95.0,519.61,493.62950000000006,No action required
12572,1020.42,2,452,17.006999999999998,2011-12-01 09:20:00,Germany,8,successful,none,0,0,LOW,95.0,1020.42,969.3989999999999,No action required
12573,160.54000000000002,1,84,5.733571428571429,2011-04-26 15:52:00,France,226,checkout_abandoned,checkout_abandoned,1,55,MEDIUM,62.0,160.54000000000002,99.53480000000002,Send checkout reminder
12574,218.45,1,61,19.85909090909091,2011-01-28 09:20:00,France,315,checkout_abandoned,checkout_abandoned,1,55,MEDIUM,62.0,218.45,135.439,Send checkout reminder
12576,1315.83,5,967,14.952613636363635,2011-11-04 10:11:00,Poland,35,successful,none,0,0,LOW,95.0,1315.83,1250.0384999999999,No action required
12577,657.8,3,472,4.474829931972788,2011-11-04 13:24:00,France,34,successful,none,0,0,LOW,95.0,657.8,624.91,No action required
12578,2794.51,2,1196,24.51324561403509,2011-11-18 13:30:00,Italy,20,successful,none,0,0,LOW,95.0,2794.51,2654.7845,No action required
12579,440.42,1,285,15.18689655172414,2011-09-22 17:15:00,France,77,payment_failed,card_expired,1,40,MEDIUM,71.0,440.42,312.6982,Send payment recovery link
12580,415.7,1,238,17.320833333333333,2011-04-07 10:24:00,Germany,246,checkout_abandoned,checkout_abandoned,1,55,MEDIUM,62.0,415.7,257.734,Send checkout reminder
12581,197.71,1,161,13.180666666666667,2011-10-31 08:56:00,Germany,39,successful,none,0,0,LOW,95.0,197.71,187.8245,No action required
12582,511.36,2,300,23.243636363636366,2011-04-15 08:45:00,Finland,238,checkout_abandoned,checkout_abandoned,1,55,MEDIUM,62.0,511.36,317.0432,Send checkout reminder
12583,7281.38,15,5060,29.47927125506073,2011-12-07 08:07:00,France,2,successful,none,0,10,LOW,89.0,7281.38,6480.4282,No action required
12584,2338.15,9,416,24.355729166666666,2011-12-06 09:35:00,Italy,3,successful,none,0,0,LOW,95.0,2338.15,2221.2425,No action required
12585,2040.1,2,1279,23.44942528735632,2011-04-19 13:39:00,Germany,233,checkout_abandoned,checkout_abandoned,1,55,MEDIUM,62.0,2040.1,1264.862,Send checkout reminder
12586,196.94000000000003,1,79,17.903636363636366,2011-11-22 16:24:00,Italy,16,successful,none,0,0,LOW,95.0,196.94000000000003,187.09300000000002,No action required
12587,144.0,1,51,36.0,2011-12-02 12:47:00,Finland,7,successful,none,0,0,LOW,95.0,144.0,136.8,No action required
12588,214.89999999999998,1,53,21.49,2011-10-31 15:01:00,Finland,38,successful,none,0,0,LOW,95.0,214.89999999999998,204.15499999999997,No action required
12589,646.68,2,306,18.47657142857143,2011-11-11 10:19:00,France,28,successful,none,0,0,LOW,95.0,646.68,614.346,No action required
12590,9864.26,2,4283,145.06264705882353,2011-05-12 14:52:00,Germany,210,checkout_abandoned,checkout_abandoned,1,65,MEDIUM,56.0,9864.26,5523.985600000001,Send checkout reminder
12591,452.84999999999997,1,228,17.41730769230769,2011-01-26 14:35:00,Italy,316,checkout_abandoned,checkout_abandoned,1,55,MEDIUM,62.0,452.84999999999997,280.767,Send checkout reminder
12592,437.6,2,290,24.311111111111114,2011-09-08 15:04:00,Germany,91,subscription_failed,insufficient_funds,1,60,MEDIUM,59.0,437.6,258.184,Retry payment + reminder
12593,418.09999999999997,3,206,19.909523809523808,2011-08-23 12:43:00,France,108,subscription_failed,insufficient_funds,1,60,MEDIUM,59.0,418.09999999999997,246.67899999999997,Retry payment + reminder
12594,3338.2200000000003,10,1777,28.290000000000003,2011-11-02 12:20:00,Italy,37,successful,none,0,0,LOW,95.0,3338.2200000000003,3171.309,No action required
12596,618.27,2,474,22.898888888888887,2011-10-19 13:02:00,Spain,50,payment_failed,card_expired,1,40,MEDIUM,71.0,618.27,438.9717,Send payment recovery link
12597,3811.22,4,2236,18.50106796116505,2011-11-20 13:33:00,Spain,18,successful,none,0,0,LOW,95.0,3811.22,3620.6589999999997,No action required
12598,3023.08,8,1964,22.902121212121212,2011-11-30 12:18:00,France,9,successful,none,0,0,LOW,95.0,3023.08,2871.926,No action required
12599,1032.58,7,956,16.654516129032256,2011-11-10 13:34:00,France,28,successful,none,0,0,LOW,95.0,1032.58,980.9509999999999,No action required
12600,2599.04,10,774,40.61,2011-11-11 10:29:00,Germany,28,successful,none,0,0,LOW,95.0,2599.04,2469.0879999999997,No action required
12601,577.0600000000001,5,245,20.609285714285715,2011-06-03 10:17:00,Germany,189,checkout_abandoned,checkout_abandoned,1,55,MEDIUM,62.0,577.0600000000001,357.7772,Send checkout reminder
12602,153.12,1,162,12.76,2011-10-12 11:22:00,France,58,payment_failed,card_expired,1,40,MEDIUM,71.0,153.12,108.71520000000001,Send payment recovery link
12603,739.1999999999999,1,63,369.59999999999997,2011-11-18 10:42:00,Germany,21,successful,none,0,0,LOW,95.0,739.1999999999999,702.24,No action required
12604,254.18,2,201,15.88625,2011-09-21 14:08:00,France,78,payment_failed,card_expired,1,40,MEDIUM,71.0,254.18,180.46779999999998,Send payment recovery link
12607,1579.51,1,1228,15.63871287128713,2011-10-10 16:06:00,USA,59,payment_failed,card_expired,1,40,MEDIUM,71.0,1579.51,1121.4521,Send payment recovery link
12609,1126.85,3,648,18.78083333333333,2011-09-22 16:34:00,Germany,77,payment_failed,card_expired,1,40,MEDIUM,71.0,1126.85,800.0634999999999,Send payment recovery link
12610,2099.54,5,1049,19.80698113207547,2011-11-17 09:34:00,Italy,22,successful,none,0,0,LOW,95.0,2099.54,1994.5629999999999,No action required
12611,1193.32,1,846,18.35876923076923,2011-10-18 13:12:00,Italy,51,payment_failed,card_expired,1,40,MEDIUM,71.0,1193.32,847.2572,Send payment recovery link
12612,704.0400000000001,1,262,37.054736842105264,2011-09-26 15:35:00,Germany,73,payment_failed,card_expired,1,40,MEDIUM,71.0,704.0400000000001,499.86840000000007,Send payment recovery link
12613,3344.38,5,1644,21.858692810457516,2011-10-13 14:59:00,Germany,56,payment_failed,card_expired,1,40,MEDIUM,71.0,3344.38,2374.5098000000003,Send payment recovery link
12614,315.6,1,76,15.780000000000001,2011-03-07 10:22:00,Germany,277,checkout_abandoned,checkout_abandoned,1,55,MEDIUM,62.0,315.6,195.672,Send checkout reminder
12615,2291.19,4,1376,21.820857142857143,2011-12-07 15:02:00,France,1,successful,none,0,0,LOW,95.0,2291.19,2176.6305,No action required
12616,713.3,2,284,22.290625,2011-09-05 15:17:00,France,94,subscription_failed,insufficient_funds,1,60,MEDIUM,59.0,713.3,420.847,Retry payment + reminder
12617,355.53,1,213,8.465,2011-11-10 14:39:00,France,28,successful,none,0,0,LOW,95.0,355.53,337.7535,No action required
12618,177.31,1,96,16.11909090909091,2011-11-18 11:10:00,Italy,21,successful,none,0,0,LOW,95.0,177.31,168.4445,No action required
12619,3641.24,9,3378,40.45822222222222,2011-11-23 14:52:00,Germany,15,successful,none,0,0,LOW,95.0,3641.24,3459.178,No action required
12620,1339.41,3,1181,14.558804347826088,2011-11-25 10:20:00,France,14,successful,none,0,0,LOW,95.0,1339.41,1272.4395000000002,No action required
12621,13689.67,20,7440,29.31406852248394,2011-12-08 11:25:00,Germany,1,successful,none,0,10,LOW,89.0,13689.67,12183.806300000002,No action required
12622,180.1,1,69,16.37272727272727,2011-04-21 16:39:00,Germany,231,checkout_abandoned,checkout_abandoned,1,55,MEDIUM,62.0,180.1,111.66199999999999,Send checkout reminder
12623,305.1,1,191,16.950000000000003,2011-03-08 13:50:00,Germany,275,checkout_abandoned,checkout_abandoned,1,55,MEDIUM,62.0,305.1,189.162,Send checkout reminder
12624,641.13,2,355,16.87184210526316,2011-08-25 15:04:00,France,105,subscription_failed,insufficient_funds,1,60,MEDIUM,59.0,641.13,378.26669999999996,Retry payment + reminder
12625,2683.82,2,1612,31.207209302325584,2011-05-12 09:54:00,Germany,211,checkout_abandoned,checkout_abandoned,1,55,MEDIUM,62.0,2683.82,1663.9684,Send checkout reminder
12626,6620.48,9,3453,22.51863945578231,2011-11-16 16:06:00,Germany,22,successful,none,0,10,LOW,89.0,6620.48,5892.227199999999,No action required
12627,4478.53,7,2752,19.47186956521739,2011-11-29 12:07:00,Germany,10,successful,none,0,0,LOW,95.0,4478.53,4254.6035,No action required
12628,786.46,3,448,19.181951219512197,2011-12-05 13:15:00,Germany,3,successful,none,0,0,LOW,95.0,786.46,747.137,No action required
12630,1270.88,2,548,19.8575,2011-11-30 10:48:00,Finland,9,successful,none,0,0,LOW,95.0,1270.88,1207.336,No action required
12631,640.5,1,236,20.661290322580644,2011-10-13 13:53:00,Finland,56,payment_failed,card_expired,1,40,MEDIUM,71.0,640.5,454.755,Send payment recovery link
12633,2163.98,4,1162,21.425544554455445,2011-10-12 11:40:00,Germany,58,payment_failed,card_expired,1,40,MEDIUM,71.0,2163.98,1536.4258,Send payment recovery link
12635,1689.18,2,1172,16.724554455445546,2011-09-11 11:04:00,Germany,89,payment_failed,card_expired,1,40,MEDIUM,71.0,1689.18,1199.3178,Send payment recovery link
12637,6021.9,8,3002,15.440769230769229,2011-10-03 13:46:00,France,66,payment_failed,card_expired,1,50,MEDIUM,65.0,6021.9,3914.235,Send payment recovery link
12638,671.69,1,577,17.222820512820515,2011-11-06 13:11:00,Sweden,32,successful,none,0,0,LOW,95.0,671.69,638.1055,No action required
12639,486.1,1,201,22.095454545454547,2011-04-15 12:48:00,Sweden,238,checkout_abandoned,checkout_abandoned,1,55,MEDIUM,62.0,486.1,301.382,Send checkout reminder
12640,1174.58,3,311,22.16188679245283,2011-11-16 11:52:00,France,23,successful,none,0,0,LOW,95.0,1174.58,1115.8509999999999,No action required
12641,185.9,1,72,18.59,2011-08-16 13:26:00,Sweden,114,subscription_failed,insufficient_funds,1,60,MEDIUM,59.0,185.9,109.681,Retry payment + reminder
12642,1013.26,3,552,21.558723404255318,2011-11-14 15:03:00,Germany,24,successful,none,0,0,LOW,95.0,1013.26,962.597,No action required
12643,3344.64,6,1808,139.35999999999999,2011-08-03 12:56:00,France,127,subscription_failed,insufficient_funds,1,60,MEDIUM,59.0,3344.64,1973.3375999999998,Retry payment + reminder
12644,477.91,1,325,15.416451612903227,2011-08-02 10:33:00,Germany,129,subscription_failed,insufficient_funds,1,60,MEDIUM,59.0,477.91,281.9669,Retry payment + reminder
12645,1775.18,4,1084,24.31753424657534,2011-11-06 12:38:00,Germany,33,successful,none,0,0,LOW,95.0,1775.18,1686.421,No action required
12646,1346.97,2,897,29.932666666666666,2011-12-05 10:14:00,USA,4,successful,none,0,0,LOW,95.0,1346.97,1279.6215000000002,No action required
12647,3722.82,12,1431,30.76710743801653,2011-11-17 12:56:00,Germany,21,successful,none,0,0,LOW,95.0,3722.82,3536.679,No action required
12648,318.05,1,160,15.145238095238096,2011-07-08 11:55:00,Germany,154,subscription_failed,insufficient_funds,1,60,MEDIUM,59.0,318.05,187.64950000000002,Retry payment + reminder
12649,623.51,3,586,20.113225806451613,2011-08-24 14:41:00,Germany,106,subscription_failed,insufficient_funds,1,60,MEDIUM,59.0,623.51,367.87089999999995,Retry payment + reminder
12650,314.44,1,254,15.722,2011-12-06 16:34:00,France,2,successful,none,0,0,LOW,95.0,314.44,298.718,No action required
12651,114.0,1,78,12.666666666666666,2011-01-09 12:46:00,France,334,checkout_abandoned,checkout_abandoned,1,55,MEDIUM,62.0,114.0,70.68,Send checkout reminder
12652,919.98,1,505,19.16625,2011-01-12 15:00:00,France,330,checkout_abandoned,checkout_abandoned,1,55,MEDIUM,62.0,919.98,570.3876,Send checkout reminder
12653,2209.85,2,919,51.391860465116274,2011-07-14 10:41:00,Israel,148,subscription_failed,insufficient_funds,1,60,MEDIUM,59.0,2209.85,1303.8115,Retry payment + reminder
12654,601.98,5,264,15.841578947368422,2011-11-29 10:10:00,Germany,10,successful,none,0,0,LOW,95.0,601.98,571.881,No action required
12656,4051.17,5,1723,32.152142857142856,2011-11-22 13:42:00,France,16,successful,none,0,0,LOW,95.0,4051.17,3848.6115000000004,No action required
12657,1643.18,4,1044,34.961276595744685,2011-11-28 15:47:00,France,10,successful,none,0,0,LOW,95.0,1643.18,1561.021,No action required
12658,686.05,1,320,19.056944444444444,2011-11-21 10:22:00,Germany,18,successful,none,0,0,LOW,95.0,686.05,651.7475,No action required
12659,91.68,1,105,18.336000000000002,2011-11-10 11:53:00,France,29,successful,none,0,0,LOW,95.0,91.68,87.096,No action required
12660,245.1,1,127,18.853846153846153,2011-11-28 13:26:00,France,10,successful,none,0,0,LOW,95.0,245.1,232.845,No action required
12662,3849.78,11,2058,16.73817391304348,2011-12-09 11:59:00,Germany,0,successful,none,0,0,LOW,95.0,3849.78,3657.291,No action required
12664,4881.88,9,1203,131.94270270270272,2011-12-01 17:07:00,Finland,7,successful,none,0,0,LOW,95.0,4881.88,4637.786,No action required
12665,63.0,1,37,21.0,2011-01-19 08:34:00,Germany,324,checkout_abandoned,checkout_abandoned,1,55,MEDIUM,62.0,63.0,39.06,Send checkout reminder
12667,620.13,1,395,18.791818181818183,2011-10-12 17:00:00,Finland,57,payment_failed,card_expired,1,40,MEDIUM,71.0,620.13,440.2923,Send payment recovery link
12668,3807.15,4,1634,23.64689440993789,2011-11-28 10:56:00,Germany,11,successful,none,0,0,LOW,95.0,3807.15,3616.7925,No action required
12669,2744.0299999999997,3,1115,27.168613861386135,2011-07-12 09:54:00,France,150,subscription_failed,insufficient_funds,1,60,MEDIUM,59.0,2744.0299999999997,1618.9777,Retry payment + reminder
12670,2996.05,5,1397,32.56576086956522,2011-11-29 15:23:00,France,9,successful,none,0,0,LOW,95.0,2996.05,2846.2475,No action required
12672,225.89999999999998,1,78,22.589999999999996,2011-01-14 09:20:00,France,329,checkout_abandoned,checkout_abandoned,1,55,MEDIUM,62.0,225.89999999999998,140.058,Send checkout reminder
12673,610.52,2,351,14.536190476190475,2011-12-04 13:55:00,Germany,4,successful,none,0,0,LOW,95.0,610.52,579.994,No action required
12674,1970.6,4,1133,23.742168674698792,2011-11-01 12:12:00,France,38,successful,none,0,0,LOW,95.0,1970.6,1872.07,No action required
12676,1331.39,6,670,29.586444444444446,2011-11-15 12:25:00,Sweden,24,successful,none,0,0,LOW,95.0,1331.39,1264.8205,No action required
12678,17628.46,12,10923,106.83915151515151,2011-10-28 13:04:00,France,41,successful,none,0,10,LOW,89.0,17628.46,15689.329399999999,No action required
12679,1113.02,4,554,23.187916666666666,2011-10-12 12:30:00,France,58,payment_failed,card_expired,1,40,MEDIUM,71.0,1113.02,790.2442,Send payment recovery link
12680,862.81,4,443,16.592499999999998,2011-12-09 12:50:00,France,0,successful,none,0,0,LOW,95.0,862.81,819.6695,No action required
12681,13787.54,22,7536,21.610564263322885,2011-11-25 11:33:00,France,14,successful,none,0,10,LOW,89.0,13787.54,12270.910600000001,No action required
12682,12288.22,31,5575,23.406133333333333,2011-12-06 10:00:00,France,3,successful,none,0,10,LOW,89.0,12288.22,10936.5158,No action required
12683,8476.57,15,4987,24.641191860465117,2011-12-05 16:31:00,France,3,successful,none,0,10,LOW,89.0,8476.57,7544.1473,No action required
12684,2283.63,7,1985,21.748857142857144,2011-12-02 09:53:00,France,7,successful,none,0,0,LOW,95.0,2283.63,2169.4485,No action required
12685,2863.08,6,1523,18.236178343949042,2011-11-11 13:46:00,France,27,successful,none,0,0,LOW,95.0,2863.08,2719.926,No action required
12686,89.14,1,107,12.734285714285715,2010-12-03 09:51:00,France,371,checkout_abandoned,checkout_abandoned,1,55,MEDIUM,62.0,89.14,55.2668,Send checkout reminder
12688,4873.8099999999995,1,3028,28.501812865497072,2011-08-18 08:49:00,Israel,113,subscription_failed,insufficient_funds,1,60,MEDIUM,59.0,4873.8099999999995,2875.5478999999996,Retry payment + reminder
12689,1247.61,2,628,17.327916666666667,2011-11-14 08:31:00,France,25,successful,none,0,0,LOW,95.0,1247.61,1185.2295,No action required
12690,389.01,1,106,24.313125,2011-05-18 09:09:00,France,205,checkout_abandoned,checkout_abandoned,1,55,MEDIUM,62.0,389.01,241.18619999999999,Send checkout reminder
12691,1035.8,6,394,32.36875,2011-11-11 16:49:00,France,27,successful,none,0,0,LOW,95.0,1035.8,984.01,No action required
12693,855.91,4,255,21.946410256410257,2011-08-04 17:51:00,Germany,126,subscription_failed,insufficient_funds,1,60,MEDIUM,59.0,855.91,504.98689999999993,Retry payment + reminder
12694,869.67,2,509,23.504594594594593,2011-09-30 13:06:00,France,69,payment_failed,card_expired,1,40,MEDIUM,71.0,869.67,617.4657,Send payment recovery link
12695,582.1,4,220,21.55925925925926,2011-12-02 13:22:00,France,6,successful,none,0,0,LOW,95.0,582.1,552.995,No action required
12697,957.59,3,508,23.355853658536585,2011-11-11 08:47:00,Sweden,28,successful,none,0,0,LOW,95.0,957.59,909.7105,No action required
12700,4939.99,4,2967,18.432798507462685,2011-12-02 10:47:00,France,7,successful,none,0,0,LOW,95.0,4939.99,4692.9905,No action required
12701,797.71,2,678,15.051132075471699,2011-09-21 10:47:00,Germany,79,payment_failed,card_expired,1,40,MEDIUM,71.0,797.71,566.3741,Send payment recovery link
12702,219.0,1,53,18.25,2011-11-20 10:36:00,Germany,19,successful,none,0,0,LOW,95.0,219.0,208.05,No action required
12703,283.55,1,164,13.502380952380953,2011-09-29 17:52:00,Germany,70,payment_failed,card_expired,1,40,MEDIUM,71.0,283.55,201.32049999999998,Send payment recovery link
12704,2340.84,8,1006,26.600454545454546,2011-12-02 13:15:00,Finland,6,successful,none,0,0,LOW,95.0,2340.84,2223.7980000000002,No action required
12705,6868.29,9,3997,20.56374251497006,2011-11-24 13:17:00,Germany,14,successful,none,0,10,LOW,89.0,6868.29,6112.7780999999995,No action required
12707,603.42,1,256,18.285454545454545,2011-02-21 08:38:00,France,291,checkout_abandoned,checkout_abandoned,1,55,MEDIUM,62.0,603.42,374.1204,Send checkout reminder
12708,2712.91,10,1307,17.27968152866242,2011-11-10 09:52:00,Germany,29,successful,none,0,0,LOW,95.0,2712.91,2577.2644999999998,No action required
12709,9736.52,15,3936,46.81019230769231,2011-11-24 15:38:00,Germany,14,successful,none,0,10,LOW,89.0,9736.52,8665.5028,No action required
12710,1149.02,3,851,14.922337662337663,2011-09-04 12:00:00,Germany,96,subscription_failed,insufficient_funds,1,60,MEDIUM,59.0,1149.02,677.9218,Retry payment + reminder
12712,4396.13,13,1062,33.053609022556394,2011-11-11 08:19:00,Germany,28,successful,none,0,0,LOW,95.0,4396.13,4176.3235,No action required
12713,848.55,1,508,22.330263157894734,2011-12-09 12:16:00,Germany,0,successful,none,0,0,LOW,95.0,848.55,806.1225,No action required
12714,4708.86,5,3069,18.18092664092664,2011-11-30 15:43:00,France,8,successful,none,0,0,LOW,95.0,4708.86,4473.4169999999995,No action required
12715,353.86,1,197,16.85047619047619,2011-08-25 15:22:00,Sweden,105,subscription_failed,insufficient_funds,1,60,MEDIUM,59.0,353.86,208.77740000000003,Retry payment + reminder
12716,1053.49,2,708,15.267971014492753,2011-12-06 08:55:00,France,3,successful,none,0,0,LOW,95.0,1053.49,1000.8155,No action required
12717,1030.98,2,506,18.74509090909091,2011-07-11 14:47:00,Greece,150,subscription_failed,insufficient_funds,1,60,MEDIUM,59.0,1030.98,608.2782,Retry payment + reminder
12718,238.25,1,203,12.539473684210526,2011-09-29 16:38:00,France,70,payment_failed,card_expired,1,40,MEDIUM,71.0,238.25,169.1575,Send payment recovery link
12719,644.95,2,374,16.53717948717949,2011-12-04 13:45:00,France,4,successful,none,0,0,LOW,95.0,644.95,612.7025000000001,No action required
12720,5781.73,25,4672,16.332570621468925,2011-12-07 08:03:00,Germany,2,successful,none,0,10,LOW,89.0,5781.73,5145.7397,No action required
12721,2656.13,6,1959,16.497701863354038,2011-11-08 12:13:00,France,31,successful,none,0,0,LOW,95.0,2656.13,2523.3235,No action required
12722,997.63,4,566,18.82320754716981,2011-09-15 14:50:00,France,84,payment_failed,card_expired,1,40,MEDIUM,71.0,997.63,708.3172999999999,Send payment recovery link
12723,725.07,5,434,10.508260869565218,2011-12-06 10:19:00,France,3,successful,none,0,0,LOW,95.0,725.07,688.8165000000001,No action required
12724,1031.41,4,445,19.460566037735852,2011-12-04 16:02:00,France,4,successful,none,0,0,LOW,95.0,1031.41,979.8395000000002,No action required
12725,427.8,1,164,17.825,2010-12-03 15:45:00,Italy,370,checkout_abandoned,checkout_abandoned,1,55,MEDIUM,62.0,427.8,265.23600000000005,Send checkout reminder
12726,2609.1,7,3143,21.041129032258063,2011-11-11 13:35:00,France,27,successful,none,0,0,LOW,95.0,2609.1,2478.645,No action required
12727,3980.7,7,2098,28.638129496402875,2011-11-29 11:46:00,France,10,successful,none,0,0,LOW,95.0,3980.7,3781.665,No action required
12728,836.33,4,419,18.18108695652174,2011-09-29 15:31:00,France,70,payment_failed,card_expired,1,40,MEDIUM,71.0,836.33,593.7943,Send payment recovery link
12729,453.01,1,233,17.423461538461538,2011-08-18 11:40:00,France,113,subscription_failed,insufficient_funds,1,60,MEDIUM,59.0,453.01,267.2759,Retry payment + reminder
12731,18895.91,12,8437,68.96317518248175,2011-11-16 11:59:00,France,23,successful,none,0,10,LOW,89.0,18895.91,16817.3599,No action required
12732,236.26000000000002,1,111,19.688333333333336,2011-06-13 11:33:00,France,179,subscription_failed,insufficient_funds,1,60,MEDIUM,59.0,236.26000000000002,139.3934,Retry payment + reminder
12733,383.95,1,137,17.452272727272728,2011-04-19 16:19:00,USA,233,checkout_abandoned,checkout_abandoned,1,55,MEDIUM,62.0,383.95,238.04899999999998,Send checkout reminder
12734,110.39999999999999,1,88,27.599999999999998,2010-12-22 12:47:00,France,352,checkout_abandoned,checkout_abandoned,1,55,MEDIUM,62.0,110.39999999999999,68.448,Send checkout reminder
12735,779.5699999999999,2,368,18.12953488372093,2011-01-28 13:37:00,France,314,checkout_abandoned,checkout_abandoned,1,55,MEDIUM,62.0,779.5699999999999,483.3334,Send checkout reminder
12736,234.0,1,173,58.5,2011-01-11 07:57:00,France,332,checkout_abandoned,checkout_abandoned,1,55,MEDIUM,62.0,234.0,145.08,Send checkout reminder
12738,155.35,1,148,14.122727272727273,2010-12-02 18:27:00,Germany,371,checkout_abandoned,checkout_abandoned,1,55,MEDIUM,62.0,155.35,96.317,Send checkout reminder
12739,1013.04,2,486,26.658947368421053,2011-09-22 13:00:00,United Arab Emirates,77,payment_failed,card_expired,1,40,MEDIUM,71.0,1013.04,719.2583999999999,Send payment recovery link
12740,427.6,1,342,15.837037037037037,2011-10-07 10:44:00,France,63,payment_failed,card_expired,1,40,MEDIUM,71.0,427.6,303.596,Send payment recovery link
12743,546.43,2,319,4.077835820895522,2011-07-28 16:21:00,Unspecified,133,subscription_failed,insufficient_funds,1,60,MEDIUM,59.0,546.43,322.39369999999997,Retry payment + reminder
12744,21279.29,7,5241,95.85265765765766,2011-10-19 11:18:00,Singapore,51,payment_failed,card_expired,1,50,MEDIUM,65.0,21279.29,13831.5385,Send payment recovery link
12747,4196.01,11,1275,40.737961165048546,2011-12-07 14:34:00,United Kingdom,1,successful,none,0,0,LOW,95.0,4196.01,3986.2095,No action required
12748,33719.73,209,25747,7.338352557127313,2011-12-09 12:20:00,United Kingdom,0,successful,none,0,10,LOW,89.0,33719.73,30010.5597,No action required
12749,4090.88,5,1471,20.55718592964824,2011-12-06 09:56:00,United Kingdom,3,successful,none,0,0,LOW,95.0,4090.88,3886.3360000000002,No action required
12750,275.88,1,137,18.392,2011-08-03 09:13:00,Poland,128,subscription_failed,insufficient_funds,1,60,MEDIUM,59.0,275.88,162.7692,Retry payment + reminder
12752,4366.78,1,2262,82.3920754716981,2011-09-19 13:32:00,Norway,80,payment_failed,card_expired,1,40,MEDIUM,71.0,4366.78,3100.4138000000003,Send payment recovery link
12753,21429.39,6,11421,108.77862944162436,2011-11-17 10:52:00,Japan,22,successful,none,0,10,LOW,89.0,21429.39,19072.1571,No action required
12754,3010.74,3,6481,47.78952380952381,2011-04-18 09:00:00,Japan,235,checkout_abandoned,checkout_abandoned,1,55,MEDIUM,62.0,3010.74,1866.6587999999997,Send checkout reminder
12755,3811.95,2,1491,952.9875,2011-03-04 12:42:00,Japan,280,checkout_abandoned,checkout_abandoned,1,55,MEDIUM,62.0,3811.95,2363.409,Send checkout reminder
12756,112.07999999999998,1,144,28.019999999999996,2011-09-14 09:31:00,Japan,86,payment_failed,card_expired,1,40,MEDIUM,71.0,112.07999999999998,79.57679999999999,Send payment recovery link
12757,7857.1,13,2402,21.178167115902966,2011-11-24 12:30:00,Portugal,15,successful,none,0,10,LOW,89.0,7857.1,6992.819,No action required
12758,2791.59,2,2135,28.779278350515465,2011-08-15 10:22:00,Portugal,116,subscription_failed,insufficient_funds,1,60,MEDIUM,59.0,2791.59,1647.0381,Retry payment + reminder
12759,1531.44,3,902,16.12042105263158,2011-10-18 14:49:00,Netherlands,51,payment_failed,card_expired,1,40,MEDIUM,71.0,1531.44,1087.3224,Send payment recovery link
12762,1898.52,2,1227,27.51478260869565,2011-12-02 10:23:00,Portugal,7,successful,none,0,0,LOW,95.0,1898.52,1803.594,No action required
12763,494.08,2,316,27.448888888888888,2011-07-24 14:12:00,Japan,137,subscription_failed,insufficient_funds,1,60,MEDIUM,59.0,494.08,291.50719999999995,Retry payment + reminder
12764,1693.88,1,386,37.64177777777778,2011-01-27 10:19:00,Lebanon,316,checkout_abandoned,checkout_abandoned,1,55,MEDIUM,62.0,1693.88,1050.2056000000002,Send checkout reminder
12766,6989.63,7,3646,22.547193548387096,2011-12-06 08:46:00,Portugal,3,successful,none,0,10,LOW,89.0,6989.63,6220.770700000001,No action required
12769,1143.6,1,356,35.7375,2011-04-15 10:25:00,Brazil,238,checkout_abandoned,checkout_abandoned,1,55,MEDIUM,62.0,1143.6,709.0319999999999,Send checkout reminder
12770,1351.45,1,743,112.62083333333334,2011-05-13 09:33:00,Japan,210,checkout_abandoned,checkout_abandoned,1,55,MEDIUM,62.0,1351.45,837.8990000000001,Send checkout reminder
12772,892.47,1,556,16.226727272727274,2011-10-11 09:19:00,Portugal,59,payment_failed,card_expired,1,40,MEDIUM,71.0,892.47,633.6537000000001,Send payment recovery link
12775,1386.04,5,877,21.00060606060606,2011-11-22 16:33:00,Netherlands,16,successful,none,0,0,LOW,95.0,1386.04,1316.7379999999998,No action required
12778,822.23,6,825,16.4446,2011-11-20 11:30:00,Netherlands,19,successful,none,0,0,LOW,95.0,822.23,781.1185,No action required
12779,3981.36,8,2024,26.72053691275168,2011-11-02 11:43:00,Poland,37,successful,none,0,0,LOW,95.0,3981.36,3782.292,No action required
12781,826.74,2,671,33.0696,2011-10-07 10:37:00,Czech Republic,63,payment_failed,card_expired,1,40,MEDIUM,71.0,826.74,586.9854,Send payment recovery link
12782,2330.92,5,1086,22.630291262135923,2011-12-05 09:16:00,Portugal,4,successful,none,0,0,LOW,95.0,2330.92,2214.374,No action required
12783,2225.91,6,624,26.49892857142857,2011-12-07 15:56:00,Portugal,1,successful,none,0,0,LOW,95.0,2225.91,2114.6144999999997,No action required
12784,574.42,2,300,9.73593220338983,2011-11-30 15:38:00,Portugal,8,successful,none,0,0,LOW,95.0,574.42,545.699,No action required
12785,311.95,1,131,22.282142857142855,2010-12-10 13:48:00,Portugal,363,checkout_abandoned,checkout_abandoned,1,55,MEDIUM,62.0,311.95,193.409,Send checkout reminder
12787,463.66,3,261,23.183,2011-11-30 08:44:00,Netherlands,9,successful,none,0,0,LOW,95.0,463.66,440.47700000000003,No action required
12789,91.85,1,4,22.9625,2011-10-05 13:34:00,Netherlands,64,payment_failed,card_expired,1,40,MEDIUM,71.0,91.85,65.2135,Send payment recovery link
12790,324.92,1,166,15.472380952380954,2011-05-31 14:14:00,Netherlands,191,checkout_abandoned,checkout_abandoned,1,55,MEDIUM,62.0,324.92,201.4504,Send checkout reminder
12791,192.60000000000002,1,97,96.30000000000001,2010-12-01 11:27:00,Netherlands,373,checkout_abandoned,checkout_abandoned,1,55,MEDIUM,62.0,192.60000000000002,119.412,Send checkout reminder
12792,400.53999999999996,1,217,16.0216,2011-03-28 11:36:00,Portugal,256,checkout_abandoned,checkout_abandoned,1,55,MEDIUM,62.0,400.53999999999996,248.33479999999997,Send checkout reminder
12793,545.48,2,295,22.728333333333335,2011-01-09 12:12:00,Portugal,334,checkout_abandoned,checkout_abandoned,1,55,MEDIUM,62.0,545.48,338.1976,Send checkout reminder
12794,860.41,2,592,19.12022222222222,2011-10-17 14:54:00,Portugal,52,payment_failed,card_expired,1,40,MEDIUM,71.0,860.41,610.8911,Send payment recovery link
12795,430.48,1,68,30.74857142857143,2011-11-21 10:27:00,Portugal,18,successful,none,0,0,LOW,95.0,430.48,408.95599999999996,No action required
12797,254.03,1,118,19.540769230769232,2010-12-09 10:55:00,Portugal,365,checkout_abandoned,checkout_abandoned,1,55,MEDIUM,62.0,254.03,157.4986,Send checkout reminder
12798,6977.04,3,5256,872.13,2011-11-29 15:52:00,Japan,9,successful,none,0,10,LOW,89.0,6977.04,6209.565599999999,No action required
12802,427.58,1,314,17.1032,2011-06-06 09:36:00,Netherlands,186,checkout_abandoned,checkout_abandoned,1,55,MEDIUM,62.0,427.58,265.0996,Send checkout reminder
12808,483.65000000000003,3,188,17.273214285714285,2011-11-03 10:05:00,Portugal,36,successful,none,0,0,LOW,95.0,483.65000000000003,459.4675,No action required
12809,489.31,1,220,19.572400000000002,2011-06-15 10:51:00,Portugal,177,subscription_failed,insufficient_funds,1,60,MEDIUM,59.0,489.31,288.6929,Retry payment + reminder
12811,514.85,3,230,16.608064516129033,2011-03-24 09:42:00,Portugal,260,checkout_abandoned,checkout_abandoned,1,55,MEDIUM,62.0,514.85,319.207,Send checkout reminder
12812,229.64000000000001,1,164,15.309333333333335,2011-10-26 09:54:00,Japan,44,successful,none,0,0,LOW,95.0,229.64000000000001,218.15800000000002,No action required
12814,125.92,1,49,62.96,2011-08-30 12:11:00,Poland,101,subscription_failed,insufficient_funds,1,60,MEDIUM,59.0,125.92,74.2928,Retry payment + reminder
12815,1063.46,2,379,22.6268085106383,2011-07-15 10:21:00,Poland,147,subscription_failed,insufficient_funds,1,60,MEDIUM,59.0,1063.46,627.4414,Retry payment + reminder
12816,572.2,2,128,19.731034482758623,2011-09-05 12:41:00,Poland,95,subscription_failed,insufficient_funds,1,60,MEDIUM,59.0,572.2,337.598,Retry payment + reminder
12817,166.04,1,53,41.51,2011-03-03 16:28:00,Austria,280,checkout_abandoned,checkout_abandoned,1,55,MEDIUM,62.0,166.04,102.9448,Send checkout reminder
12818,1542.08,1,929,110.14857142857143,2011-03-23 12:06:00,Austria,261,checkout_abandoned,checkout_abandoned,1,55,MEDIUM,62.0,1542.08,956.0895999999999,Send checkout reminder
12820,942.34,4,722,15.97186440677966,2011-12-06 15:12:00,United Kingdom,2,successful,none,0,0,LOW,95.0,942.34,895.2230000000001,No action required
12821,92.72,1,70,15.453333333333333,2011-05-09 15:51:00,United Kingdom,213,checkout_abandoned,checkout_abandoned,1,55,MEDIUM,62.0,92.72,57.4864,Send checkout reminder
12822,948.88,2,550,20.62782608695652,2011-09-30 10:04:00,United Kingdom,70,payment_failed,card_expired,1,40,MEDIUM,71.0,948.88,673.7048,Send payment recovery link
12823,1759.5,5,230,351.9,2011-09-26 07:35:00,United Kingdom,74,payment_failed,card_expired,1,40,MEDIUM,71.0,1759.5,1249.245,Send payment recovery link
12824,397.12,1,232,15.8848,2011-10-11 12:49:00,United Kingdom,59,payment_failed,card_expired,1,40,MEDIUM,71.0,397.12,281.9552,Send payment recovery link
12826,1474.72,7,1058,16.205714285714286,2011-12-07 10:25:00,United Kingdom,2,successful,none,0,0,LOW,95.0,1474.72,1400.984,No action required
12827,430.15000000000003,3,197,17.206000000000003,2011-12-04 12:17:00,United Kingdom,5,successful,none,0,0,LOW,95.0,430.15000000000003,408.6425,No action required
12828,1018.71,6,494,18.19125,2011-12-07 08:45:00,United Kingdom,2,successful,none,0,0,LOW,95.0,1018.71,967.7745,No action required
12829,293.0,2,376,26.636363636363637,2011-01-07 11:13:00,United Kingdom,336,checkout_abandoned,checkout_abandoned,1,55,MEDIUM,62.0,293.0,181.66,Send checkout reminder
12830,6814.64,6,9848,179.33263157894737,2011-11-02 11:54:00,United Kingdom,37,successful,none,0,10,LOW,89.0,6814.64,6065.029600000001,No action required
12831,215.05,1,135,23.894444444444446,2011-03-22 13:02:00,United Kingdom,261,checkout_abandoned,checkout_abandoned,1,55,MEDIUM,62.0,215.05,133.33100000000002,Send checkout reminder
12832,383.03,2,195,14.186296296296295,2011-11-07 13:30:00,United Kingdom,31,successful,none,0,0,LOW,95.0,383.03,363.8785,No action required
12833,417.38,1,156,17.390833333333333,2011-07-17 13:46:00,United Kingdom,144,subscription_failed,insufficient_funds,1,60,MEDIUM,59.0,417.38,246.25419999999997,Retry payment + reminder
12834,312.38,1,110,17.354444444444443,2011-03-02 09:49:00,United Kingdom,282,checkout_abandoned,checkout_abandoned,1,55,MEDIUM,62.0,312.38,193.6756,Send checkout reminder
12836,2612.86,4,1064,14.930628571428572,2011-10-11 15:10:00,United Kingdom,58,payment_failed,card_expired,1,40,MEDIUM,71.0,2612.86,1855.1306,Send payment recovery link
12837,134.1,1,24,11.174999999999999,2011-06-19 16:07:00,United Kingdom,172,subscription_failed,insufficient_funds,1,60,MEDIUM,59.0,134.1,79.119,Retry payment + reminder
12838,683.13,2,359,5.55390243902439,2011-11-06 12:20:00,United Kingdom,33,successful,none,0,0,LOW,95.0,683.13,648.9735,No action required
12839,5591.42,14,3807,17.80707006369427,2011-12-07 12:33:00,United Kingdom,2,successful,none,0,10,LOW,89.0,5591.42,4976.3638,No action required
12840,2726.77,4,1511,24.13070796460177,2011-07-19 09:29:00,United Kingdom,143,subscription_failed,insufficient_funds,1,60,MEDIUM,59.0,2726.77,1608.7943,Retry payment + reminder
12841,4022.35,25,2757,9.577023809523808,2011-12-05 11:13:00,United Kingdom,4,successful,none,0,0,LOW,95.0,4022.35,3821.2325,No action required
12842,1118.99,2,547,32.9114705882353,2011-09-30 15:33:00,United Kingdom,69,payment_failed,card_expired,1,40,MEDIUM,71.0,1118.99,794.4829,Send payment recovery link
12843,1702.26,8,781,16.526796116504855,2011-10-05 12:09:00,United Kingdom,65,payment_failed,card_expired,1,40,MEDIUM,71.0,1702.26,1208.6046000000001,Send payment recovery link
12844,325.96000000000004,2,125,6.268461538461539,2011-11-10 13:31:00,United Kingdom,28,successful,none,0,0,LOW,95.0,325.96000000000004,309.66200000000003,No action required
12845,354.09,4,204,13.114444444444443,2011-03-17 13:34:00,United Kingdom,266,checkout_abandoned,checkout_abandoned,1,55,MEDIUM,62.0,354.09,219.5358,Send checkout reminder
12847,871.54,1,909,9.577362637362636,2011-11-17 13:16:00,United Kingdom,21,successful,none,0,0,LOW,95.0,871.54,827.9630000000001,No action required
12849,1050.8899999999999,2,623,20.6056862745098,2011-11-08 13:41:00,United Kingdom,30,successful,none,0,0,LOW,95.0,1050.8899999999999,998.3454999999999,No action required
12851,135.18,1,109,2.7036000000000002,2011-09-04 12:41:00,United Kingdom,96,subscription_failed,insufficient_funds,1,60,MEDIUM,59.0,135.18,79.7562,Retry payment + reminder
12852,311.55,1,149,18.326470588235296,2011-02-18 08:47:00,United Kingdom,294,checkout_abandoned,checkout_abandoned,1,55,MEDIUM,62.0,311.55,193.16100000000003,Send checkout reminder
12853,1957.1000000000001,6,800,25.09102564102564,2011-07-28 11:29:00,United Kingdom,134,subscription_failed,insufficient_funds,1,60,MEDIUM,59.0,1957.1000000000001,1154.689,Retry payment + reminder
12854,1324.5,3,627,12.040909090909091,2011-09-22 12:15:00,United Kingdom,78,payment_failed,card_expired,1,40,MEDIUM,71.0,1324.5,940.395,Send payment recovery link
12855,38.1,1,30,12.700000000000001,2010-12-02 09:37:00,United Kingdom,372,checkout_abandoned,checkout_abandoned,1,55,MEDIUM,62.0,38.1,23.622000000000003,Send checkout reminder
12856,2179.93,6,1079,6.942452229299363,2011-12-02 10:52:00,United Kingdom,7,successful,none,0,0,LOW,95.0,2179.93,2070.9334999999996,No action required
12857,1106.4,2,343,24.05217391304348,2011-05-13 10:20:00,United Kingdom,210,checkout_abandoned,checkout_abandoned,1,55,MEDIUM,62.0,1106.4,685.9680000000001,Send checkout reminder
12863,521.2,1,188,104.24000000000001,2011-10-18 14:15:00,United Kingdom,51,payment_failed,card_expired,1,40,MEDIUM,71.0,521.2,370.052,Send payment recovery link
12864,147.12,1,216,49.04,2011-07-24 13:03:00,United Kingdom,137,subscription_failed,insufficient_funds,1,60,MEDIUM,59.0,147.12,86.8008,Retry payment + reminder
12865,1568.23,2,925,16.507684210526318,2011-11-13 14:31:00,Austria,25,successful,none,0,0,LOW,95.0,1568.23,1489.8185,No action required
12866,559.12,1,171,21.504615384615384,2011-03-01 14:11:00,Belgium,282,checkout_abandoned,checkout_abandoned,1,55,MEDIUM,62.0,559.12,346.6544,Send checkout reminder
12867,4036.82,7,4298,7.503382899628253,2011-11-13 15:30:00,United Kingdom,25,successful,none,0,0,LOW,95.0,4036.82,3834.9790000000003,No action required
12868,1607.0600000000002,6,928,15.0192523364486,2011-06-07 10:42:00,United Kingdom,185,checkout_abandoned,checkout_abandoned,1,55,MEDIUM,62.0,1607.0600000000002,996.3772000000001,Send checkout reminder
12871,380.64,2,200,34.60363636363636,2011-09-16 15:07:00,United Kingdom,83,payment_failed,card_expired,1,40,MEDIUM,71.0,380.64,270.2544,Send payment recovery link
12872,599.97,2,319,9.090454545454547,2011-01-17 10:52:00,United Kingdom,326,checkout_abandoned,checkout_abandoned,1,55,MEDIUM,62.0,599.97,371.9814,Send checkout reminder
12873,374.0,1,128,93.5,2011-03-02 14:58:00,United Kingdom,281,checkout_abandoned,checkout_abandoned,1,55,MEDIUM,62.0,374.0,231.88,Send checkout reminder
12875,343.2300000000001,2,2019,171.61500000000004,2011-07-19 15:30:00,United Kingdom,142,subscription_failed,insufficient_funds,1,60,MEDIUM,59.0,343.2300000000001,202.50570000000005,Retry payment + reminder
12876,2218.02,2,1941,26.09435294117647,2011-10-13 12:26:00,Belgium,57,payment_failed,card_expired,1,40,MEDIUM,71.0,2218.02,1574.7942,Send payment recovery link
12877,1535.77,12,1178,9.972532467532467,2011-12-06 10:30:00,United Kingdom,3,successful,none,0,0,LOW,95.0,1535.77,1458.9814999999999,No action required
12878,854.99,2,547,18.191276595744682,2011-04-17 13:07:00,United Kingdom,235,checkout_abandoned,checkout_abandoned,1,55,MEDIUM,62.0,854.99,530.0938,Send checkout reminder
12879,573.22,3,370,57.322,2011-10-26 12:24:00,United Kingdom,44,successful,none,0,0,LOW,95.0,573.22,544.559,No action required
12881,298.0,1,21,42.57142857142857,2011-03-09 11:44:00,United Kingdom,275,checkout_abandoned,checkout_abandoned,1,55,MEDIUM,62.0,298.0,184.76,Send checkout reminder
12882,1463.04,2,246,112.54153846153847,2011-11-30 16:18:00,United Kingdom,8,successful,none,0,0,LOW,95.0,1463.04,1389.888,No action required
12883,703.47,4,196,16.749285714285715,2011-11-15 09:32:00,United Kingdom,24,successful,none,0,0,LOW,95.0,703.47,668.2965,No action required
12884,309.05,1,43,44.15,2011-09-12 13:10:00,United Kingdom,87,payment_failed,card_expired,1,40,MEDIUM,71.0,309.05,219.4255,Send payment recovery link
12885,1175.22,3,655,16.552394366197184,2011-10-07 13:40:00,United Kingdom,62,payment_failed,card_expired,1,40,MEDIUM,71.0,1175.22,834.4061999999999,Send payment recovery link
12886,1378.4,2,770,16.809756097560978,2011-10-03 10:09:00,United Kingdom,67,payment_failed,card_expired,1,40,MEDIUM,71.0,1378.4,978.6640000000001,Send payment recovery link
12888,354.12,2,76,70.824,2011-05-09 16:02:00,United Kingdom,213,checkout_abandoned,checkout_abandoned,1,55,MEDIUM,62.0,354.12,219.5544,Send checkout reminder
12890,380.46999999999997,1,259,4.639878048780488,2011-11-15 17:26:00,United Kingdom,23,successful,none,0,0,LOW,95.0,380.46999999999997,361.44649999999996,No action required
12891,331.0,3,950,110.33333333333333,2011-06-07 12:31:00,United Kingdom,185,checkout_abandoned,checkout_abandoned,1,55,MEDIUM,62.0,331.0,205.22,Send checkout reminder
12893,188.14,1,96,5.533529411764706,2011-11-09 12:34:00,United Kingdom,30,successful,none,0,0,LOW,95.0,188.14,178.733,No action required
12895,372.8,2,210,16.945454545454545,2011-10-28 13:51:00,United Kingdom,41,successful,none,0,0,LOW,95.0,372.8,354.16,No action required
12897,216.5,2,110,54.125,2011-05-19 12:13:00,United Kingdom,204,checkout_abandoned,checkout_abandoned,1,55,MEDIUM,62.0,216.5,134.23,Send checkout reminder
12901,17654.54,28,23075,152.19431034482758,2011-12-01 10:07:00,United Kingdom,8,successful,none,0,10,LOW,89.0,17654.54,15712.5406,No action required
12902,138.68,1,66,13.868,2011-03-20 12:06:00,United Kingdom,264,checkout_abandoned,checkout_abandoned,1,55,MEDIUM,62.0,138.68,85.9816,Send checkout reminder
12904,509.58,2,302,7.0775,2011-11-21 14:34:00,United Kingdom,17,successful,none,0,0,LOW,95.0,509.58,484.101,No action required
12906,2919.81,5,1749,46.34619047619047,2011-11-28 09:55:00,United Kingdom,11,successful,none,0,0,LOW,95.0,2919.81,2773.8195,No action required
12908,750.0,2,1200,375.0,2011-06-16 15:39:00,United Kingdom,175,subscription_failed,insufficient_funds,1,60,MEDIUM,59.0,750.0,442.5,Retry payment + reminder
12909,2178.67,5,1280,23.941428571428574,2011-10-31 12:43:00,United Kingdom,39,successful,none,0,0,LOW,95.0,2178.67,2069.7365,No action required
12910,3075.04,8,1692,41.00053333333333,2011-11-16 14:28:00,United Kingdom,22,successful,none,0,0,LOW,95.0,3075.04,2921.288,No action required
12912,1662.3,5,670,69.2625,2011-12-07 08:55:00,United Kingdom,2,successful,none,0,0,LOW,95.0,1662.3,1579.185,No action required
12913,2483.63,5,1419,49.6726,2011-12-05 12:11:00,United Kingdom,4,successful,none,0,0,LOW,95.0,2483.63,2359.4485,No action required
12915,363.65,2,93,16.529545454545453,2011-07-14 11:34:00,United Kingdom,148,subscription_failed,insufficient_funds,1,60,MEDIUM,59.0,363.65,214.55349999999999,Retry payment + reminder
12916,3006.15,4,1119,28.094859813084113,2011-07-24 10:35:00,United Kingdom,138,subscription_failed,insufficient_funds,1,60,MEDIUM,59.0,3006.15,1773.6285,Retry payment + reminder
12917,594.0,1,120,297.0,2011-08-03 16:42:00,United Kingdom,127,subscription_failed,insufficient_funds,1,60,MEDIUM,59.0,594.0,350.46,Retry payment + reminder
12919,1335.19,6,673,26.7038,2011-12-01 13:47:00,United Kingdom,7,successful,none,0,0,LOW,95.0,1335.19,1268.4305,No action required
12920,164.23,1,129,5.8653571428571425,2011-11-22 15:05:00,United Kingdom,16,successful,none,0,0,LOW,95.0,164.23,156.0185,No action required
12921,16587.09,37,9526,23.037625,2011-11-30 16:22:00,United Kingdom,8,successful,none,0,10,LOW,89.0,16587.09,14762.5101,No action required
12922,405.38,1,370,14.477857142857143,2011-07-01 15:35:00,United Kingdom,160,subscription_failed,insufficient_funds,1,60,MEDIUM,59.0,405.38,239.17419999999998,Retry payment + reminder
12923,176.97,1,69,6.102413793103448,2011-10-06 16:20:00,United Kingdom,63,payment_failed,card_expired,1,40,MEDIUM,71.0,176.97,125.6487,Send payment recovery link
12924,933.7,4,481,31.123333333333335,2011-09-12 13:55:00,United Kingdom,87,payment_failed,card_expired,1,40,MEDIUM,71.0,933.7,662.927,Send payment recovery link
12925,694.05,2,541,15.423333333333332,2011-12-05 11:11:00,United Kingdom,4,successful,none,0,0,LOW,95.0,694.05,659.3475,No action required
12928,2062.7000000000003,5,1472,24.555952380952384,2011-11-04 14:24:00,United Kingdom,34,successful,none,0,0,LOW,95.0,2062.7000000000003,1959.5650000000003,No action required
12929,117.85,1,37,14.73125,2011-02-01 12:08:00,United Kingdom,311,checkout_abandoned,checkout_abandoned,1,55,MEDIUM,62.0,117.85,73.067,Send checkout reminder
12930,415.8,2,252,16.632,2011-09-22 15:18:00,United Kingdom,77,payment_failed,card_expired,1,40,MEDIUM,71.0,415.8,295.218,Send payment recovery link
12931,42055.96,15,28004,512.8775609756098,2011-11-18 12:39:00,United Kingdom,21,successful,none,0,10,LOW,89.0,42055.96,37429.8044,No action required
12933,607.53,3,499,5.7314150943396225,2011-11-15 16:38:00,United Kingdom,23,successful,none,0,0,LOW,95.0,607.53,577.1535,No action required
12935,2160.7,7,1853,16.749612403100773,2011-12-07 17:25:00,United Kingdom,1,successful,none,0,0,LOW,95.0,2160.7,2052.6649999999995,No action required
12936,1063.9,4,559,17.15967741935484,2011-11-22 17:32:00,United Kingdom,16,successful,none,0,0,LOW,95.0,1063.9,1010.7050000000002,No action required
12937,1504.27,4,1007,12.535583333333333,2011-11-24 15:05:00,United Kingdom,14,successful,none,0,0,LOW,95.0,1504.27,1429.0565,No action required
12938,114.14,1,140,12.682222222222222,2011-11-14 11:21:00,United Kingdom,25,successful,none,0,0,LOW,95.0,114.14,108.43299999999999,No action required
12939,11581.8,8,4876,246.42127659574467,2011-10-06 14:33:00,United Kingdom,63,payment_failed,card_expired,1,50,MEDIUM,65.0,11581.8,7528.17,Send payment recovery link
12940,913.54,2,411,9.227676767676767,2011-10-16 12:09:00,United Kingdom,54,payment_failed,card_expired,1,40,MEDIUM,71.0,913.54,648.6134,Send payment recovery link
12942,683.9,3,203,9.118666666666666,2011-07-31 14:39:00,United Kingdom,130,subscription_failed,insufficient_funds,1,60,MEDIUM,59.0,683.9,403.501,Retry payment + reminder
12944,604.51,2,289,20.150333333333332,2011-11-04 11:04:00,United Kingdom,35,successful,none,0,0,LOW,95.0,604.51,574.2845,No action required
12945,462.95,1,165,20.128260869565217,2011-02-24 14:15:00,United Kingdom,287,checkout_abandoned,checkout_abandoned,1,55,MEDIUM,62.0,462.95,287.029,Send checkout reminder
12947,1603.99,6,1165,16.535979381443298,2011-07-19 10:06:00,United Kingdom,143,subscription_failed,insufficient_funds,1,60,MEDIUM,59.0,1603.99,946.3541,Retry payment + reminder
12948,2064.95,7,1080,17.801293103448273,2011-11-23 17:10:00,United Kingdom,15,successful,none,0,0,LOW,95.0,2064.95,1961.7024999999996,No action required
12949,4167.22,8,2381,19.382418604651164,2011-11-09 11:25:00,United Kingdom,30,successful,none,0,0,LOW,95.0,4167.22,3958.8590000000004,No action required
12950,1843.0,3,1380,80.1304347826087,2011-12-07 13:17:00,United Kingdom,1,successful,none,0,0,LOW,95.0,1843.0,1750.85,No action required
12951,1064.07,6,503,16.89,2011-12-01 12:14:00,United Kingdom,8,successful,none,0,0,LOW,95.0,1064.07,1010.8665,No action required
12952,1387.79,4,653,17.566962025316457,2011-12-04 10:35:00,United Kingdom,5,successful,none,0,0,LOW,95.0,1387.79,1318.4005,No action required
12953,329.85,1,84,19.40294117647059,2011-11-30 09:24:00,United Kingdom,9,successful,none,0,0,LOW,95.0,329.85,313.3575,No action required
12955,4757.16,11,3664,26.428666666666665,2011-12-08 16:29:00,United Kingdom,0,successful,none,0,0,LOW,95.0,4757.16,4519.302,No action required
12956,108.07,1,34,5.687894736842105,2011-02-06 16:08:00,United Kingdom,305,checkout_abandoned,checkout_abandoned,1,55,MEDIUM,62.0,108.07,67.0034,Send checkout reminder
12957,4017.54,8,2549,16.880420168067225,2011-11-30 09:53:00,United Kingdom,9,successful,none,0,0,LOW,95.0,4017.54,3816.663,No action required
12962,266.39,2,129,16.649375,2011-12-02 15:55:00,United Kingdom,6,successful,none,0,0,LOW,95.0,266.39,253.07049999999998,No action required
12963,1856.63,8,881,19.54347368421053,2011-12-01 12:55:00,United Kingdom,7,successful,none,0,0,LOW,95.0,1856.63,1763.7985,No action required
12965,771.91,1,283,7.081743119266055,2011-09-11 15:31:00,United Kingdom,88,payment_failed,card_expired,1,40,MEDIUM,71.0,771.91,548.0561,Send payment recovery link
12966,160.18,1,75,16.018,2011-11-30 12:38:00,United Kingdom,9,successful,none,0,0,LOW,95.0,160.18,152.171,No action required
12967,1660.9,2,438,87.41578947368421,2010-12-16 19:10:00,United Kingdom,357,checkout_abandoned,checkout_abandoned,1,55,MEDIUM,62.0,1660.9,1029.758,Send checkout reminder
12968,135.95,1,73,27.189999999999998,2011-08-19 15:44:00,United Kingdom,111,subscription_failed,insufficient_funds,1,60,MEDIUM,59.0,135.95,80.2105,Retry payment + reminder
12970,452.24,4,310,2.9949668874172186,2011-12-02 14:30:00,United Kingdom,6,successful,none,0,0,LOW,95.0,452.24,429.62800000000004,No action required
12971,11189.91,86,9289,36.68822950819672,2011-12-06 12:20:00,United Kingdom,3,successful,none,0,10,LOW,89.0,11189.91,9959.0199,No action required
12974,144.8,1,24,18.1,2011-05-26 09:33:00,United Kingdom,197,checkout_abandoned,checkout_abandoned,1,55,MEDIUM,62.0,144.8,89.77600000000001,Send checkout reminder
12976,738.6,1,561,33.57272727272727,2011-05-12 09:55:00,United Kingdom,211,checkout_abandoned,checkout_abandoned,1,55,MEDIUM,62.0,738.6,457.932,Send checkout reminder
12977,39.239999999999995,1,12,4.359999999999999,2011-07-06 16:40:00,United Kingdom,155,subscription_failed,insufficient_funds,1,60,MEDIUM,59.0,39.239999999999995,23.1516,Retry payment + reminder
12980,7374.900000000001,9,886,368.745,2011-07-05 09:34:00,United Kingdom,157,subscription_failed,insufficient_funds,1,70,HIGH,53.0,7374.900000000001,3908.697,Retry payment + reminder
12981,372.21999999999997,2,242,18.610999999999997,2011-11-10 12:00:00,United Kingdom,29,successful,none,0,0,LOW,95.0,372.21999999999997,353.6089999999999,No action required
12982,390.54,1,288,13.947857142857144,2011-04-11 11:51:00,United Kingdom,242,checkout_abandoned,checkout_abandoned,1,55,MEDIUM,62.0,390.54,242.13479999999998,Send checkout reminder
12984,97.5,1,26,24.375,2011-11-21 12:37:00,United Kingdom,18,successful,none,0,0,LOW,95.0,97.5,92.625,No action required
12985,1239.38,2,1533,16.30763157894737,2011-12-09 10:46:00,United Kingdom,0,successful,none,0,0,LOW,95.0,1239.38,1177.411,No action required
12987,558.7,2,219,19.95357142857143,2011-09-27 12:03:00,United Kingdom,73,payment_failed,card_expired,1,40,MEDIUM,71.0,558.7,396.677,Send payment recovery link
12988,535.32,1,136,5.818695652173914,2011-02-20 14:31:00,United Kingdom,291,checkout_abandoned,checkout_abandoned,1,55,MEDIUM,62.0,535.32,331.89840000000004,Send checkout reminder
12989,6924.110000000001,15,2943,108.18921875000001,2011-12-06 15:28:00,United Kingdom,2,successful,none,0,10,LOW,89.0,6924.110000000001,6162.4579,No action required
12990,409.5,3,200,31.5,2011-11-08 13:01:00,United Kingdom,30,successful,none,0,0,LOW,95.0,409.5,389.025,No action required
12991,503.76,2,405,16.25032258064516,2011-11-16 15:34:00,United Kingdom,22,successful,none,0,0,LOW,95.0,503.76,478.57199999999995,No action required
12993,414.76,4,240,15.361481481481482,2011-11-16 15:49:00,United Kingdom,22,successful,none,0,0,LOW,95.0,414.76,394.022,No action required
12994,974.4200000000001,3,459,15.97409836065574,2011-12-05 15:43:00,United Kingdom,3,successful,none,0,0,LOW,95.0,974.4200000000001,925.6990000000001,No action required
12995,211.32,1,108,70.44,2011-09-15 15:44:00,United Kingdom,84,payment_failed,card_expired,1,40,MEDIUM,71.0,211.32,150.03719999999998,Send payment recovery link
12997,1226.89,4,664,20.794745762711866,2011-11-17 15:47:00,United Kingdom,21,successful,none,0,0,LOW,95.0,1226.89,1165.5455,No action required
12999,455.88,3,342,16.28142857142857,2011-05-27 13:24:00,United Kingdom,195,checkout_abandoned,checkout_abandoned,1,55,MEDIUM,62.0,455.88,282.6456,Send checkout reminder
13000,534.85,3,379,17.253225806451614,2011-08-25 10:43:00,United Kingdom,106,subscription_failed,insufficient_funds,1,60,MEDIUM,59.0,534.85,315.5615,Retry payment + reminder
13001,9818.82,13,5505,28.964070796460177,2011-12-05 14:51:00,United Kingdom,3,successful,none,0,10,LOW,89.0,9818.82,8738.7498,No action required
13002,120.94999999999999,1,73,17.27857142857143,2011-01-25 15:18:00,United Kingdom,317,checkout_abandoned,checkout_abandoned,1,55,MEDIUM,62.0,120.94999999999999,74.98899999999999,Send checkout reminder
13003,149.05,3,103,24.84166666666667,2011-08-26 10:50:00,United Kingdom,105,subscription_failed,insufficient_funds,1,60,MEDIUM,59.0,149.05,87.93950000000001,Retry payment + reminder
13004,5655.91,18,4822,13.999777227722772,2011-11-28 11:27:00,United Kingdom,11,successful,none,0,10,LOW,89.0,5655.91,5033.7599,No action required
13005,513.7,2,172,19.75769230769231,2011-06-19 10:53:00,United Kingdom,173,subscription_failed,insufficient_funds,1,60,MEDIUM,59.0,513.7,303.083,Retry payment + reminder
13006,81.57,1,55,20.3925,2011-10-14 13:49:00,United Kingdom,55,payment_failed,card_expired,1,40,MEDIUM,71.0,81.57,57.914699999999996,Send payment recovery link
13008,229.46999999999997,1,175,16.390714285714285,2011-01-20 14:24:00,United Kingdom,322,checkout_abandoned,checkout_abandoned,1,55,MEDIUM,62.0,229.46999999999997,142.27139999999997,Send checkout reminder
13011,50.550000000000004,1,13,16.85,2010-12-02 17:22:00,United Kingdom,371,checkout_abandoned,checkout_abandoned,1,55,MEDIUM,62.0,50.550000000000004,31.341000000000005,Send checkout reminder
13012,1661.8400000000001,8,824,18.6723595505618,2011-11-30 13:05:00,United Kingdom,8,successful,none,0,0,LOW,95.0,1661.8400000000001,1578.7480000000003,No action required
13013,4810.9400000000005,13,2224,21.967762557077627,2011-12-08 15:01:00,United Kingdom,0,successful,none,0,0,LOW,95.0,4810.9400000000005,4570.393,No action required
13014,3466.2799999999997,10,905,31.800733944954125,2011-11-29 12:27:00,United Kingdom,10,successful,none,0,0,LOW,95.0,3466.2799999999997,3292.966,No action required
13015,3346.28,5,1617,19.012954545454548,2011-10-17 13:19:00,United Kingdom,52,payment_failed,card_expired,1,40,MEDIUM,71.0,3346.28,2375.8588,Send payment recovery link
13016,789.89,3,527,16.806170212765956,2011-09-27 14:08:00,United Kingdom,72,payment_failed,card_expired,1,40,MEDIUM,71.0,789.89,560.8219,Send payment recovery link
13017,204.0,1,48,204.0,2011-12-02 15:53:00,United Kingdom,6,successful,none,0,0,LOW,95.0,204.0,193.8,No action required
13018,7277.7,28,5435,15.890174672489083,2011-11-23 13:28:00,United Kingdom,15,successful,none,0,10,LOW,89.0,7277.7,6477.152999999999,No action required
13021,2616.38,9,1352,19.97236641221374,2011-12-05 16:37:00,United Kingdom,3,successful,none,0,0,LOW,95.0,2616.38,2485.561,No action required
13023,689.9,2,286,17.2475,2011-10-06 16:27:00,United Kingdom,63,payment_failed,card_expired,1,40,MEDIUM,71.0,689.9,489.829,Send payment recovery link
13026,975.36,5,1620,24.384,2011-12-08 16:58:00,United Kingdom,0,successful,none,0,0,LOW,95.0,975.36,926.592,No action required
13027,6912.0,6,17280,265.84615384615387,2011-08-18 09:39:00,United Kingdom,113,subscription_failed,insufficient_funds,1,70,HIGH,53.0,6912.0,3663.36,Retry payment + reminder
13028,661.3199999999999,2,798,14.695999999999998,2011-11-17 11:10:00,United Kingdom,22,successful,none,0,0,LOW,95.0,661.3199999999999,628.2539999999999,No action required
13029,1247.5,3,134,124.75,2011-11-09 09:13:00,United Kingdom,30,successful,none,0,0,LOW,95.0,1247.5,1185.125,No action required
13030,799.48,2,394,8.075555555555555,2011-11-28 14:30:00,United Kingdom,10,successful,none,0,0,LOW,95.0,799.48,759.5060000000001,No action required
13032,1010.18,2,375,14.227887323943662,2011-10-18 15:54:00,United Kingdom,51,payment_failed,card_expired,1,40,MEDIUM,71.0,1010.18,717.2278,Send payment recovery link
13033,190.55,1,83,17.322727272727274,2010-12-17 14:23:00,United Kingdom,356,checkout_abandoned,checkout_abandoned,1,55,MEDIUM,62.0,190.55,118.141,Send checkout reminder
13034,642.77,2,369,17.372162162162162,2011-10-16 12:21:00,United Kingdom,54,payment_failed,card_expired,1,40,MEDIUM,71.0,642.77,456.3667,Send payment recovery link
13035,921.88,2,644,34.1437037037037,2011-09-27 08:57:00,United Kingdom,73,payment_failed,card_expired,1,40,MEDIUM,71.0,921.88,654.5348,Send payment recovery link
13037,881.07,3,431,18.355625,2011-07-24 15:46:00,United Kingdom,137,subscription_failed,insufficient_funds,1,60,MEDIUM,59.0,881.07,519.8313,Retry payment + reminder
13038,908.46,3,360,32.445,2011-09-20 14:37:00,United Kingdom,79,payment_failed,card_expired,1,40,MEDIUM,71.0,908.46,645.0066,Send payment recovery link
13040,676.99,2,355,15.743953488372092,2011-12-01 10:38:00,United Kingdom,8,successful,none,0,0,LOW,95.0,676.99,643.1405,No action required
13043,516.42,1,254,39.72461538461538,2011-03-11 14:52:00,United Kingdom,272,checkout_abandoned,checkout_abandoned,1,55,MEDIUM,62.0,516.42,320.18039999999996,Send checkout reminder
13044,560.47,1,429,16.983939393939394,2011-02-21 15:20:00,United Kingdom,290,checkout_abandoned,checkout_abandoned,1,55,MEDIUM,62.0,560.47,347.4914,Send checkout reminder
13045,305.28000000000003,1,221,16.96,2011-09-01 15:04:00,United Kingdom,98,subscription_failed,insufficient_funds,1,60,MEDIUM,59.0,305.28000000000003,180.11520000000002,Retry payment + reminder
13046,629.31,2,264,17.980285714285714,2011-11-09 08:36:00,United Kingdom,30,successful,none,0,0,LOW,95.0,629.31,597.8444999999999,No action required
13047,3237.54,10,1391,18.822906976744186,2011-11-08 12:06:00,United Kingdom,31,successful,none,0,0,LOW,95.0,3237.54,3075.663,No action required
13048,1835.91,4,1238,13.499338235294118,2011-11-25 13:23:00,United Kingdom,13,successful,none,0,0,LOW,95.0,1835.91,1744.1145000000001,No action required
13049,656.6800000000001,2,268,46.90571428571429,2011-10-06 15:31:00,United Kingdom,63,payment_failed,card_expired,1,40,MEDIUM,71.0,656.6800000000001,466.24280000000005,Send payment recovery link
13050,5836.86,17,3748,14.483523573200992,2011-11-25 09:18:00,United Kingdom,14,successful,none,0,10,LOW,89.0,5836.86,5194.8054,No action required
13052,348.15000000000003,1,222,19.34166666666667,2011-05-11 14:12:00,United Kingdom,211,checkout_abandoned,checkout_abandoned,1,55,MEDIUM,62.0,348.15000000000003,215.85300000000004,Send checkout reminder
13055,1214.41,3,894,15.979078947368421,2011-09-22 14:26:00,United Kingdom,77,payment_failed,card_expired,1,40,MEDIUM,71.0,1214.41,862.2311,Send payment recovery link
13058,271.40000000000003,3,52,33.925000000000004,2011-11-15 12:43:00,United Kingdom,24,successful,none,0,0,LOW,95.0,271.40000000000003,257.83000000000004,No action required
13059,183.4,1,35,22.925,2011-04-04 10:40:00,United Kingdom,249,checkout_abandoned,checkout_abandoned,1,55,MEDIUM,62.0,183.4,113.70800000000001,Send checkout reminder
13060,307.53,1,123,20.502,2011-03-31 11:37:00,United Kingdom,253,checkout_abandoned,checkout_abandoned,1,55,MEDIUM,62.0,307.53,190.66859999999997,Send checkout reminder
13061,248.61,1,107,24.861,2011-09-28 16:04:00,United Kingdom,71,payment_failed,card_expired,1,40,MEDIUM,71.0,248.61,176.5131,Send payment recovery link
13062,346.98,1,343,31.543636363636367,2011-06-01 15:12:00,United Kingdom,190,checkout_abandoned,checkout_abandoned,1,55,MEDIUM,62.0,346.98,215.12760000000003,Send checkout reminder
13064,1119.49,4,516,16.22449275362319,2011-11-27 12:31:00,United Kingdom,12,successful,none,0,0,LOW,95.0,1119.49,1063.5155,No action required
13065,205.86,1,74,14.704285714285716,2010-12-01 16:52:00,United Kingdom,372,checkout_abandoned,checkout_abandoned,1,55,MEDIUM,62.0,205.86,127.63320000000002,Send checkout reminder
13066,470.8,2,322,9.808333333333334,2011-11-15 12:57:00,United Kingdom,23,successful,none,0,0,LOW,95.0,470.8,447.26,No action required
13067,115.46000000000001,1,32,7.697333333333334,2011-09-18 13:38:00,United Kingdom,81,payment_failed,card_expired,1,40,MEDIUM,71.0,115.46000000000001,81.9766,Send payment recovery link
13068,344.0,2,200,172.0,2011-11-29 15:00:00,United Kingdom,9,successful,none,0,0,LOW,95.0,344.0,326.8,No action required
13069,4436.12,24,5885,10.437929411764706,2011-12-09 08:39:00,United Kingdom,0,successful,none,0,0,LOW,95.0,4436.12,4214.313999999999,No action required
13070,228.8,1,110,25.422222222222224,2011-05-31 13:45:00,United Kingdom,191,checkout_abandoned,checkout_abandoned,1,55,MEDIUM,62.0,228.8,141.856,Send checkout reminder
13072,177.15,1,69,25.307142857142857,2011-03-18 08:12:00,United Kingdom,266,checkout_abandoned,checkout_abandoned,1,55,MEDIUM,62.0,177.15,109.83300000000001,Send checkout reminder
13075,919.61,1,485,41.80045454545455,2011-08-02 10:19:00,United Kingdom,129,subscription_failed,insufficient_funds,1,60,MEDIUM,59.0,919.61,542.5699,Retry payment + reminder
13077,729.27,4,863,6.5113392857142856,2011-12-08 19:24:00,United Kingdom,0,successful,none,0,0,LOW,95.0,729.27,692.8064999999999,No action required
13078,12627.94,26,5630,35.27357541899441,2011-12-06 15:36:00,United Kingdom,2,successful,none,0,10,LOW,89.0,12627.94,11238.866600000001,No action required
13079,220.10000000000002,5,62,36.68333333333334,2011-12-05 16:53:00,United Kingdom,3,successful,none,0,0,LOW,95.0,220.10000000000002,209.09500000000003,No action required
13080,58.08,1,120,9.68,2011-06-13 14:59:00,United Kingdom,178,subscription_failed,insufficient_funds,1,60,MEDIUM,59.0,58.08,34.267199999999995,Retry payment + reminder
13081,28337.38,11,19068,27.67322265625,2011-11-28 10:54:00,United Kingdom,11,successful,none,0,10,LOW,89.0,28337.38,25220.268200000002,No action required
13082,3613.63,9,4324,49.50178082191781,2011-08-05 16:16:00,United Kingdom,125,subscription_failed,insufficient_funds,1,60,MEDIUM,59.0,3613.63,2132.0417,Retry payment + reminder
13083,303.75,2,187,16.875,2011-12-05 15:01:00,United Kingdom,3,successful,none,0,0,LOW,95.0,303.75,288.5625,No action required
13085,416.08000000000004,2,216,18.912727272727274,2011-07-05 12:11:00,United Kingdom,157,subscription_failed,insufficient_funds,1,60,MEDIUM,59.0,416.08000000000004,245.4872,Retry payment + reminder
13089,58825.83,97,31070,32.35744224422442,2011-12-07 09:02:00,United Kingdom,2,successful,none,0,10,LOW,89.0,58825.83,52354.9887,No action required
13090,8910.82,14,2263,57.48916129032258,2011-12-01 12:39:00,United Kingdom,8,successful,none,0,10,LOW,89.0,8910.82,7930.6298,No action required
13091,345.82,1,466,16.467619047619046,2011-11-11 15:54:00,United Kingdom,27,successful,none,0,0,LOW,95.0,345.82,328.529,No action required
13092,477.83,5,279,19.1132,2011-09-30 11:18:00,United Kingdom,70,payment_failed,card_expired,1,40,MEDIUM,71.0,477.83,339.2593,Send payment recovery link
13093,7832.47,8,3961,49.260817610062894,2011-03-09 12:14:00,United Kingdom,275,checkout_abandoned,checkout_abandoned,1,65,MEDIUM,56.0,7832.47,4386.1832,Send checkout reminder
13094,1927.3200000000002,12,1716,80.305,2011-11-18 14:07:00,United Kingdom,20,successful,none,0,0,LOW,95.0,1927.3200000000002,1830.9540000000002,No action required
13095,74.39999999999999,1,144,12.399999999999999,2011-09-30 12:03:00,United Kingdom,70,payment_failed,card_expired,1,40,MEDIUM,71.0,74.39999999999999,52.824,Send payment recovery link
13097,6010.42,10,2363,14.209030732860521,2011-11-07 10:43:00,United Kingdom,32,successful,none,0,10,LOW,89.0,6010.42,5349.2738,No action required
13098,28882.44,28,15968,50.49377622377622,2011-12-08 14:14:00,United Kingdom,0,successful,none,0,10,LOW,89.0,28882.44,25705.3716,No action required
13099,207.35999999999999,1,288,207.35999999999999,2011-09-01 17:40:00,United Kingdom,98,subscription_failed,insufficient_funds,1,60,MEDIUM,59.0,207.35999999999999,122.3424,Retry payment + reminder
13101,101.19,1,113,12.64875,2011-04-19 14:37:00,United Kingdom,233,checkout_abandoned,checkout_abandoned,1,55,MEDIUM,62.0,101.19,62.7378,Send checkout reminder
13102,6424.09,24,4204,21.131875,2011-12-08 12:52:00,United Kingdom,0,successful,none,0,10,LOW,89.0,6424.09,5717.4401,No action required
13103,243.94,1,82,30.4925,2011-10-31 09:38:00,United Kingdom,39,successful,none,0,0,LOW,95.0,243.94,231.743,No action required
13104,1098.48,6,504,54.924,2011-12-06 13:10:00,United Kingdom,2,successful,none,0,0,LOW,95.0,1098.48,1043.556,No action required
13106,76.5,1,18,76.5,2011-07-29 15:12:00,United Kingdom,132,subscription_failed,insufficient_funds,1,60,MEDIUM,59.0,76.5,45.135,Retry payment + reminder
13107,1531.6200000000001,4,1293,26.407241379310346,2011-10-26 14:52:00,United Kingdom,43,successful,none,0,0,LOW,95.0,1531.6200000000001,1455.0390000000002,No action required
13108,350.06,1,298,35.006,2010-12-02 10:35:00,United Kingdom,372,checkout_abandoned,checkout_abandoned,1,55,MEDIUM,62.0,350.06,217.0372,Send checkout reminder
13109,786.54,2,520,16.734893617021275,2011-10-11 10:16:00,United Kingdom,59,payment_failed,card_expired,1,40,MEDIUM,71.0,786.54,558.4434,Send payment recovery link
13110,1488.67,7,388,10.266689655172414,2011-11-08 14:30:00,United Kingdom,30,successful,none,0,0,LOW,95.0,1488.67,1414.2365,No action required
13113,12245.960000000001,24,3045,61.229800000000004,2011-12-09 12:49:00,United Kingdom,0,successful,none,0,10,LOW,89.0,12245.960000000001,10898.904400000001,No action required
13115,2294.78,4,1567,19.12316666666667,2011-11-28 12:38:00,United Kingdom,11,successful,none,0,0,LOW,95.0,2294.78,2180.041,No action required
13116,501.14,1,291,16.704666666666665,2011-07-24 14:33:00,United Kingdom,137,subscription_failed,insufficient_funds,1,60,MEDIUM,59.0,501.14,295.6726,Retry payment + reminder
13117,984.91,8,945,12.959342105263158,2011-11-18 12:02:00,United Kingdom,21,successful,none,0,0,LOW,95.0,984.91,935.6645,No action required
13118,1197.81,5,410,15.162151898734177,2011-11-20 12:46:00,United Kingdom,19,successful,none,0,0,LOW,95.0,1197.81,1137.9195,No action required
13120,30.599999999999998,1,12,30.599999999999998,2011-04-15 10:19:00,United Kingdom,238,checkout_abandoned,checkout_abandoned,1,55,MEDIUM,62.0,30.599999999999998,18.971999999999998,Send checkout reminder
13121,283.73,1,252,5.674600000000001,2011-03-15 16:47:00,United Kingdom,268,checkout_abandoned,checkout_abandoned,1,55,MEDIUM,62.0,283.73,175.91260000000003,Send checkout reminder
13122,922.39,2,585,16.77072727272727,2011-09-06 15:53:00,United Kingdom,93,subscription_failed,insufficient_funds,1,60,MEDIUM,59.0,922.39,544.2101,Retry payment + reminder
13124,3866.33,3,2147,16.452468085106382,2011-09-11 12:45:00,United Kingdom,89,payment_failed,card_expired,1,40,MEDIUM,71.0,3866.33,2745.0942999999997,Send payment recovery link
13126,2099.64,8,2143,14.997428571428571,2011-12-05 10:00:00,United Kingdom,4,successful,none,0,0,LOW,95.0,2099.64,1994.658,No action required
13127,259.17,1,127,17.278000000000002,2011-09-23 10:26:00,United Kingdom,77,payment_failed,card_expired,1,40,MEDIUM,71.0,259.17,184.01069999999999,Send payment recovery link
13130,64.0,1,32,32.0,2011-09-06 15:30:00,United Kingdom,93,subscription_failed,insufficient_funds,1,60,MEDIUM,59.0,64.0,37.76,Retry payment + reminder
13131,1073.3,3,447,24.393181818181816,2011-11-16 13:21:00,United Kingdom,22,successful,none,0,0,LOW,95.0,1073.3,1019.635,No action required
13132,77.3,1,20,25.766666666666666,2011-03-23 12:44:00,United Kingdom,261,checkout_abandoned,checkout_abandoned,1,55,MEDIUM,62.0,77.3,47.925999999999995,Send checkout reminder
13133,109.8,2,32,15.685714285714285,2011-03-11 10:31:00,United Kingdom,273,checkout_abandoned,checkout_abandoned,1,55,MEDIUM,62.0,109.8,68.076,Send checkout reminder
13134,1793.58,4,1059,18.301836734693875,2011-09-15 10:35:00,United Kingdom,85,payment_failed,card_expired,1,40,MEDIUM,71.0,1793.58,1273.4417999999998,Send payment recovery link
13135,3096.0,1,4300,3096.0,2011-05-27 10:52:00,United Kingdom,196,checkout_abandoned,checkout_abandoned,1,55,MEDIUM,62.0,3096.0,1919.52,Send checkout reminder
13136,2607.61,5,1328,20.53236220472441,2011-10-14 13:41:00,United Kingdom,55,payment_failed,card_expired,1,40,MEDIUM,71.0,2607.61,1851.4031,Send payment recovery link
13137,3650.41,8,2226,5.185241477272727,2011-11-29 12:09:00,United Kingdom,10,successful,none,0,0,LOW,95.0,3650.41,3467.8895,No action required
13138,962.39,6,473,15.276031746031746,2011-11-17 16:51:00,United Kingdom,21,successful,none,0,0,LOW,95.0,962.39,914.2705000000001,No action required
13139,5064.94,7,2425,29.79376470588235,2011-11-23 13:54:00,United Kingdom,15,successful,none,0,10,LOW,89.0,5064.94,4507.7966,No action required
13140,423.72,3,186,9.211304347826088,2011-08-23 15:33:00,United Kingdom,107,subscription_failed,insufficient_funds,1,60,MEDIUM,59.0,423.72,249.99480000000003,Retry payment + reminder
13141,2388.75,5,1548,17.694444444444443,2011-09-16 09:54:00,United Kingdom,84,payment_failed,card_expired,1,40,MEDIUM,71.0,2388.75,1696.0125,Send payment recovery link
13142,307.09,1,258,13.351739130434781,2011-11-20 16:07:00,United Kingdom,18,successful,none,0,0,LOW,95.0,307.09,291.7355,No action required
13144,110.95,1,21,36.983333333333334,2011-01-11 11:15:00,United Kingdom,332,checkout_abandoned,checkout_abandoned,1,55,MEDIUM,62.0,110.95,68.789,Send checkout reminder
13145,618.52,4,145,103.08666666666666,2011-10-31 12:45:00,United Kingdom,39,successful,none,0,0,LOW,95.0,618.52,587.594,No action required
13146,228.91,1,154,13.465294117647058,2011-11-13 15:29:00,United Kingdom,25,successful,none,0,0,LOW,95.0,228.91,217.46450000000002,No action required
13147,712.8000000000001,4,144,178.20000000000002,2011-11-29 13:59:00,United Kingdom,9,successful,none,0,0,LOW,95.0,712.8000000000001,677.16,No action required
13148,3707.12,12,1975,11.621065830721003,2011-11-10 15:23:00,United Kingdom,28,successful,none,0,0,LOW,95.0,3707.12,3521.7639999999997,No action required
13149,1676.06,4,1280,19.48906976744186,2011-11-25 13:09:00,United Kingdom,13,successful,none,0,0,LOW,95.0,1676.06,1592.2569999999998,No action required
13151,1257.8700000000001,1,363,16.998243243243245,2011-02-17 12:29:00,United Kingdom,295,checkout_abandoned,checkout_abandoned,1,55,MEDIUM,62.0,1257.8700000000001,779.8794,Send checkout reminder
13153,486.22,1,418,32.41466666666667,2011-12-04 12:14:00,United Kingdom,5,successful,none,0,0,LOW,95.0,486.22,461.909,No action required
13155,971.76,4,497,11.432470588235294,2011-11-06 15:41:00,United Kingdom,32,successful,none,0,0,LOW,95.0,971.76,923.172,No action required
13157,1741.22,4,1439,20.014022988505747,2011-10-21 13:50:00,United Kingdom,48,payment_failed,card_expired,1,40,MEDIUM,71.0,1741.22,1236.2662,Send payment recovery link
13158,1201.06,4,784,15.203291139240505,2011-09-06 11:58:00,United Kingdom,94,subscription_failed,insufficient_funds,1,60,MEDIUM,59.0,1201.06,708.6253999999999,Retry payment + reminder
13159,1437.85,4,1059,11.883057851239668,2011-12-01 11:20:00,United Kingdom,8,successful,none,0,0,LOW,95.0,1437.85,1365.9575,No action required
13160,91.8,1,56,22.95,2011-11-17 13:07:00,United Kingdom,21,successful,none,0,0,LOW,95.0,91.8,87.21,No action required
13161,112.75,1,29,14.09375,2011-01-30 14:03:00,United Kingdom,312,checkout_abandoned,checkout_abandoned,1,55,MEDIUM,62.0,112.75,69.905,Send checkout reminder
13162,1688.29,4,1713,21.370759493670885,2011-08-09 15:59:00,United Kingdom,121,subscription_failed,insufficient_funds,1,60,MEDIUM,59.0,1688.29,996.0911,Retry payment + reminder
13165,1021.48,2,1376,24.32095238095238,2011-10-24 15:05:00,United Kingdom,45,successful,none,0,0,LOW,95.0,1021.48,970.4060000000001,No action required
13166,417.2,1,216,10.175609756097561,2011-03-01 15:16:00,United Kingdom,282,checkout_abandoned,checkout_abandoned,1,55,MEDIUM,62.0,417.2,258.664,Send checkout reminder
13167,791.33,4,785,12.174307692307693,2011-11-21 12:24:00,United Kingdom,18,successful,none,0,0,LOW,95.0,791.33,751.7635,No action required
13168,1319.19,4,682,10.070152671755725,2011-11-03 12:56:00,United Kingdom,35,successful,none,0,0,LOW,95.0,1319.19,1253.2305000000001,No action required
13169,712.88,2,272,54.83692307692308,2011-10-07 12:11:00,United Kingdom,63,payment_failed,card_expired,1,40,MEDIUM,71.0,712.88,506.14480000000003,Send payment recovery link
13170,116.00999999999999,1,147,3.6253124999999997,2011-11-13 12:19:00,United Kingdom,26,successful,none,0,0,LOW,95.0,116.00999999999999,110.20949999999999,No action required
13171,468.41,3,229,10.182826086956522,2011-11-18 10:27:00,United Kingdom,21,successful,none,0,0,LOW,95.0,468.41,444.9895,No action required
13173,353.65,2,277,8.224418604651163,2011-12-05 15:51:00,United Kingdom,3,successful,none,0,0,LOW,95.0,353.65,335.9675,No action required
13174,2817.03,3,1395,8.971433121019109,2011-11-23 14:35:00,United Kingdom,15,successful,none,0,0,LOW,95.0,2817.03,2676.1785000000004,No action required
13176,492.84,1,453,6.845,2011-10-24 15:43:00,United Kingdom,45,successful,none,0,0,LOW,95.0,492.84,468.198,No action required
13177,282.45,1,91,16.61470588235294,2011-10-06 09:56:00,United Kingdom,64,payment_failed,card_expired,1,40,MEDIUM,71.0,282.45,200.5395,Send payment recovery link
13178,5725.47,11,3570,21.60554716981132,2011-11-13 16:14:00,United Kingdom,25,successful,none,0,10,LOW,89.0,5725.47,5095.6683,No action required
13182,121.18,1,201,11.016363636363637,2011-10-25 13:46:00,United Kingdom,44,successful,none,0,0,LOW,95.0,121.18,115.12100000000001,No action required
13183,3957.78,9,2208,42.10404255319149,2011-12-02 10:30:00,United Kingdom,7,successful,none,0,0,LOW,95.0,3957.78,3759.8910000000005,No action required
13184,1701.29,10,1692,9.39939226519337,2011-11-25 12:02:00,United Kingdom,14,successful,none,0,0,LOW,95.0,1701.29,1616.2254999999998,No action required
13185,71.4,1,12,71.4,2011-03-17 11:56:00,United Kingdom,267,checkout_abandoned,checkout_abandoned,1,55,MEDIUM,62.0,71.4,44.268,Send checkout reminder
13186,1575.89,3,820,19.947974683544306,2011-10-31 11:40:00,United Kingdom,39,successful,none,0,0,LOW,95.0,1575.89,1497.0955000000001,No action required
13187,236.02,1,95,6.378918918918919,2011-01-06 18:57:00,United Kingdom,336,checkout_abandoned,checkout_abandoned,1,55,MEDIUM,62.0,236.02,146.3324,Send checkout reminder
13188,114.60000000000001,1,25,57.300000000000004,2011-11-28 15:28:00,United Kingdom,10,successful,none,0,0,LOW,95.0,114.60000000000001,108.87,No action required
13189,260.68,2,842,8.988965517241379,2011-11-21 10:39:00,United Kingdom,18,successful,none,0,0,LOW,95.0,260.68,247.64600000000002,No action required
13192,911.94,2,595,14.475238095238096,2011-09-05 14:13:00,United Kingdom,94,subscription_failed,insufficient_funds,1,60,MEDIUM,59.0,911.94,538.0446000000001,Retry payment + reminder
13193,117.88,1,50,4.0648275862068965,2011-10-09 14:30:00,United Kingdom,60,payment_failed,card_expired,1,40,MEDIUM,71.0,117.88,83.6948,Send payment recovery link
13194,60.7,1,26,20.233333333333334,2011-07-27 09:01:00,United Kingdom,135,subscription_failed,insufficient_funds,1,60,MEDIUM,59.0,60.7,35.813,Retry payment + reminder
13196,1797.78,4,1224,16.343454545454545,2011-11-28 13:54:00,United Kingdom,10,successful,none,0,0,LOW,95.0,1797.78,1707.891,No action required
13198,3401.2400000000002,6,2648,15.049734513274338,2011-11-29 15:17:00,United Kingdom,9,successful,none,0,0,LOW,95.0,3401.2400000000002,3231.1780000000003,No action required
13199,9817.12,38,6176,82.49680672268909,2011-12-06 12:30:00,United Kingdom,3,successful,none,0,10,LOW,89.0,9817.12,8737.2368,No action required
13200,870.09,4,516,18.915,2011-11-20 15:35:00,United Kingdom,18,successful,none,0,0,LOW,95.0,870.09,826.5855,No action required
13203,869.46,4,800,15.253684210526316,2011-11-30 10:45:00,United Kingdom,9,successful,none,0,0,LOW,95.0,869.46,825.987,No action required
13207,250.26000000000002,2,130,31.282500000000002,2011-11-24 14:52:00,United Kingdom,14,successful,none,0,0,LOW,95.0,250.26000000000002,237.747,No action required
13208,1223.9,6,804,8.214093959731544,2011-10-12 09:54:00,United Kingdom,58,payment_failed,card_expired,1,40,MEDIUM,71.0,1223.9,868.969,Send payment recovery link
13209,5891.61,8,4253,18.35392523364486,2011-11-09 13:54:00,United Kingdom,29,successful,none,0,10,LOW,89.0,5891.61,5243.532899999999,No action required
13210,353.48,1,316,16.067272727272726,2011-09-07 08:18:00,United Kingdom,93,subscription_failed,insufficient_funds,1,60,MEDIUM,59.0,353.48,208.5532,Retry payment + reminder
13211,1197.42,3,874,21.3825,2011-11-29 14:43:00,United Kingdom,9,successful,none,0,0,LOW,95.0,1197.42,1137.549,No action required
13212,788.08,3,310,5.549859154929578,2011-11-20 12:40:00,United Kingdom,19,successful,none,0,0,LOW,95.0,788.08,748.676,No action required
13213,1520.58,5,1360,16.895333333333333,2011-10-14 11:42:00,United Kingdom,56,payment_failed,card_expired,1,40,MEDIUM,71.0,1520.58,1079.6118,Send payment recovery link
13216,333.74,1,297,66.748,2011-03-17 12:18:00,United Kingdom,267,checkout_abandoned,checkout_abandoned,1,55,MEDIUM,62.0,333.74,206.9188,Send checkout reminder
13217,533.98,3,262,133.495,2011-08-09 15:32:00,United Kingdom,121,subscription_failed,insufficient_funds,1,60,MEDIUM,59.0,533.98,315.0482,Retry payment + reminder
13218,62.63999999999999,1,88,12.527999999999999,2011-08-04 16:59:00,United Kingdom,126,subscription_failed,insufficient_funds,1,60,MEDIUM,59.0,62.63999999999999,36.9576,Retry payment + reminder
13220,819.2900000000001,4,196,39.01380952380953,2011-09-22 13:38:00,United Kingdom,77,payment_failed,card_expired,1,40,MEDIUM,71.0,819.2900000000001,581.6959,Send payment recovery link
13221,847.41,2,244,12.839545454545455,2011-04-13 16:58:00,United Kingdom,239,checkout_abandoned,checkout_abandoned,1,55,MEDIUM,62.0,847.41,525.3942,Send checkout reminder
13223,163.20000000000002,2,88,32.64,2011-05-23 13:03:00,United Kingdom,199,checkout_abandoned,checkout_abandoned,1,55,MEDIUM,62.0,163.20000000000002,101.18400000000001,Send checkout reminder
13224,2155.95,2,1518,19.9625,2011-10-10 14:55:00,United Kingdom,59,payment_failed,card_expired,1,40,MEDIUM,71.0,2155.95,1530.7244999999998,Send payment recovery link
13225,6463.84,7,3416,201.995,2011-12-06 13:29:00,United Kingdom,2,successful,none,0,10,LOW,89.0,6463.84,5752.8176,No action required
13226,108.21000000000001,1,80,6.7631250000000005,2011-03-11 14:35:00,United Kingdom,272,checkout_abandoned,checkout_abandoned,1,55,MEDIUM,62.0,108.21000000000001,67.09020000000001,Send checkout reminder
13227,257.7,1,99,28.633333333333333,2011-05-22 11:47:00,United Kingdom,201,checkout_abandoned,checkout_abandoned,1,55,MEDIUM,62.0,257.7,159.774,Send checkout reminder
13228,358.0,1,200,179.0,2011-09-19 14:28:00,United Kingdom,80,payment_failed,card_expired,1,40,MEDIUM,71.0,358.0,254.18,Send payment recovery link
13229,160.95,1,63,16.095,2011-04-28 12:07:00,United Kingdom,225,checkout_abandoned,checkout_abandoned,1,55,MEDIUM,62.0,160.95,99.789,Send checkout reminder
13230,2806.97,14,1665,4.5940589198036,2011-12-05 16:03:00,United Kingdom,3,successful,none,0,0,LOW,95.0,2806.97,2666.6214999999997,No action required
13232,1357.6,7,778,6.558454106280193,2011-11-27 10:39:00,United Kingdom,12,successful,none,0,0,LOW,95.0,1357.6,1289.7199999999998,No action required
13233,605.12,2,1004,14.072558139534884,2011-09-26 13:25:00,United Kingdom,73,payment_failed,card_expired,1,40,MEDIUM,71.0,605.12,429.63519999999994,Send payment recovery link
13235,1031.07,1,441,17.77706896551724,2011-05-11 17:13:00,United Kingdom,211,checkout_abandoned,checkout_abandoned,1,55,MEDIUM,62.0,1031.07,639.2633999999999,Send checkout reminder
13236,744.85,2,416,20.69027777777778,2011-11-15 12:50:00,United Kingdom,24,successful,none,0,0,LOW,95.0,744.85,707.6075,No action required
13238,700.73,4,298,22.604193548387098,2011-11-22 15:37:00,United Kingdom,16,successful,none,0,0,LOW,95.0,700.73,665.6935000000001,No action required
13239,329.56,1,327,15.693333333333333,2011-03-23 10:25:00,United Kingdom,261,checkout_abandoned,checkout_abandoned,1,55,MEDIUM,62.0,329.56,204.3272,Send checkout reminder
13240,663.65,4,298,9.905223880597015,2011-09-04 14:08:00,United Kingdom,95,subscription_failed,insufficient_funds,1,60,MEDIUM,59.0,663.65,391.5535,Retry payment + reminder
13242,270.40000000000003,3,130,20.800000000000004,2011-08-19 12:53:00,United Kingdom,111,subscription_failed,insufficient_funds,1,60,MEDIUM,59.0,270.40000000000003,159.53600000000003,Retry payment + reminder
13243,600.07,1,233,10.346034482758622,2011-05-20 13:14:00,United Kingdom,202,checkout_abandoned,checkout_abandoned,1,55,MEDIUM,62.0,600.07,372.0434,Send checkout reminder
13244,121.74000000000001,1,38,4.508888888888889,2011-09-08 11:46:00,United Kingdom,92,subscription_failed,insufficient_funds,1,60,MEDIUM,59.0,121.74000000000001,71.82660000000001,Retry payment + reminder
13245,430.5,1,125,26.90625,2011-10-20 11:40:00,United Kingdom,50,payment_failed,card_expired,1,40,MEDIUM,71.0,430.5,305.655,Send payment recovery link
13246,1987.3,6,1602,14.094326241134752,2011-11-21 16:50:00,United Kingdom,17,successful,none,0,0,LOW,95.0,1987.3,1887.935,No action required
13247,501.12,4,328,20.0448,2011-11-22 10:59:00,United Kingdom,17,successful,none,0,0,LOW,95.0,501.12,476.064,No action required
13248,465.68,2,305,17.91076923076923,2011-08-07 12:40:00,United Kingdom,124,subscription_failed,insufficient_funds,1,60,MEDIUM,59.0,465.68,274.7512,Retry payment + reminder
13249,711.41,3,546,30.93086956521739,2011-09-08 13:26:00,United Kingdom,91,subscription_failed,insufficient_funds,1,60,MEDIUM,59.0,711.41,419.73189999999994,Retry payment + reminder
13253,1030.4,2,1572,28.622222222222224,2011-07-06 10:09:00,United Kingdom,156,subscription_failed,insufficient_funds,1,60,MEDIUM,59.0,1030.4,607.936,Retry payment + reminder
13255,399.51,2,177,30.73153846153846,2011-11-30 13:14:00,United Kingdom,8,successful,none,0,0,LOW,95.0,399.51,379.5345,No action required
13258,698.58,3,287,18.383684210526315,2011-11-28 09:31:00,United Kingdom,11,successful,none,0,0,LOW,95.0,698.58,663.6510000000001,No action required
13259,292.32,1,132,3.36,2011-10-09 10:48:00,United Kingdom,61,payment_failed,card_expired,1,40,MEDIUM,71.0,292.32,207.5472,Send payment recovery link
13260,557.62,1,142,69.7025,2011-10-09 13:21:00,United Kingdom,60,payment_failed,card_expired,1,40,MEDIUM,71.0,557.62,395.9102,Send payment recovery link
13261,944.1,2,210,104.9,2011-03-16 12:22:00,United Kingdom,268,checkout_abandoned,checkout_abandoned,1,55,MEDIUM,62.0,944.1,585.3420000000001,Send checkout reminder
13262,200.29,1,125,18.208181818181817,2011-03-21 15:06:00,United Kingdom,262,checkout_abandoned,checkout_abandoned,1,55,MEDIUM,62.0,200.29,124.1798,Send checkout reminder
13263,7454.07,35,4780,4.444883720930233,2011-12-08 13:59:00,United Kingdom,0,successful,none,0,10,LOW,89.0,7454.07,6634.1223,No action required
13265,2107.66,5,1752,23.1610989010989,2011-10-17 15:02:00,United Kingdom,52,payment_failed,card_expired,1,40,MEDIUM,71.0,2107.66,1496.4386,Send payment recovery link
13266,3834.2599999999998,12,4428,20.504064171122995,2011-11-28 14:39:00,United Kingdom,10,successful,none,0,0,LOW,95.0,3834.2599999999998,3642.5469999999996,No action required
13267,4521.49,19,1969,21.428862559241704,2011-12-07 11:12:00,United Kingdom,2,successful,none,0,0,LOW,95.0,4521.49,4295.4155,No action required
13268,3214.69,11,3658,7.306113636363636,2011-11-22 11:51:00,United Kingdom,17,successful,none,0,0,LOW,95.0,3214.69,3053.9555,No action required
13269,5346.2300000000005,15,3514,16.91844936708861,2011-12-08 14:53:00,United Kingdom,0,successful,none,0,10,LOW,89.0,5346.2300000000005,4758.144700000001,No action required
13270,590.0,1,200,590.0,2010-12-08 14:53:00,United Kingdom,365,checkout_abandoned,checkout_abandoned,1,55,MEDIUM,62.0,590.0,365.8,Send checkout reminder
13271,217.38,1,253,2.264375,2011-11-02 14:31:00,United Kingdom,36,successful,none,0,0,LOW,95.0,217.38,206.511,No action required
13272,276.56,2,96,18.437333333333335,2011-11-08 14:00:00,United Kingdom,30,successful,none,0,0,LOW,95.0,276.56,262.732,No action required
13273,138.98,1,153,8.68625,2011-08-18 14:02:00,United Kingdom,112,subscription_failed,insufficient_funds,1,60,MEDIUM,59.0,138.98,81.9982,Retry payment + reminder
13276,590.9300000000001,2,161,19.69766666666667,2011-10-07 12:44:00,United Kingdom,63,payment_failed,card_expired,1,40,MEDIUM,71.0,590.9300000000001,419.56030000000004,Send payment recovery link
13277,258.4,4,176,32.3,2011-11-24 09:21:00,United Kingdom,15,successful,none,0,0,LOW,95.0,258.4,245.47999999999996,No action required
13278,542.73,1,537,11.798478260869565,2011-10-30 11:49:00,United Kingdom,40,successful,none,0,0,LOW,95.0,542.73,515.5935,No action required
13279,137.75,1,73,15.305555555555555,2011-09-22 17:24:00,United Kingdom,77,payment_failed,card_expired,1,40,MEDIUM,71.0,137.75,97.8025,Send payment recovery link
13280,814.86,3,522,9.586588235294117,2011-08-09 13:14:00,United Kingdom,121,subscription_failed,insufficient_funds,1,60,MEDIUM,59.0,814.86,480.76739999999995,Retry payment + reminder
13282,1132.14,3,307,30.59837837837838,2011-11-21 15:33:00,United Kingdom,17,successful,none,0,0,LOW,95.0,1132.14,1075.5330000000001,No action required
13283,93.66,2,90,13.379999999999999,2011-10-11 09:50:00,United Kingdom,59,payment_failed,card_expired,1,40,MEDIUM,71.0,93.66,66.4986,Send payment recovery link
13284,201.19,1,91,15.476153846153846,2011-01-13 09:23:00,United Kingdom,330,checkout_abandoned,checkout_abandoned,1,55,MEDIUM,62.0,201.19,124.73780000000001,Send checkout reminder
13285,2709.12,4,2051,14.487272727272726,2011-11-16 13:19:00,United Kingdom,22,successful,none,0,0,LOW,95.0,2709.12,2573.6639999999998,No action required
13291,361.11,1,233,8.597857142857142,2011-07-07 10:36:00,United Kingdom,155,subscription_failed,insufficient_funds,1,60,MEDIUM,59.0,361.11,213.0549,Retry payment + reminder
13292,578.9399999999999,2,347,18.67548387096774,2011-11-01 10:04:00,United Kingdom,38,successful,none,0,0,LOW,95.0,578.9399999999999,549.9929999999999,No action required
13294,873.74,2,453,16.18037037037037,2011-06-03 08:54:00,United Kingdom,189,checkout_abandoned,checkout_abandoned,1,55,MEDIUM,62.0,873.74,541.7188,Send checkout reminder
13295,201.20000000000002,1,82,20.12,2010-12-15 11:21:00,United Kingdom,359,checkout_abandoned,checkout_abandoned,1,55,MEDIUM,62.0,201.20000000000002,124.74400000000001,Send checkout reminder
13296,87.4,1,78,17.48,2011-07-25 13:46:00,United Kingdom,136,subscription_failed,insufficient_funds,1,60,MEDIUM,59.0,87.4,51.566,Retry payment + reminder
13297,2089.85,4,963,35.421186440677964,2011-12-02 09:32:00,United Kingdom,7,successful,none,0,0,LOW,95.0,2089.85,1985.3575,No action required
13298,360.0,1,96,180.0,2011-12-08 13:11:00,United Kingdom,0,successful,none,0,0,LOW,95.0,360.0,342.0,No action required
13299,142.5,1,30,28.5,2011-03-16 12:55:00,United Kingdom,267,checkout_abandoned,checkout_abandoned,1,55,MEDIUM,62.0,142.5,88.35,Send checkout reminder
13300,371.89,1,203,18.5945,2011-06-23 13:09:00,United Kingdom,168,subscription_failed,insufficient_funds,1,60,MEDIUM,59.0,371.89,219.4151,Retry payment + reminder
13301,618.09,4,345,7.630740740740741,2011-08-28 11:25:00,United Kingdom,103,subscription_failed,insufficient_funds,1,60,MEDIUM,59.0,618.09,364.67310000000003,Retry payment + reminder
13302,63.75,1,5,63.75,2011-07-07 17:56:00,United Kingdom,154,subscription_failed,insufficient_funds,1,60,MEDIUM,59.0,63.75,37.6125,Retry payment + reminder
13304,300.42,1,238,14.305714285714286,2010-12-23 14:35:00,United Kingdom,350,checkout_abandoned,checkout_abandoned,1,55,MEDIUM,62.0,300.42,186.2604,Send checkout reminder
13305,2000.86,10,1232,24.701975308641973,2011-12-05 15:15:00,United Kingdom,3,successful,none,0,0,LOW,95.0,2000.86,1900.8169999999998,No action required
13307,15.0,1,4,15.0,2011-08-11 17:14:00,United Kingdom,119,subscription_failed,insufficient_funds,1,60,MEDIUM,59.0,15.0,8.85,Retry payment + reminder
13308,1385.51,3,843,25.657592592592593,2011-11-17 09:31:00,United Kingdom,22,successful,none,0,0,LOW,95.0,1385.51,1316.2345,No action required
13309,1456.79,5,1544,13.614859813084111,2011-12-02 16:34:00,United Kingdom,6,successful,none,0,0,LOW,95.0,1456.79,1383.9505,No action required
13310,1132.03,3,587,15.722638888888888,2011-11-11 17:23:00,United Kingdom,27,successful,none,0,0,LOW,95.0,1132.03,1075.4285,No action required
13311,598.57,2,305,23.02192307692308,2011-12-05 12:55:00,United Kingdom,3,successful,none,0,0,LOW,95.0,598.57,568.6415000000001,No action required
13313,1555.32,5,851,19.939999999999998,2011-11-17 16:48:00,United Kingdom,21,successful,none,0,0,LOW,95.0,1555.32,1477.5539999999999,No action required
13314,775.94,3,560,12.515161290322581,2011-12-08 12:29:00,United Kingdom,1,successful,none,0,0,LOW,95.0,775.94,737.143,No action required
13316,5977.7300000000005,4,6948,68.70954022988506,2011-11-02 13:40:00,United Kingdom,36,successful,none,0,10,LOW,89.0,5977.7300000000005,5320.179700000001,No action required
13317,2273.68,6,1035,18.336129032258064,2011-10-04 13:35:00,United Kingdom,65,payment_failed,card_expired,1,40,MEDIUM,71.0,2273.68,1614.3128,Send payment recovery link
13318,640.76,3,304,32.038,2011-12-08 18:51:00,United Kingdom,0,successful,none,0,0,LOW,95.0,640.76,608.722,No action required
13319,10845.550000000001,26,4724,22.784768907563027,2011-12-04 13:34:00,United Kingdom,4,successful,none,0,10,LOW,89.0,10845.550000000001,9652.5395,No action required
13320,1548.7,4,1096,14.610377358490567,2011-09-22 18:07:00,United Kingdom,77,payment_failed,card_expired,1,40,MEDIUM,71.0,1548.7,1099.577,Send payment recovery link
13321,567.36,2,372,51.57818181818182,2011-09-28 15:24:00,United Kingdom,71,payment_failed,card_expired,1,40,MEDIUM,71.0,567.36,402.82559999999995,Send payment recovery link
13322,199.48000000000002,1,117,7.9792000000000005,2011-11-22 14:21:00,United Kingdom,16,successful,none,0,0,LOW,95.0,199.48000000000002,189.50600000000003,No action required
13323,787.85,5,175,37.516666666666666,2011-12-06 17:12:00,United Kingdom,2,successful,none,0,0,LOW,95.0,787.85,748.4575,No action required
13324,7121.95,10,5205,94.95933333333333,2011-11-03 16:28:00,United Kingdom,35,successful,none,0,10,LOW,89.0,7121.95,6338.535499999999,No action required
13325,675.3,1,240,56.275,2011-09-19 10:36:00,United Kingdom,81,payment_failed,card_expired,1,40,MEDIUM,71.0,675.3,479.46299999999997,Send payment recovery link
13327,3627.77,8,1600,33.59046296296296,2011-11-01 10:21:00,United Kingdom,38,successful,none,0,0,LOW,95.0,3627.77,3446.3815000000004,No action required
13328,1308.48,1,680,76.96941176470588,2011-01-27 15:22:00,United Kingdom,315,checkout_abandoned,checkout_abandoned,1,55,MEDIUM,62.0,1308.48,811.2575999999999,Send checkout reminder
13329,789.0,2,463,46.411764705882355,2011-11-08 10:29:00,United Kingdom,31,successful,none,0,0,LOW,95.0,789.0,749.55,No action required
13330,1140.93,3,751,21.526981132075473,2011-09-08 12:27:00,United Kingdom,92,subscription_failed,insufficient_funds,1,60,MEDIUM,59.0,1140.93,673.1487000000001,Retry payment + reminder
13332,350.9,1,179,16.70952380952381,2011-11-25 13:30:00,United Kingdom,13,successful,none,0,0,LOW,95.0,350.9,333.355,No action required
13334,3536.82,3,1774,13.197089552238806,2011-09-18 15:21:00,United Kingdom,81,payment_failed,card_expired,1,40,MEDIUM,71.0,3536.82,2511.1422000000002,Send payment recovery link
13336,795.12,1,559,15.590588235294117,2011-09-23 14:05:00,United Kingdom,76,payment_failed,card_expired,1,40,MEDIUM,71.0,795.12,564.5351999999999,Send payment recovery link
13338,487.02,1,256,25.632631578947368,2011-07-05 09:06:00,United Kingdom,157,subscription_failed,insufficient_funds,1,60,MEDIUM,59.0,487.02,287.3418,Retry payment + reminder
13339,860.12,1,326,15.928148148148148,2011-05-23 08:31:00,United Kingdom,200,checkout_abandoned,checkout_abandoned,1,55,MEDIUM,62.0,860.12,533.2744,Send checkout reminder
13340,10736.48,7,5770,80.12298507462687,2011-10-25 13:15:00,United Kingdom,44,successful,none,0,10,LOW,89.0,10736.48,9555.4672,No action required
13341,775.85,1,301,18.472619047619048,2011-03-24 09:50:00,United Kingdom,260,checkout_abandoned,checkout_abandoned,1,55,MEDIUM,62.0,775.85,481.02700000000004,Send checkout reminder
13343,353.43,1,135,18.60157894736842,2011-06-15 12:24:00,United Kingdom,177,subscription_failed,insufficient_funds,1,60,MEDIUM,59.0,353.43,208.5237,Retry payment + reminder
13344,2543.72,3,971,21.37579831932773,2011-10-03 09:45:00,United Kingdom,67,payment_failed,card_expired,1,40,MEDIUM,71.0,2543.72,1806.0412,Send payment recovery link
13345,389.5,1,141,19.475,2011-02-25 09:01:00,United Kingdom,287,checkout_abandoned,checkout_abandoned,1,55,MEDIUM,62.0,389.5,241.49,Send checkout reminder
13347,341.36,1,205,42.67,2011-09-30 13:28:00,United Kingdom,69,payment_failed,card_expired,1,40,MEDIUM,71.0,341.36,242.3656,Send payment recovery link
13348,233.76,1,136,16.697142857142858,2011-10-06 17:28:00,United Kingdom,63,payment_failed,card_expired,1,40,MEDIUM,71.0,233.76,165.96959999999999,Send payment recovery link
13349,247.32,1,225,15.4575,2011-11-29 08:07:00,United Kingdom,10,successful,none,0,0,LOW,95.0,247.32,234.95399999999998,No action required
13350,979.12,2,287,24.478,2011-11-23 16:33:00,United Kingdom,15,successful,none,0,0,LOW,95.0,979.12,930.164,No action required
13351,373.94,1,117,23.37125,2011-10-04 12:55:00,United Kingdom,65,payment_failed,card_expired,1,40,MEDIUM,71.0,373.94,265.4974,Send payment recovery link
13352,397.97999999999996,1,321,16.5825,2011-10-10 13:55:00,United Kingdom,59,payment_failed,card_expired,1,40,MEDIUM,71.0,397.97999999999996,282.56579999999997,Send payment recovery link
13354,743.53,1,604,14.579019607843136,2011-09-29 13:17:00,United Kingdom,70,payment_failed,card_expired,1,40,MEDIUM,71.0,743.53,527.9063,Send payment recovery link
13355,674.7,1,314,21.084375,2011-08-09 14:48:00,United Kingdom,121,subscription_failed,insufficient_funds,1,60,MEDIUM,59.0,674.7,398.07300000000004,Retry payment + reminder
13356,768.24,1,325,18.291428571428572,2011-09-20 14:33:00,United Kingdom,79,payment_failed,card_expired,1,40,MEDIUM,71.0,768.24,545.4504000000001,Send payment recovery link
13357,609.95,1,322,6.777222222222223,2011-03-27 13:56:00,United Kingdom,256,checkout_abandoned,checkout_abandoned,1,55,MEDIUM,62.0,609.95,378.16900000000004,Send checkout reminder
13358,439.03,1,285,15.138965517241378,2011-03-16 11:52:00,United Kingdom,268,checkout_abandoned,checkout_abandoned,1,55,MEDIUM,62.0,439.03,272.19859999999994,Send checkout reminder
13359,439.56,1,161,19.11130434782609,2011-10-07 09:30:00,United Kingdom,63,payment_failed,card_expired,1,40,MEDIUM,71.0,439.56,312.0876,Send payment recovery link
13362,3090.7400000000002,4,1382,18.618915662650604,2011-11-30 14:41:00,United Kingdom,8,successful,none,0,0,LOW,95.0,3090.7400000000002,2936.2030000000004,No action required
13363,992.5,2,710,16.541666666666668,2011-11-22 12:40:00,United Kingdom,17,successful,none,0,0,LOW,95.0,992.5,942.875,No action required
13364,134.95999999999998,1,71,13.495999999999999,2011-09-29 18:13:00,United Kingdom,70,payment_failed,card_expired,1,40,MEDIUM,71.0,134.95999999999998,95.82159999999998,Send payment recovery link
13365,2225.37,2,1247,17.385703125,2011-11-06 12:36:00,United Kingdom,33,successful,none,0,0,LOW,95.0,2225.37,2114.1014999999998,No action required
13366,56.160000000000004,1,144,56.160000000000004,2011-10-20 13:37:00,United Kingdom,49,payment_failed,card_expired,1,40,MEDIUM,71.0,56.160000000000004,39.8736,Send payment recovery link
13368,623.4,2,327,21.49655172413793,2011-03-28 09:59:00,United Kingdom,256,checkout_abandoned,checkout_abandoned,1,55,MEDIUM,62.0,623.4,386.508,Send checkout reminder
13369,308.28000000000003,1,149,22.020000000000003,2010-12-09 11:30:00,United Kingdom,365,checkout_abandoned,checkout_abandoned,1,55,MEDIUM,62.0,308.28000000000003,191.1336,Send checkout reminder
13370,754.87,1,343,19.355641025641027,2010-12-03 10:26:00,United Kingdom,371,checkout_abandoned,checkout_abandoned,1,55,MEDIUM,62.0,754.87,468.0194,Send checkout reminder
13372,378.64,1,159,16.46260869565217,2011-09-11 12:46:00,United Kingdom,89,payment_failed,card_expired,1,40,MEDIUM,71.0,378.64,268.83439999999996,Send payment recovery link
13373,3312.25,3,1651,20.963607594936708,2011-10-10 10:51:00,United Kingdom,60,payment_failed,card_expired,1,40,MEDIUM,71.0,3312.25,2351.6975,Send payment recovery link
13375,778.65,1,442,21.044594594594592,2011-09-12 10:19:00,United Kingdom,88,payment_failed,card_expired,1,40,MEDIUM,71.0,778.65,552.8415,Send payment recovery link
13376,1019.76,3,493,19.240754716981133,2011-09-01 16:16:00,United Kingdom,98,subscription_failed,insufficient_funds,1,60,MEDIUM,59.0,1019.76,601.6583999999999,Retry payment + reminder
13379,572.56,3,601,5.902680412371134,2011-11-13 13:45:00,United Kingdom,25,successful,none,0,0,LOW,95.0,572.56,543.932,No action required
13381,3639.31,6,2029,21.15877906976744,2011-11-08 11:58:00,United Kingdom,31,successful,none,0,0,LOW,95.0,3639.31,3457.3445,No action required
13382,222.99,1,131,14.866000000000001,2011-03-04 10:03:00,United Kingdom,280,checkout_abandoned,checkout_abandoned,1,55,MEDIUM,62.0,222.99,138.2538,Send checkout reminder
13384,4151.93,7,2422,27.315328947368425,2011-11-09 11:04:00,United Kingdom,30,successful,none,0,0,LOW,95.0,4151.93,3944.3335,No action required
13385,534.57,1,281,15.273428571428573,2011-01-14 09:52:00,United Kingdom,329,checkout_abandoned,checkout_abandoned,1,55,MEDIUM,62.0,534.57,331.43340000000006,Send checkout reminder
13388,677.1,2,282,19.345714285714287,2011-07-31 12:52:00,United Kingdom,130,subscription_failed,insufficient_funds,1,60,MEDIUM,59.0,677.1,399.48900000000003,Retry payment + reminder
13389,797.96,3,429,15.646274509803922,2011-11-28 14:01:00,United Kingdom,10,successful,none,0,0,LOW,95.0,797.96,758.062,No action required
13390,544.08,1,224,41.8523076923077,2011-09-26 08:38:00,United Kingdom,74,payment_failed,card_expired,1,40,MEDIUM,71.0,544.08,386.2968,Send payment recovery link
13391,59.8,1,4,59.8,2011-05-20 10:50:00,United Kingdom,203,checkout_abandoned,checkout_abandoned,1,55,MEDIUM,62.0,59.8,37.076,Send checkout reminder
13394,2520.02,8,2392,16.258193548387098,2011-12-08 11:36:00,United Kingdom,1,successful,none,0,0,LOW,95.0,2520.02,2394.019,No action required
13395,307.72,1,336,14.653333333333334,2011-06-07 15:04:00,United Kingdom,184,checkout_abandoned,checkout_abandoned,1,55,MEDIUM,62.0,307.72,190.78640000000004,Send checkout reminder
13396,1360.99,2,600,31.65093023255814,2011-11-10 16:59:00,United Kingdom,28,successful,none,0,0,LOW,95.0,1360.99,1292.9405,No action required
13397,1544.13,5,430,40.635000000000005,2011-09-28 10:56:00,United Kingdom,72,payment_failed,card_expired,1,40,MEDIUM,71.0,1544.13,1096.3323,Send payment recovery link
13398,457.34,1,281,17.59,2011-05-31 13:17:00,United Kingdom,191,checkout_abandoned,checkout_abandoned,1,55,MEDIUM,62.0,457.34,283.5508,Send checkout reminder
13402,621.23,2,479,15.92897435897436,2011-08-04 15:51:00,United Kingdom,126,subscription_failed,insufficient_funds,1,60,MEDIUM,59.0,621.23,366.5257,Retry payment + reminder
13403,75.0,1,44,25.0,2011-11-22 08:28:00,United Kingdom,17,successful,none,0,0,LOW,95.0,75.0,71.25,No action required
13404,252.49,2,111,22.953636363636363,2011-12-08 15:37:00,United Kingdom,0,successful,none,0,0,LOW,95.0,252.49,239.8655,No action required
13405,572.451,3,165,21.201888888888888,2011-09-26 17:01:00,United Kingdom,73,payment_failed,card_expired,1,40,MEDIUM,71.0,572.451,406.44021,Send payment recovery link
13408,28117.04,62,16232,58.82225941422595,2011-12-08 09:05:00,United Kingdom,1,successful,none,0,10,LOW,89.0,28117.04,25024.1656,No action required
13410,1003.06,5,518,35.82357142857143,2011-11-15 15:33:00,United Kingdom,23,successful,none,0,0,LOW,95.0,1003.06,952.9069999999999,No action required
13411,213.55,1,72,11.863888888888889,2011-08-24 13:57:00,United Kingdom,106,subscription_failed,insufficient_funds,1,60,MEDIUM,59.0,213.55,125.9945,Retry payment + reminder
13414,1390.5,3,1574,57.9375,2011-07-29 11:45:00,United Kingdom,133,subscription_failed,insufficient_funds,1,60,MEDIUM,59.0,1390.5,820.395,Retry payment + reminder
13416,712.5,2,142,37.5,2011-10-27 08:56:00,United Kingdom,43,successful,none,0,0,LOW,95.0,712.5,676.875,No action required
13417,640.83,2,162,22.886785714285715,2011-12-05 08:49:00,United Kingdom,4,successful,none,0,0,LOW,95.0,640.83,608.7885000000001,No action required
13418,6127.43,18,3918,20.156019736842108,2011-11-28 10:23:00,United Kingdom,11,successful,none,0,10,LOW,89.0,6127.43,5453.4127,No action required
13419,221.06,1,275,13.81625,2011-10-07 12:49:00,United Kingdom,63,payment_failed,card_expired,1,40,MEDIUM,71.0,221.06,156.9526,Send payment recovery link
13420,159.85,2,101,19.98125,2011-07-13 08:48:00,United Kingdom,149,subscription_failed,insufficient_funds,1,60,MEDIUM,59.0,159.85,94.3115,Retry payment + reminder
13421,1851.08,2,1181,17.798846153846153,2011-10-30 14:21:00,United Kingdom,39,successful,none,0,0,LOW,95.0,1851.08,1758.526,No action required
13422,2626.3,1,1326,20.67952755905512,2011-10-06 13:42:00,United Kingdom,63,payment_failed,card_expired,1,40,MEDIUM,71.0,2626.3,1864.6730000000002,Send payment recovery link
13425,1624.21,3,1123,20.823205128205128,2011-08-23 17:13:00,United Kingdom,107,subscription_failed,insufficient_funds,1,60,MEDIUM,59.0,1624.21,958.2839,Retry payment + reminder
13426,3641.32,10,2245,23.193121019108283,2011-12-09 08:59:00,United Kingdom,0,successful,none,0,0,LOW,95.0,3641.32,3459.2540000000004,No action required
13427,582.6,3,545,20.089655172413792,2011-11-20 13:02:00,United Kingdom,18,successful,none,0,0,LOW,95.0,582.6,553.47,No action required
13428,218.47,1,156,2.952297297297297,2011-11-29 14:20:00,United Kingdom,9,successful,none,0,0,LOW,95.0,218.47,207.5465,No action required
13429,1006.8,4,1390,15.02686567164179,2011-11-29 09:10:00,United Kingdom,10,successful,none,0,0,LOW,95.0,1006.8,956.46,No action required
13430,679.45,2,751,13.866326530612247,2011-11-21 08:19:00,United Kingdom,18,successful,none,0,0,LOW,95.0,679.45,645.4775000000001,No action required
13431,1269.1,2,672,27.589130434782607,2011-10-03 13:49:00,United Kingdom,66,payment_failed,card_expired,1,40,MEDIUM,71.0,1269.1,901.0609999999999,Send payment recovery link
13434,534.24,2,300,53.424,2011-09-26 14:30:00,United Kingdom,73,payment_failed,card_expired,1,40,MEDIUM,71.0,534.24,379.3104,Send payment recovery link
13435,3809.8900000000003,7,2129,37.72168316831684,2011-12-04 14:45:00,United Kingdom,4,successful,none,0,0,LOW,95.0,3809.8900000000003,3619.3955000000005,No action required
13436,196.89,1,76,16.4075,2011-12-08 10:33:00,United Kingdom,1,successful,none,0,0,LOW,95.0,196.89,187.0455,No action required
13437,3408.06,7,1283,20.40754491017964,2011-11-25 14:00:00,United Kingdom,13,successful,none,0,0,LOW,95.0,3408.06,3237.657,No action required
13439,283.71,1,242,5.253888888888889,2011-03-29 14:20:00,United Kingdom,254,checkout_abandoned,checkout_abandoned,1,55,MEDIUM,62.0,283.71,175.9002,Send checkout reminder
13441,296.64,1,204,22.818461538461538,2011-09-09 09:38:00,United Kingdom,91,subscription_failed,insufficient_funds,1,60,MEDIUM,59.0,296.64,175.0176,Retry payment + reminder
13447,1129.14,3,584,19.137966101694918,2011-11-16 13:38:00,United Kingdom,22,successful,none,0,0,LOW,95.0,1129.14,1072.683,No action required
13448,3539.37,6,1660,18.150615384615385,2011-11-23 12:33:00,United Kingdom,16,successful,none,0,0,LOW,95.0,3539.37,3362.4014999999995,No action required
13449,291.88,1,222,15.362105263157895,2011-11-16 08:28:00,United Kingdom,23,successful,none,0,0,LOW,95.0,291.88,277.286,No action required
13450,2043.7199999999998,6,1982,28.784788732394365,2011-11-13 11:54:00,United Kingdom,26,successful,none,0,0,LOW,95.0,2043.7199999999998,1941.5339999999999,No action required
13451,2976.15,5,2149,6.718171557562077,2011-11-13 15:58:00,United Kingdom,25,successful,none,0,0,LOW,95.0,2976.15,2827.3425,No action required
13452,590.0,2,2,295.0,2011-03-25 14:19:00,United Kingdom,258,checkout_abandoned,checkout_abandoned,1,55,MEDIUM,62.0,590.0,365.8,Send checkout reminder
13453,356.97999999999996,2,134,20.998823529411762,2011-06-27 09:34:00,United Kingdom,165,subscription_failed,insufficient_funds,1,60,MEDIUM,59.0,356.97999999999996,210.61819999999997,Retry payment + reminder
13455,1058.34,2,354,23.007391304347824,2011-11-15 11:21:00,United Kingdom,24,successful,none,0,0,LOW,95.0,1058.34,1005.4229999999999,No action required
13456,1766.72,6,765,28.043174603174602,2011-11-22 09:18:00,United Kingdom,17,successful,none,0,0,LOW,95.0,1766.72,1678.384,No action required
13458,9646.57,14,5508,25.252801047120418,2011-12-02 15:29:00,United Kingdom,6,successful,none,0,10,LOW,89.0,9646.57,8585.4473,No action required
13460,183.44,2,286,10.790588235294118,2011-11-10 17:17:00,United Kingdom,28,successful,none,0,0,LOW,95.0,183.44,174.268,No action required
13461,1445.0,3,1170,53.51851851851852,2011-11-01 09:01:00,United Kingdom,38,successful,none,0,0,LOW,95.0,1445.0,1372.75,No action required
13462,151.5,1,62,16.833333333333332,2011-04-01 11:20:00,United Kingdom,252,checkout_abandoned,checkout_abandoned,1,55,MEDIUM,62.0,151.5,93.93,Send checkout reminder
13464,674.68,1,403,16.45560975609756,2011-10-12 15:01:00,United Kingdom,57,payment_failed,card_expired,1,40,MEDIUM,71.0,674.68,479.02279999999996,Send payment recovery link
13466,307.9,1,259,18.11176470588235,2011-06-08 16:39:00,United Kingdom,183,checkout_abandoned,checkout_abandoned,1,55,MEDIUM,62.0,307.9,190.898,Send checkout reminder
13467,1083.71,2,584,10.946565656565657,2011-11-29 10:01:00,United Kingdom,10,successful,none,0,0,LOW,95.0,1083.71,1029.5245,No action required
13468,5704.97,37,2589,18.89062913907285,2011-12-08 10:39:00,United Kingdom,1,successful,none,0,10,LOW,89.0,5704.97,5077.4233,No action required
13470,165.0,2,100,16.5,2011-09-01 14:57:00,United Kingdom,98,subscription_failed,insufficient_funds,1,60,MEDIUM,59.0,165.0,97.35,Retry payment + reminder
13471,2531.58,4,1590,9.736846153846153,2011-12-08 15:44:00,United Kingdom,0,successful,none,0,0,LOW,95.0,2531.58,2405.001,No action required
13473,422.64,2,266,20.125714285714285,2011-10-10 11:20:00,United Kingdom,60,payment_failed,card_expired,1,40,MEDIUM,71.0,422.64,300.07439999999997,Send payment recovery link
13474,229.59,1,132,3.58734375,2011-04-17 13:53:00,United Kingdom,235,checkout_abandoned,checkout_abandoned,1,55,MEDIUM,62.0,229.59,142.3458,Send checkout reminder
13475,1431.78,4,1012,16.648604651162792,2011-06-01 13:52:00,United Kingdom,190,checkout_abandoned,checkout_abandoned,1,55,MEDIUM,62.0,1431.78,887.7036,Send checkout reminder
13476,1238.47,2,417,21.352931034482758,2011-06-14 12:00:00,United Kingdom,178,subscription_failed,insufficient_funds,1,60,MEDIUM,59.0,1238.47,730.6972999999999,Retry payment + reminder
13477,1454.58,6,1021,18.41240506329114,2011-11-02 12:04:00,United Kingdom,37,successful,none,0,0,LOW,95.0,1454.58,1381.851,No action required
13479,300.95,2,134,20.063333333333333,2011-05-23 10:45:00,United Kingdom,200,checkout_abandoned,checkout_abandoned,1,55,MEDIUM,62.0,300.95,186.58899999999997,Send checkout reminder
13481,1804.56,5,1142,16.55559633027523,2011-10-25 09:07:00,United Kingdom,45,successful,none,0,0,LOW,95.0,1804.56,1714.3319999999999,No action required
13482,184.64,1,116,16.785454545454545,2011-04-21 17:03:00,United Kingdom,231,checkout_abandoned,checkout_abandoned,1,55,MEDIUM,62.0,184.64,114.47679999999998,Send checkout reminder
13483,140.34,1,160,14.034,2011-10-05 11:53:00,United Kingdom,65,payment_failed,card_expired,1,40,MEDIUM,71.0,140.34,99.64139999999999,Send payment recovery link
13484,313.8,1,44,39.225,2011-04-12 16:30:00,United Kingdom,240,checkout_abandoned,checkout_abandoned,1,55,MEDIUM,62.0,313.8,194.556,Send checkout reminder
13485,454.24,1,277,19.749565217391304,2011-04-20 13:58:00,United Kingdom,232,checkout_abandoned,checkout_abandoned,1,55,MEDIUM,62.0,454.24,281.6288,Send checkout reminder
13486,1122.41,3,669,16.2668115942029,2011-09-22 13:13:00,United Kingdom,77,payment_failed,card_expired,1,40,MEDIUM,71.0,1122.41,796.9111,Send payment recovery link
13487,575.4,3,265,16.923529411764704,2011-10-13 12:07:00,United Kingdom,57,payment_failed,card_expired,1,40,MEDIUM,71.0,575.4,408.534,Send payment recovery link
13488,8968.31,13,4518,21.25191943127962,2011-11-22 14:41:00,United Kingdom,16,successful,none,0,10,LOW,89.0,8968.31,7981.7959,No action required
13489,449.52,4,560,32.10857142857143,2011-08-26 13:16:00,United Kingdom,104,subscription_failed,insufficient_funds,1,60,MEDIUM,59.0,449.52,265.2168,Retry payment + reminder
13491,1215.82,10,903,14.137441860465115,2011-10-19 08:32:00,United Kingdom,51,payment_failed,card_expired,1,40,MEDIUM,71.0,1215.82,863.2322,Send payment recovery link
13492,1269.84,3,408,25.3968,2011-07-26 14:25:00,Switzerland,135,subscription_failed,insufficient_funds,1,60,MEDIUM,59.0,1269.84,749.2056,Retry payment + reminder
13493,618.63,2,380,77.32875,2011-03-09 15:35:00,Switzerland,274,checkout_abandoned,checkout_abandoned,1,55,MEDIUM,62.0,618.63,383.5506,Send checkout reminder
13494,316.26000000000005,1,162,17.570000000000004,2011-02-01 11:58:00,United Kingdom,311,checkout_abandoned,checkout_abandoned,1,55,MEDIUM,62.0,316.26000000000005,196.08120000000002,Send checkout reminder
13495,2044.8700000000001,5,829,42.60145833333333,2011-12-02 11:21:00,United Kingdom,7,successful,none,0,0,LOW,95.0,2044.8700000000001,1942.6265000000003,No action required
13496,653.33,2,341,18.66657142857143,2011-11-29 10:58:00,United Kingdom,10,successful,none,0,0,LOW,95.0,653.33,620.6635000000001,No action required
13497,348.05,2,163,18.318421052631578,2011-03-02 09:04:00,United Kingdom,282,checkout_abandoned,checkout_abandoned,1,55,MEDIUM,62.0,348.05,215.79100000000003,Send checkout reminder
13499,1159.11,5,1365,27.59785714285714,2011-11-22 11:21:00,United Kingdom,17,successful,none,0,0,LOW,95.0,1159.11,1101.1544999999999,No action required
13500,1166.77,3,609,17.950307692307693,2011-11-16 15:35:00,United Kingdom,22,successful,none,0,0,LOW,95.0,1166.77,1108.4315,No action required
13501,1340.32,1,560,25.775384615384613,2011-02-24 18:59:00,Switzerland,287,checkout_abandoned,checkout_abandoned,1,55,MEDIUM,62.0,1340.32,830.9984,Send checkout reminder
13502,292.0,3,264,16.22222222222222,2011-11-23 10:39:00,United Kingdom,16,successful,none,0,0,LOW,95.0,292.0,277.4,No action required
13503,216.85,1,248,12.755882352941176,2011-09-29 13:23:00,United Kingdom,70,payment_failed,card_expired,1,40,MEDIUM,71.0,216.85,153.9635,Send payment recovery link
13504,295.93,1,178,13.451363636363636,2011-10-06 13:20:00,United Kingdom,63,payment_failed,card_expired,1,40,MEDIUM,71.0,295.93,210.1103,Send payment recovery link
13505,4393.63,4,2486,20.435488372093022,2011-09-28 11:56:00,Switzerland,72,payment_failed,card_expired,1,40,MEDIUM,71.0,4393.63,3119.4773,Send payment recovery link
13506,458.52,2,324,17.635384615384616,2011-01-27 13:53:00,United Kingdom,315,checkout_abandoned,checkout_abandoned,1,55,MEDIUM,62.0,458.52,284.2824,Send checkout reminder
13507,2479.16,4,1597,15.303456790123455,2011-12-06 13:13:00,United Kingdom,2,successful,none,0,0,LOW,95.0,2479.16,2355.2019999999998,No action required
13508,110.97,1,24,9.2475,2011-04-10 11:58:00,United Kingdom,243,checkout_abandoned,checkout_abandoned,1,55,MEDIUM,62.0,110.97,68.8014,Send checkout reminder
13509,979.72,7,1106,22.266363636363636,2011-12-01 10:10:00,United Kingdom,8,successful,none,0,0,LOW,95.0,979.72,930.734,No action required
13510,1791.56,4,1386,15.578782608695652,2011-12-08 13:46:00,United Kingdom,0,successful,none,0,0,LOW,95.0,1791.56,1701.9819999999997,No action required
13512,251.21,1,143,16.747333333333334,2011-03-24 10:03:00,United Kingdom,260,checkout_abandoned,checkout_abandoned,1,55,MEDIUM,62.0,251.21,155.7502,Send checkout reminder
13513,205.1,1,109,20.509999999999998,2011-08-05 11:50:00,United Kingdom,126,subscription_failed,insufficient_funds,1,60,MEDIUM,59.0,205.1,121.009,Retry payment + reminder
13514,152.20000000000002,1,40,38.050000000000004,2011-09-27 09:39:00,United Kingdom,73,payment_failed,card_expired,1,40,MEDIUM,71.0,152.20000000000002,108.06200000000001,Send payment recovery link
13515,891.12,4,681,15.103728813559322,2011-09-28 11:26:00,United Kingdom,72,payment_failed,card_expired,1,40,MEDIUM,71.0,891.12,632.6952,Send payment recovery link
13516,1389.41,3,985,31.5775,2011-11-18 13:15:00,United Kingdom,20,successful,none,0,0,LOW,95.0,1389.41,1319.9395000000002,No action required
13517,2128.42,3,1369,15.09517730496454,2011-10-11 11:43:00,United Kingdom,59,payment_failed,card_expired,1,40,MEDIUM,71.0,2128.42,1511.1782,Send payment recovery link
13518,659.4399999999999,1,392,17.353684210526314,2011-09-15 10:29:00,United Kingdom,85,payment_failed,card_expired,1,40,MEDIUM,71.0,659.4399999999999,468.20239999999995,Send payment recovery link
13519,122.75,1,23,15.34375,2011-09-22 18:24:00,United Kingdom,77,payment_failed,card_expired,1,40,MEDIUM,71.0,122.75,87.1525,Send payment recovery link
13520,3624.35,6,1649,38.97150537634408,2011-10-12 10:20:00,Switzerland,58,payment_failed,card_expired,1,40,MEDIUM,71.0,3624.35,2573.2885,Send payment recovery link
13521,1093.65,3,736,2.508371559633028,2011-12-08 13:50:00,United Kingdom,0,successful,none,0,0,LOW,95.0,1093.65,1038.9675000000002,No action required
13522,125.80000000000001,1,44,25.160000000000004,2011-11-09 15:11:00,United Kingdom,29,successful,none,0,0,LOW,95.0,125.80000000000001,119.51000000000002,No action required
13523,3964.88,5,1752,23.051627906976744,2011-11-06 15:11:00,United Kingdom,32,successful,none,0,0,LOW,95.0,3964.88,3766.6360000000004,No action required
13524,680.1800000000001,5,324,25.191851851851855,2011-10-30 12:34:00,United Kingdom,40,successful,none,0,0,LOW,95.0,680.1800000000001,646.171,No action required
13525,628.78,2,394,104.79666666666667,2011-11-25 12:01:00,United Kingdom,14,successful,none,0,0,LOW,95.0,628.78,597.341,No action required
13527,2287.51,7,1692,10.257892376681616,2011-11-06 12:04:00,United Kingdom,33,successful,none,0,0,LOW,95.0,2287.51,2173.1345,No action required
13529,307.76,2,74,20.517333333333333,2011-09-22 09:15:00,United Kingdom,78,payment_failed,card_expired,1,40,MEDIUM,71.0,307.76,218.50959999999998,Send payment recovery link
13531,483.8,2,174,21.990909090909092,2011-05-18 16:56:00,United Kingdom,204,checkout_abandoned,checkout_abandoned,1,55,MEDIUM,62.0,483.8,299.956,Send checkout reminder
13532,210.31,1,129,3.1865151515151515,2011-11-06 12:25:00,United Kingdom,33,successful,none,0,0,LOW,95.0,210.31,199.7945,No action required
13533,270.79,3,204,3.563026315789474,2011-06-10 11:54:00,United Kingdom,182,checkout_abandoned,checkout_abandoned,1,55,MEDIUM,62.0,270.79,167.8898,Send checkout reminder
13534,5870.08,25,2961,19.83135135135135,2011-12-07 14:52:00,United Kingdom,1,successful,none,0,10,LOW,89.0,5870.08,5224.3712,No action required
13536,3448.29,7,2136,19.264189944134078,2011-12-08 16:38:00,United Kingdom,0,successful,none,0,0,LOW,95.0,3448.29,3275.8755,No action required
13538,1280.85,7,175,51.233999999999995,2011-10-27 16:34:00,United Kingdom,42,successful,none,0,0,LOW,95.0,1280.85,1216.8075,No action required
13539,631.34,3,320,17.063243243243242,2011-09-15 10:18:00,United Kingdom,85,payment_failed,card_expired,1,40,MEDIUM,71.0,631.34,448.2514,Send payment recovery link
13544,291.41,2,127,3.349540229885058,2011-10-31 11:57:00,United Kingdom,39,successful,none,0,0,LOW,95.0,291.41,276.8395,No action required
13546,626.99,3,359,6.397857142857143,2011-11-27 14:50:00,United Kingdom,11,successful,none,0,0,LOW,95.0,626.99,595.6405,No action required
13548,682.41,2,441,5.503306451612903,2011-09-04 14:50:00,United Kingdom,95,subscription_failed,insufficient_funds,1,60,MEDIUM,59.0,682.41,402.6218999999999,Retry payment + reminder
13549,918.2,7,458,18.00392156862745,2011-11-14 09:20:00,United Kingdom,25,successful,none,0,0,LOW,95.0,918.2,872.29,No action required
13551,91.80000000000001,1,12,22.950000000000003,2011-01-24 14:46:00,United Kingdom,318,checkout_abandoned,checkout_abandoned,1,55,MEDIUM,62.0,91.80000000000001,56.916000000000004,Send checkout reminder
13552,3740.07,12,1417,34.31256880733945,2011-10-04 15:19:00,United Kingdom,65,payment_failed,card_expired,1,40,MEDIUM,71.0,3740.07,2655.4497,Send payment recovery link
13555,4149.28,4,2660,30.50941176470588,2011-09-27 12:36:00,United Kingdom,73,payment_failed,card_expired,1,40,MEDIUM,71.0,4149.28,2945.9888,Send payment recovery link
13557,584.06,2,546,17.178235294117645,2011-11-11 15:24:00,United Kingdom,27,successful,none,0,0,LOW,95.0,584.06,554.857,No action required
13558,605.06,4,344,3.457485714285714,2011-12-04 11:24:00,United Kingdom,5,successful,none,0,0,LOW,95.0,605.06,574.807,No action required
13560,174.37,1,64,5.283939393939394,2011-12-02 13:11:00,United Kingdom,6,successful,none,0,0,LOW,95.0,174.37,165.65150000000003,No action required
13561,141.85999999999999,1,83,10.132857142857143,2011-05-08 12:39:00,United Kingdom,215,checkout_abandoned,checkout_abandoned,1,55,MEDIUM,62.0,141.85999999999999,87.9532,Send checkout reminder
13562,1799.33,3,757,21.943048780487803,2011-09-19 10:51:00,United Kingdom,81,payment_failed,card_expired,1,40,MEDIUM,71.0,1799.33,1277.5243,Send payment recovery link
13563,777.53,2,209,15.867959183673468,2011-09-16 14:45:00,United Kingdom,83,payment_failed,card_expired,1,40,MEDIUM,71.0,777.53,552.0463,Send payment recovery link
13564,1749.02,3,661,21.07253012048193,2011-07-18 14:33:00,United Kingdom,143,subscription_failed,insufficient_funds,1,60,MEDIUM,59.0,1749.02,1031.9217999999998,Retry payment + reminder
13565,240.22,2,172,6.321578947368421,2011-11-20 14:33:00,United Kingdom,18,successful,none,0,0,LOW,95.0,240.22,228.209,No action required
13566,874.71,2,575,4.969943181818182,2011-10-30 11:59:00,United Kingdom,40,successful,none,0,0,LOW,95.0,874.71,830.9744999999999,No action required
13568,192.85,1,70,4.382954545454545,2011-06-19 14:42:00,United Kingdom,172,subscription_failed,insufficient_funds,1,60,MEDIUM,59.0,192.85,113.7815,Retry payment + reminder
13569,373.75,2,164,4.397058823529412,2011-11-22 13:07:00,United Kingdom,16,successful,none,0,0,LOW,95.0,373.75,355.0625,No action required
13570,239.49,1,161,8.870000000000001,2011-04-10 13:36:00,United Kingdom,242,checkout_abandoned,checkout_abandoned,1,55,MEDIUM,62.0,239.49,148.4838,Send checkout reminder
13571,2092.32,12,1759,6.1358357771261005,2011-11-27 10:47:00,United Kingdom,12,successful,none,0,0,LOW,95.0,2092.32,1987.7040000000002,No action required
13572,1384.25,1,534,41.946969696969695,2011-05-18 11:59:00,United Kingdom,205,checkout_abandoned,checkout_abandoned,1,55,MEDIUM,62.0,1384.25,858.235,Send checkout reminder
13573,294.4,2,303,11.323076923076922,2011-10-20 14:33:00,United Kingdom,49,payment_failed,card_expired,1,40,MEDIUM,71.0,294.4,209.02399999999997,Send payment recovery link
13575,732.0699999999999,5,449,15.914565217391303,2011-11-16 13:14:00,United Kingdom,22,successful,none,0,0,LOW,95.0,732.0699999999999,695.4665,No action required
13576,6717.34,18,2646,53.312222222222225,2011-11-29 15:34:00,United Kingdom,9,successful,none,0,10,LOW,89.0,6717.34,5978.4326,No action required
13577,1687.6000000000001,4,791,20.33253012048193,2011-11-14 15:19:00,United Kingdom,24,successful,none,0,0,LOW,95.0,1687.6000000000001,1603.22,No action required
13579,467.04,2,176,20.30608695652174,2011-11-25 08:41:00,United Kingdom,14,successful,none,0,0,LOW,95.0,467.04,443.68800000000005,No action required
13581,118.0,1,30,11.8,2011-02-03 14:41:00,United Kingdom,308,checkout_abandoned,checkout_abandoned,1,55,MEDIUM,62.0,118.0,73.16,Send checkout reminder
13583,781.03,1,725,14.736415094339621,2011-07-07 10:40:00,United Kingdom,155,subscription_failed,insufficient_funds,1,60,MEDIUM,59.0,781.03,460.80769999999995,Retry payment + reminder
13584,142.4,1,37,5.933333333333334,2011-02-06 12:49:00,United Kingdom,306,checkout_abandoned,checkout_abandoned,1,55,MEDIUM,62.0,142.4,88.28800000000001,Send checkout reminder
13587,712.4,1,180,89.05,2011-10-07 12:31:00,United Kingdom,63,payment_failed,card_expired,1,40,MEDIUM,71.0,712.4,505.80400000000003,Send payment recovery link
13588,2478.95,9,2606,14.246839080459768,2011-11-24 10:42:00,United Kingdom,15,successful,none,0,0,LOW,95.0,2478.95,2355.0024999999996,No action required
13589,379.65,2,114,18.07857142857143,2011-11-25 12:10:00,United Kingdom,14,successful,none,0,0,LOW,95.0,379.65,360.6675,No action required
13590,1981.92,6,1848,22.780689655172413,2011-11-28 12:54:00,United Kingdom,10,successful,none,0,0,LOW,95.0,1981.92,1882.8239999999998,No action required
13591,1117.13,3,485,19.26086206896552,2011-10-06 12:26:00,United Kingdom,64,payment_failed,card_expired,1,40,MEDIUM,71.0,1117.13,793.1623000000001,Send payment recovery link
13592,247.95999999999998,4,84,15.497499999999999,2011-11-04 09:49:00,United Kingdom,35,successful,none,0,0,LOW,95.0,247.95999999999998,235.56199999999998,No action required
13593,2037.0800000000002,5,731,15.914687500000001,2011-08-23 13:35:00,United Kingdom,107,subscription_failed,insufficient_funds,1,60,MEDIUM,59.0,2037.0800000000002,1201.8772000000001,Retry payment + reminder
13594,396.97,1,359,15.268076923076924,2011-10-18 10:19:00,United Kingdom,52,payment_failed,card_expired,1,40,MEDIUM,71.0,396.97,281.8487,Send payment recovery link
13596,697.04,2,406,4.199036144578313,2011-12-04 12:01:00,United Kingdom,5,successful,none,0,0,LOW,95.0,697.04,662.188,No action required
13598,180.17000000000002,1,58,4.504250000000001,2011-10-23 14:28:00,United Kingdom,46,payment_failed,card_expired,1,40,MEDIUM,71.0,180.17000000000002,127.92070000000001,Send payment recovery link
13599,5153.67,21,3294,20.86506072874494,2011-12-08 16:10:00,United Kingdom,0,successful,none,0,10,LOW,89.0,5153.67,4586.7663,No action required
13600,219.52,1,324,11.553684210526317,2011-01-31 15:27:00,United Kingdom,311,checkout_abandoned,checkout_abandoned,1,55,MEDIUM,62.0,219.52,136.1024,Send checkout reminder
13601,693.32,2,548,7.003232323232324,2011-10-25 17:31:00,United Kingdom,44,successful,none,0,0,LOW,95.0,693.32,658.6540000000001,No action required
13602,428.89,1,267,18.647391304347824,2011-10-06 11:47:00,United Kingdom,64,payment_failed,card_expired,1,40,MEDIUM,71.0,428.89,304.51189999999997,Send payment recovery link
13603,164.34,1,164,6.086666666666667,2011-11-13 15:57:00,United Kingdom,25,successful,none,0,0,LOW,95.0,164.34,156.12300000000002,No action required
13606,280.53999999999996,3,279,6.524186046511627,2011-11-10 17:46:00,United Kingdom,28,successful,none,0,0,LOW,95.0,280.53999999999996,266.513,No action required
13607,678.01,1,290,6.918469387755102,2011-10-30 16:17:00,United Kingdom,39,successful,none,0,0,LOW,95.0,678.01,644.1095,No action required
13610,1131.88,7,516,5.008318584070797,2011-11-27 15:38:00,United Kingdom,11,successful,none,0,0,LOW,95.0,1131.88,1075.286,No action required
13611,1171.8,3,766,15.835135135135134,2011-09-11 14:51:00,United Kingdom,88,payment_failed,card_expired,1,40,MEDIUM,71.0,1171.8,831.9780000000001,Send payment recovery link
13614,1610.46,4,570,8.01223880597015,2011-11-15 14:47:00,United Kingdom,23,successful,none,0,0,LOW,95.0,1610.46,1529.9370000000001,No action required
13615,417.69,1,189,18.160434782608696,2011-01-25 08:21:00,United Kingdom,318,checkout_abandoned,checkout_abandoned,1,55,MEDIUM,62.0,417.69,258.9678,Send checkout reminder
13617,544.18,3,300,12.367727272727272,2011-10-30 13:50:00,United Kingdom,39,successful,none,0,0,LOW,95.0,544.18,516.971,No action required
13618,177.34,1,246,13.641538461538461,2011-06-19 11:09:00,United Kingdom,173,subscription_failed,insufficient_funds,1,60,MEDIUM,59.0,177.34,104.6306,Retry payment + reminder
13621,213.85,1,343,11.255263157894737,2011-08-15 08:26:00,United Kingdom,116,subscription_failed,insufficient_funds,1,60,MEDIUM,59.0,213.85,126.1715,Retry payment + reminder
13623,747.78,5,294,9.231851851851852,2011-11-09 12:00:00,United Kingdom,30,successful,none,0,0,LOW,95.0,747.78,710.391,No action required
13626,257.23,1,209,13.53842105263158,2011-04-01 10:05:00,United Kingdom,252,checkout_abandoned,checkout_abandoned,1,55,MEDIUM,62.0,257.23,159.48260000000002,Send checkout reminder
13627,1638.47,5,1269,17.80945652173913,2011-10-11 14:20:00,United Kingdom,58,payment_failed,card_expired,1,40,MEDIUM,71.0,1638.47,1163.3137,Send payment recovery link
13629,7792.36,11,4372,132.07389830508475,2011-11-16 13:21:00,United Kingdom,22,successful,none,0,10,LOW,89.0,7792.36,6935.200399999999,No action required
13630,2031.78,7,1391,28.61661971830986,2011-12-04 15:16:00,United Kingdom,4,successful,none,0,0,LOW,95.0,2031.78,1930.191,No action required
13631,3070.42,11,467,279.1290909090909,2011-09-01 09:57:00,United Kingdom,99,subscription_failed,insufficient_funds,1,60,MEDIUM,59.0,3070.42,1811.5478,Retry payment + reminder
13632,2121.27,5,1037,14.529246575342466,2011-11-15 10:51:00,United Kingdom,24,successful,none,0,0,LOW,95.0,2121.27,2015.2065,No action required
13634,1575.16,5,704,8.378510638297874,2011-11-06 13:40:00,United Kingdom,32,successful,none,0,0,LOW,95.0,1575.16,1496.402,No action required
13635,1071.03,1,677,17.274677419354838,2011-10-03 10:55:00,United Kingdom,67,payment_failed,card_expired,1,40,MEDIUM,71.0,1071.03,760.4313000000001,Send payment recovery link
13636,949.12,5,592,15.065396825396826,2011-11-03 10:30:00,United Kingdom,36,successful,none,0,0,LOW,95.0,949.12,901.664,No action required
13637,810.5,3,409,8.024752475247524,2011-10-18 13:32:00,United Kingdom,51,payment_failed,card_expired,1,40,MEDIUM,71.0,810.5,575.455,Send payment recovery link
13638,122.64,1,93,15.33,2011-11-24 10:38:00,United Kingdom,15,successful,none,0,0,LOW,95.0,122.64,116.508,No action required
13639,1033.34,1,800,25.833499999999997,2011-09-26 13:36:00,United Kingdom,73,payment_failed,card_expired,1,40,MEDIUM,71.0,1033.34,733.6714,Send payment recovery link
13642,354.8,1,173,5.375757575757576,2011-05-08 12:34:00,United Kingdom,215,checkout_abandoned,checkout_abandoned,1,55,MEDIUM,62.0,354.8,219.97600000000003,Send checkout reminder
13643,519.44,3,273,18.551428571428573,2011-11-08 15:37:00,United Kingdom,30,successful,none,0,0,LOW,95.0,519.44,493.468,No action required
13644,2624.26,4,2067,17.974383561643837,2011-11-23 14:07:00,United Kingdom,15,successful,none,0,0,LOW,95.0,2624.26,2493.047,No action required
13645,252.1,1,158,50.42,2011-08-11 16:11:00,United Kingdom,119,subscription_failed,insufficient_funds,1,60,MEDIUM,59.0,252.1,148.739,Retry payment + reminder
13647,1678.1200000000001,4,895,21.2420253164557,2011-11-30 12:00:00,United Kingdom,9,successful,none,0,0,LOW,95.0,1678.1200000000001,1594.2140000000002,No action required
13649,346.6,2,139,15.069565217391306,2011-03-28 11:51:00,United Kingdom,256,checkout_abandoned,checkout_abandoned,1,55,MEDIUM,62.0,346.6,214.892,Send checkout reminder
13650,1836.34,6,922,19.128541666666667,2011-11-23 12:22:00,United Kingdom,16,successful,none,0,0,LOW,95.0,1836.34,1744.523,No action required
13651,94.2,2,33,15.700000000000001,2011-11-04 14:59:00,United Kingdom,34,successful,none,0,0,LOW,95.0,94.2,89.49,No action required
13652,1095.08,3,578,17.38222222222222,2011-10-25 08:51:00,United Kingdom,45,successful,none,0,0,LOW,95.0,1095.08,1040.326,No action required
13654,2707.33,6,2182,16.30921686746988,2011-10-27 16:24:00,United Kingdom,42,successful,none,0,0,LOW,95.0,2707.33,2571.9635,No action required
13655,932.97,2,605,16.66017857142857,2011-08-17 14:25:00,United Kingdom,113,subscription_failed,insufficient_funds,1,60,MEDIUM,59.0,932.97,550.4523,Retry payment + reminder
13656,379.65,2,490,7.747959183673469,2011-06-28 10:31:00,United Kingdom,164,subscription_failed,insufficient_funds,1,60,MEDIUM,59.0,379.65,223.99349999999998,Retry payment + reminder
13657,382.14,2,209,23.88375,2011-11-29 12:32:00,United Kingdom,10,successful,none,0,0,LOW,95.0,382.14,363.03299999999996,No action required
13658,2639.17,5,1019,24.43675925925926,2011-11-30 10:13:00,United Kingdom,9,successful,none,0,0,LOW,95.0,2639.17,2507.2115,No action required
13659,1573.2,2,894,15.126923076923077,2011-05-18 12:37:00,United Kingdom,205,checkout_abandoned,checkout_abandoned,1,55,MEDIUM,62.0,1573.2,975.3840000000001,Send checkout reminder
13662,897.76,3,543,16.938867924528303,2011-09-15 12:04:00,United Kingdom,85,payment_failed,card_expired,1,40,MEDIUM,71.0,897.76,637.4096,Send payment recovery link
13663,189.47,1,91,14.574615384615385,2011-06-13 15:44:00,United Kingdom,178,subscription_failed,insufficient_funds,1,60,MEDIUM,59.0,189.47,111.7873,Retry payment + reminder
13666,84.65,3,41,7.054166666666667,2011-10-10 15:39:00,United Kingdom,59,payment_failed,card_expired,1,40,MEDIUM,71.0,84.65,60.10150000000001,Send payment recovery link
13667,305.02,1,154,3.505977011494253,2011-07-13 15:42:00,United Kingdom,148,subscription_failed,insufficient_funds,1,60,MEDIUM,59.0,305.02,179.9618,Retry payment + reminder
13668,6363.59,21,3742,13.539553191489363,2011-12-07 12:11:00,United Kingdom,2,successful,none,0,10,LOW,89.0,6363.59,5663.5951000000005,No action required
13669,218.55,2,237,24.283333333333335,2011-10-20 09:32:00,United Kingdom,50,payment_failed,card_expired,1,40,MEDIUM,71.0,218.55,155.1705,Send payment recovery link
13670,349.7,1,282,13.988,2011-09-25 15:25:00,United Kingdom,74,payment_failed,card_expired,1,40,MEDIUM,71.0,349.7,248.287,Send payment recovery link
13672,186.39000000000001,2,57,31.065,2011-02-11 13:53:00,United Kingdom,300,checkout_abandoned,checkout_abandoned,1,55,MEDIUM,62.0,186.39000000000001,115.5618,Send checkout reminder
13673,396.92,2,119,6.106461538461539,2011-11-21 12:11:00,United Kingdom,18,successful,none,0,0,LOW,95.0,396.92,377.074,No action required
13675,486.82000000000005,2,330,19.472800000000003,2011-07-11 12:57:00,United Kingdom,150,subscription_failed,insufficient_funds,1,60,MEDIUM,59.0,486.82000000000005,287.22380000000004,Retry payment + reminder
13678,232.6,1,924,14.5375,2011-07-11 10:14:00,United Kingdom,151,subscription_failed,insufficient_funds,1,60,MEDIUM,59.0,232.6,137.234,Retry payment + reminder
13680,3722.42,4,1936,19.089333333333332,2011-12-08 13:47:00,United Kingdom,0,successful,none,0,0,LOW,95.0,3722.42,3536.2990000000004,No action required
13681,827.83,4,360,14.523333333333333,2011-11-22 11:13:00,United Kingdom,17,successful,none,0,0,LOW,95.0,827.83,786.4385000000001,No action required
13682,59.5,1,10,19.833333333333332,2011-06-05 14:06:00,United Kingdom,186,checkout_abandoned,checkout_abandoned,1,55,MEDIUM,62.0,59.5,36.89,Send checkout reminder
13684,67.23,1,39,2.241,2011-02-27 10:13:00,United Kingdom,285,checkout_abandoned,checkout_abandoned,1,55,MEDIUM,62.0,67.23,41.6826,Send checkout reminder
13685,3119.44,7,5056,79.98564102564103,2011-12-07 11:41:00,United Kingdom,2,successful,none,0,0,LOW,95.0,3119.44,2963.468,No action required
13686,72.0,1,70,9.0,2011-06-10 09:10:00,United Kingdom,182,checkout_abandoned,checkout_abandoned,1,55,MEDIUM,62.0,72.0,44.64,Send checkout reminder
13689,910.0,1,512,151.66666666666666,2011-10-07 13:21:00,United Kingdom,62,payment_failed,card_expired,1,40,MEDIUM,71.0,910.0,646.1,Send payment recovery link
13690,172.25,1,67,19.13888888888889,2011-10-11 15:03:00,United Kingdom,58,payment_failed,card_expired,1,40,MEDIUM,71.0,172.25,122.2975,Send payment recovery link
13692,1488.32,3,1226,28.081509433962264,2011-11-15 11:17:00,United Kingdom,24,successful,none,0,0,LOW,95.0,1488.32,1413.904,No action required
13694,65039.62,50,63312,114.50637323943663,2011-12-06 09:32:00,United Kingdom,3,successful,none,0,10,LOW,89.0,65039.62,57885.26180000001,No action required
13695,2504.13,15,1603,27.823666666666668,2011-11-08 14:26:00,United Kingdom,30,successful,none,0,0,LOW,95.0,2504.13,2378.9235,No action required
13697,151.29999999999998,1,177,12.608333333333333,2011-11-01 09:14:00,United Kingdom,38,successful,none,0,0,LOW,95.0,151.29999999999998,143.73499999999999,No action required
13699,308.58000000000004,1,66,22.041428571428575,2011-07-07 16:51:00,United Kingdom,154,subscription_failed,insufficient_funds,1,60,MEDIUM,59.0,308.58000000000004,182.06220000000002,Retry payment + reminder
13700,2265.12,10,2304,11.498071065989848,2011-11-13 13:00:00,United Kingdom,25,successful,none,0,0,LOW,95.0,2265.12,2151.864,No action required
13703,99.5,1,10,99.5,2011-01-25 13:10:00,United Kingdom,317,checkout_abandoned,checkout_abandoned,1,55,MEDIUM,62.0,99.5,61.69,Send checkout reminder
13704,2308.06,9,1531,17.224328358208954,2011-12-04 15:13:00,United Kingdom,4,successful,none,0,0,LOW,95.0,2308.06,2192.6569999999997,No action required
13705,711.86,3,363,25.423571428571428,2011-12-02 12:32:00,United Kingdom,7,successful,none,0,0,LOW,95.0,711.86,676.2669999999999,No action required
13706,330.79,1,189,16.5395,2011-02-10 09:21:00,United Kingdom,302,checkout_abandoned,checkout_abandoned,1,55,MEDIUM,62.0,330.79,205.0898,Send checkout reminder
13707,806.41,2,351,16.800208333333334,2011-03-17 18:03:00,United Kingdom,266,checkout_abandoned,checkout_abandoned,1,55,MEDIUM,62.0,806.41,499.9742,Send checkout reminder
13708,296.88,1,306,5.821176470588235,2011-03-13 13:46:00,United Kingdom,270,checkout_abandoned,checkout_abandoned,1,55,MEDIUM,62.0,296.88,184.06560000000002,Send checkout reminder
13709,6328.05,13,3516,18.833482142857143,2011-12-06 10:28:00,United Kingdom,3,successful,none,0,10,LOW,89.0,6328.05,5631.964500000001,No action required
13710,180.48,1,176,22.56,2011-11-08 08:16:00,United Kingdom,31,successful,none,0,0,LOW,95.0,180.48,171.456,No action required
13711,252.06,2,140,19.38923076923077,2011-05-05 10:31:00,United Kingdom,218,checkout_abandoned,checkout_abandoned,1,55,MEDIUM,62.0,252.06,156.2772,Send checkout reminder
13712,228.84,1,352,22.884,2011-04-07 12:33:00,United Kingdom,246,checkout_abandoned,checkout_abandoned,1,55,MEDIUM,62.0,228.84,141.8808,Send checkout reminder
13715,1079.34,5,563,10.279428571428571,2011-03-03 19:21:00,United Kingdom,280,checkout_abandoned,checkout_abandoned,1,55,MEDIUM,62.0,1079.34,669.1908,Send checkout reminder
13716,138.28,1,138,6.584761904761905,2011-03-15 13:49:00,United Kingdom,268,checkout_abandoned,checkout_abandoned,1,55,MEDIUM,62.0,138.28,85.73360000000001,Send checkout reminder
13717,1445.01,6,1959,14.166764705882352,2011-11-07 14:13:00,United Kingdom,31,successful,none,0,0,LOW,95.0,1445.01,1372.7595000000001,No action required
13718,306.55,2,173,25.545833333333334,2011-04-07 13:24:00,United Kingdom,245,checkout_abandoned,checkout_abandoned,1,55,MEDIUM,62.0,306.55,190.06100000000004,Send checkout reminder
13719,1041.68,5,609,17.361333333333334,2011-11-24 15:26:00,United Kingdom,14,successful,none,0,0,LOW,95.0,1041.68,989.596,No action required
13720,799.9,4,501,18.60232558139535,2011-08-15 12:46:00,United Kingdom,116,subscription_failed,insufficient_funds,1,60,MEDIUM,59.0,799.9,471.941,Retry payment + reminder
13721,524.14,1,316,18.719285714285714,2011-11-03 14:05:00,United Kingdom,35,successful,none,0,0,LOW,95.0,524.14,497.93299999999994,No action required
13722,2375.41,3,1401,27.945999999999998,2011-07-31 12:44:00,United Kingdom,131,subscription_failed,insufficient_funds,1,60,MEDIUM,59.0,2375.41,1401.4919,Retry payment + reminder
13723,199.85000000000002,1,43,33.30833333333334,2011-05-06 17:04:00,United Kingdom,216,checkout_abandoned,checkout_abandoned,1,55,MEDIUM,62.0,199.85000000000002,123.90700000000001,Send checkout reminder
13725,1980.56,8,806,19.043846153846154,2011-10-21 10:03:00,United Kingdom,49,payment_failed,card_expired,1,40,MEDIUM,71.0,1980.56,1406.1976000000002,Send payment recovery link
13726,1079.6599999999999,2,1054,25.70619047619047,2011-11-01 10:49:00,United Kingdom,38,successful,none,0,0,LOW,95.0,1079.6599999999999,1025.677,No action required
13727,333.48,2,162,16.674,2011-11-11 09:46:00,United Kingdom,28,successful,none,0,0,LOW,95.0,333.48,316.80600000000004,No action required
13728,1016.14,6,458,16.12920634920635,2011-11-03 10:49:00,United Kingdom,36,successful,none,0,0,LOW,95.0,1016.14,965.3330000000001,No action required
13730,752.6,2,488,17.50232558139535,2011-07-27 08:35:00,United Kingdom,135,subscription_failed,insufficient_funds,1,60,MEDIUM,59.0,752.6,444.034,Retry payment + reminder
13731,610.59,2,278,16.068157894736842,2011-05-04 14:33:00,United Kingdom,218,checkout_abandoned,checkout_abandoned,1,55,MEDIUM,62.0,610.59,378.5658,Send checkout reminder
13732,491.86,1,498,14.904848484848486,2011-11-11 15:49:00,United Kingdom,27,successful,none,0,0,LOW,95.0,491.86,467.26700000000005,No action required
13735,2885.2400000000002,4,1130,14.72061224489796,2011-11-15 11:14:00,United Kingdom,24,successful,none,0,0,LOW,95.0,2885.2400000000002,2740.9780000000005,No action required
13736,731.9,2,497,3.831937172774869,2011-12-04 15:19:00,United Kingdom,4,successful,none,0,0,LOW,95.0,731.9,695.305,No action required
13737,339.59999999999997,1,125,11.319999999999999,2011-05-23 16:32:00,United Kingdom,199,checkout_abandoned,checkout_abandoned,1,55,MEDIUM,62.0,339.59999999999997,210.55199999999996,Send checkout reminder
13739,216.9,1,54,72.3,2011-11-21 13:35:00,United Kingdom,17,successful,none,0,0,LOW,95.0,216.9,206.055,No action required
13740,350.75,1,425,15.25,2011-04-13 10:32:00,United Kingdom,240,checkout_abandoned,checkout_abandoned,1,55,MEDIUM,62.0,350.75,217.465,Send checkout reminder
13741,668.4300000000001,3,218,19.65970588235294,2011-09-29 09:19:00,United Kingdom,71,payment_failed,card_expired,1,40,MEDIUM,71.0,668.4300000000001,474.5853000000001,Send payment recovery link
13742,3131.02,12,1124,9.753956386292835,2011-11-23 11:07:00,United Kingdom,16,successful,none,0,0,LOW,95.0,3131.02,2974.469,No action required
13743,1341.6,7,1776,32.72195121951219,2011-12-07 10:09:00,United Kingdom,2,successful,none,0,0,LOW,95.0,1341.6,1274.5199999999998,No action required
13744,1156.36,2,1249,16.060555555555553,2011-09-05 15:19:00,United Kingdom,94,subscription_failed,insufficient_funds,1,60,MEDIUM,59.0,1156.36,682.2523999999999,Retry payment + reminder
13745,300.04,1,496,12.001600000000002,2011-06-30 16:43:00,United Kingdom,161,subscription_failed,insufficient_funds,1,60,MEDIUM,59.0,300.04,177.02360000000002,Retry payment + reminder
13747,79.6,1,8,79.6,2010-12-01 10:37:00,United Kingdom,373,checkout_abandoned,checkout_abandoned,1,55,MEDIUM,62.0,79.6,49.352,Send checkout reminder
13748,948.25,5,439,33.86607142857143,2011-09-05 09:45:00,United Kingdom,95,subscription_failed,insufficient_funds,1,60,MEDIUM,59.0,948.25,559.4675,Retry payment + reminder
13750,1647.26,5,516,68.63583333333334,2011-10-17 12:16:00,United Kingdom,53,payment_failed,card_expired,1,40,MEDIUM,71.0,1647.26,1169.5546000000002,Send payment recovery link
13751,296.25,1,152,32.916666666666664,2011-02-24 15:56:00,United Kingdom,287,checkout_abandoned,checkout_abandoned,1,55,MEDIUM,62.0,296.25,183.675,Send checkout reminder
13752,1186.28,6,876,15.608947368421052,2011-08-07 14:16:00,United Kingdom,123,subscription_failed,insufficient_funds,1,60,MEDIUM,59.0,1186.28,699.9052,Retry payment + reminder
13753,741.26,1,512,21.178857142857144,2011-02-25 12:48:00,United Kingdom,287,checkout_abandoned,checkout_abandoned,1,55,MEDIUM,62.0,741.26,459.5812,Send checkout reminder
13754,282.59999999999997,2,214,23.549999999999997,2011-07-11 11:51:00,United Kingdom,151,subscription_failed,insufficient_funds,1,60,MEDIUM,59.0,282.59999999999997,166.73399999999998,Retry payment + reminder
13755,2161.35,9,1264,6.319736842105263,2011-12-06 12:26:00,United Kingdom,3,successful,none,0,0,LOW,95.0,2161.35,2053.2825,No action required
13756,5189.52,14,3188,36.54591549295775,2011-12-07 16:44:00,United Kingdom,1,successful,none,0,10,LOW,89.0,5189.52,4618.6728,No action required
13758,3190.55,7,1844,27.26965811965812,2011-11-28 11:11:00,United Kingdom,11,successful,none,0,0,LOW,95.0,3190.55,3031.0225,No action required
13759,659.4100000000001,2,287,26.376400000000004,2011-11-06 14:47:00,United Kingdom,32,successful,none,0,0,LOW,95.0,659.4100000000001,626.4395000000001,No action required
13760,286.79,2,197,5.03140350877193,2011-10-16 16:13:00,United Kingdom,53,payment_failed,card_expired,1,40,MEDIUM,71.0,286.79,203.6209,Send payment recovery link
13761,1070.65,2,642,15.295000000000002,2011-10-20 14:01:00,United Kingdom,49,payment_failed,card_expired,1,40,MEDIUM,71.0,1070.65,760.1615,Send payment recovery link
13762,306.72,1,272,43.81714285714286,2011-05-05 09:15:00,United Kingdom,218,checkout_abandoned,checkout_abandoned,1,55,MEDIUM,62.0,306.72,190.16640000000004,Send checkout reminder
13763,1714.96,1,728,114.33066666666667,2011-10-07 15:13:00,United Kingdom,62,payment_failed,card_expired,1,40,MEDIUM,71.0,1714.96,1217.6216,Send payment recovery link
13764,1521.76,3,932,7.3161538461538465,2011-09-30 12:03:00,United Kingdom,70,payment_failed,card_expired,1,40,MEDIUM,71.0,1521.76,1080.4496000000001,Send payment recovery link
13767,17220.36,37,7322,46.79445652173913,2011-12-07 15:00:00,United Kingdom,1,successful,none,0,10,LOW,89.0,17220.36,15326.1204,No action required
13769,2796.51,10,1163,20.71488888888889,2011-12-07 15:08:00,United Kingdom,1,successful,none,0,0,LOW,95.0,2796.51,2656.6845000000003,No action required
13771,2634.45,4,1477,22.138235294117646,2011-10-06 14:18:00,United Kingdom,63,payment_failed,card_expired,1,40,MEDIUM,71.0,2634.45,1870.4595,Send payment recovery link
13772,1132.13,3,546,6.396214689265538,2011-11-06 11:43:00,United Kingdom,33,successful,none,0,0,LOW,95.0,1132.13,1075.5235,No action required
13774,345.0,1,192,15.681818181818182,2011-09-19 12:06:00,United Kingdom,81,payment_failed,card_expired,1,40,MEDIUM,71.0,345.0,244.95,Send payment recovery link
13777,25977.16,33,12897,131.86375634517768,2011-12-09 12:25:00,United Kingdom,0,successful,none,0,10,LOW,89.0,25977.16,23119.672399999996,No action required
13778,178.7,1,70,19.855555555555554,2011-08-28 15:25:00,United Kingdom,102,subscription_failed,insufficient_funds,1,60,MEDIUM,59.0,178.7,105.43299999999999,Retry payment + reminder
13780,360.01,2,318,6.315964912280702,2011-12-02 13:49:00,United Kingdom,6,successful,none,0,0,LOW,95.0,360.01,342.00949999999995,No action required
13781,127.84,1,30,7.5200000000000005,2011-04-03 12:08:00,United Kingdom,250,checkout_abandoned,checkout_abandoned,1,55,MEDIUM,62.0,127.84,79.2608,Send checkout reminder
13782,912.0,6,371,7.930434782608696,2011-11-27 11:54:00,United Kingdom,12,successful,none,0,0,LOW,95.0,912.0,866.4,No action required
13784,2462.79,11,2493,79.44483870967741,2011-11-30 09:33:00,United Kingdom,9,successful,none,0,0,LOW,95.0,2462.79,2339.6504999999997,No action required
13786,230.39999999999998,1,136,32.91428571428571,2010-12-07 13:53:00,United Kingdom,366,checkout_abandoned,checkout_abandoned,1,55,MEDIUM,62.0,230.39999999999998,142.84799999999998,Send checkout reminder
13787,309.04,2,337,9.969032258064518,2011-09-25 12:06:00,United Kingdom,75,payment_failed,card_expired,1,40,MEDIUM,71.0,309.04,219.4184,Send payment recovery link
13790,348.8,1,748,7.751111111111111,2011-12-05 15:48:00,United Kingdom,3,successful,none,0,0,LOW,95.0,348.8,331.36,No action required
13791,1516.0,2,1200,137.8181818181818,2011-08-04 11:44:00,United Kingdom,127,subscription_failed,insufficient_funds,1,60,MEDIUM,59.0,1516.0,894.44,Retry payment + reminder
13792,195.55,2,92,15.042307692307693,2011-10-04 14:31:00,United Kingdom,65,payment_failed,card_expired,1,40,MEDIUM,71.0,195.55,138.84050000000002,Send payment recovery link
13798,37153.85,57,23948,106.4580229226361,2011-12-08 15:51:00,United Kingdom,0,successful,none,0,10,LOW,89.0,37153.85,33066.9265,No action required
13799,688.86,2,402,17.663076923076922,2011-08-15 12:07:00,United Kingdom,116,subscription_failed,insufficient_funds,1,60,MEDIUM,59.0,688.86,406.4274,Retry payment + reminder
13800,558.32,1,331,16.91878787878788,2011-02-03 12:27:00,United Kingdom,309,checkout_abandoned,checkout_abandoned,1,55,MEDIUM,62.0,558.32,346.15840000000003,Send checkout reminder
13801,324.8,1,168,14.121739130434783,2011-10-04 10:15:00,United Kingdom,66,payment_failed,card_expired,1,40,MEDIUM,71.0,324.8,230.608,Send payment recovery link
13802,4599.42,3,2572,76.657,2011-07-24 10:54:00,United Kingdom,138,subscription_failed,insufficient_funds,1,60,MEDIUM,59.0,4599.42,2713.6578000000004,Retry payment + reminder
13803,277.07,1,121,16.298235294117646,2011-03-29 12:57:00,United Kingdom,254,checkout_abandoned,checkout_abandoned,1,55,MEDIUM,62.0,277.07,171.7834,Send checkout reminder
13804,2635.79,7,1498,19.23934306569343,2011-11-09 12:32:00,United Kingdom,30,successful,none,0,0,LOW,95.0,2635.79,2504.0005,No action required
13805,924.6,2,1900,71.12307692307692,2011-10-18 14:50:00,United Kingdom,51,payment_failed,card_expired,1,40,MEDIUM,71.0,924.6,656.466,Send payment recovery link
13806,256.38,1,56,25.637999999999998,2011-10-07 11:43:00,United Kingdom,63,payment_failed,card_expired,1,40,MEDIUM,71.0,256.38,182.0298,Send payment recovery link
13807,112.6,1,36,16.085714285714285,2010-12-07 15:48:00,United Kingdom,366,checkout_abandoned,checkout_abandoned,1,55,MEDIUM,62.0,112.6,69.812,Send checkout reminder
13808,1747.66,5,782,22.995526315789476,2011-12-04 12:18:00,United Kingdom,5,successful,none,0,0,LOW,95.0,1747.66,1660.277,No action required
13809,155.05,1,29,12.920833333333334,2011-02-07 13:15:00,Cyprus,304,checkout_abandoned,checkout_abandoned,1,55,MEDIUM,62.0,155.05,96.131,Send checkout reminder
13810,1499.01,3,312,42.828857142857146,2011-11-11 08:33:00,Germany,28,successful,none,0,0,LOW,95.0,1499.01,1424.0595,No action required
13811,814.5,3,68,62.65384615384615,2011-06-09 09:54:00,Germany,183,checkout_abandoned,checkout_abandoned,1,55,MEDIUM,62.0,814.5,504.99,Send checkout reminder
13812,539.0,3,333,14.972222222222221,2011-10-28 14:27:00,Germany,41,successful,none,0,0,LOW,95.0,539.0,512.05,No action required
13813,1366.8600000000001,4,552,19.809565217391306,2011-10-31 10:38:00,Germany,39,successful,none,0,0,LOW,95.0,1366.8600000000001,1298.517,No action required
13814,1579.12,2,864,27.703859649122805,2011-09-08 13:48:00,Germany,91,subscription_failed,insufficient_funds,1,60,MEDIUM,59.0,1579.12,931.6807999999999,Retry payment + reminder
13815,4027.36,4,2560,22.882727272727273,2011-11-17 14:19:00,Germany,21,successful,none,0,0,LOW,95.0,4027.36,3825.992,No action required
13816,571.6700000000001,2,269,20.416785714285716,2011-11-16 08:38:00,Germany,23,successful,none,0,0,LOW,95.0,571.6700000000001,543.0865000000001,No action required
13817,382.98,2,211,15.957500000000001,2011-11-10 17:49:00,Germany,28,successful,none,0,0,LOW,95.0,382.98,363.83099999999996,No action required
13819,1140.35,3,1109,31.676388888888887,2011-02-11 10:38:00,United Kingdom,301,checkout_abandoned,checkout_abandoned,1,55,MEDIUM,62.0,1140.35,707.0169999999999,Send checkout reminder
13821,385.64,2,153,6.536271186440678,2011-07-18 09:49:00,United Kingdom,144,subscription_failed,insufficient_funds,1,60,MEDIUM,59.0,385.64,227.52759999999998,Retry payment + reminder
13822,632.0,2,611,6.583333333333333,2011-12-04 12:13:00,United Kingdom,5,successful,none,0,0,LOW,95.0,632.0,600.4,No action required
13823,957.66,2,439,23.941499999999998,2011-11-21 10:22:00,United Kingdom,18,successful,none,0,0,LOW,95.0,957.66,909.7769999999999,No action required
13824,1698.94,5,768,36.93347826086956,2011-11-07 12:41:00,United Kingdom,32,successful,none,0,0,LOW,95.0,1698.94,1613.9930000000002,No action required
13826,189.5,1,82,18.95,2011-06-16 13:48:00,United Kingdom,175,subscription_failed,insufficient_funds,1,60,MEDIUM,59.0,189.5,111.805,Retry payment + reminder
13827,412.05,3,141,4.430645161290323,2011-10-13 12:38:00,United Kingdom,57,payment_failed,card_expired,1,40,MEDIUM,71.0,412.05,292.5555,Send payment recovery link
13828,209.49,1,311,13.966000000000001,2011-11-17 16:02:00,United Kingdom,21,successful,none,0,0,LOW,95.0,209.49,199.0155,No action required
13831,2202.99,6,745,29.77013513513513,2011-11-23 15:41:00,United Kingdom,15,successful,none,0,0,LOW,95.0,2202.99,2092.8405,No action required
13832,52.199999999999996,1,28,17.4,2011-11-20 15:36:00,United Kingdom,18,successful,none,0,0,LOW,95.0,52.199999999999996,49.59,No action required
13833,384.8,1,118,13.26896551724138,2011-07-03 13:27:00,United Kingdom,158,subscription_failed,insufficient_funds,1,60,MEDIUM,59.0,384.8,227.032,Retry payment + reminder
13835,834.57,4,442,15.174000000000001,2011-11-14 15:37:00,United Kingdom,24,successful,none,0,0,LOW,95.0,834.57,792.8415000000001,No action required
13837,271.24,2,183,14.275789473684211,2011-05-12 12:10:00,United Kingdom,211,checkout_abandoned,checkout_abandoned,1,55,MEDIUM,62.0,271.24,168.1688,Send checkout reminder
13838,691.73,4,263,3.975459770114943,2011-12-04 11:00:00,United Kingdom,5,successful,none,0,0,LOW,95.0,691.73,657.1435,No action required
13841,85.0,1,100,85.0,2011-04-01 12:10:00,United Kingdom,252,checkout_abandoned,checkout_abandoned,1,55,MEDIUM,62.0,85.0,52.7,Send checkout reminder
13842,3385.62,9,1768,16.43504854368932,2011-10-12 10:51:00,United Kingdom,58,payment_failed,card_expired,1,40,MEDIUM,71.0,3385.62,2403.7902,Send payment recovery link
13844,361.62,1,196,18.081,2011-11-28 13:21:00,United Kingdom,10,successful,none,0,0,LOW,95.0,361.62,343.539,No action required
13845,312.98,1,182,34.775555555555556,2011-10-06 08:25:00,United Kingdom,64,payment_failed,card_expired,1,40,MEDIUM,71.0,312.98,222.21580000000003,Send payment recovery link
13846,865.0600000000001,3,388,15.728363636363637,2011-11-15 12:07:00,United Kingdom,24,successful,none,0,0,LOW,95.0,865.0600000000001,821.8070000000001,No action required
13848,1255.0,3,3700,251.0,2011-09-08 12:58:00,United Kingdom,91,subscription_failed,insufficient_funds,1,60,MEDIUM,59.0,1255.0,740.45,Retry payment + reminder
13849,1537.95,2,1016,15.227227722772279,2011-10-19 10:59:00,United Kingdom,51,payment_failed,card_expired,1,40,MEDIUM,71.0,1537.95,1091.9445,Send payment recovery link
13850,1595.48,1,944,17.155698924731183,2011-08-02 14:04:00,United Kingdom,128,subscription_failed,insufficient_funds,1,60,MEDIUM,59.0,1595.48,941.3332,Retry payment + reminder
13851,2651.46,3,1705,32.73407407407407,2011-09-05 12:36:00,United Kingdom,95,subscription_failed,insufficient_funds,1,60,MEDIUM,59.0,2651.46,1564.3614000000002,Retry payment + reminder
13853,1090.14,1,312,47.39739130434783,2011-10-13 14:18:00,United Kingdom,56,payment_failed,card_expired,1,40,MEDIUM,71.0,1090.14,773.9994,Send payment recovery link
13854,8109.5199999999995,25,2296,73.72290909090908,2011-12-01 09:06:00,United Kingdom,8,successful,none,0,10,LOW,89.0,8109.5199999999995,7217.4728,No action required
13856,388.5,3,494,27.75,2011-06-24 10:03:00,United Kingdom,168,subscription_failed,insufficient_funds,1,60,MEDIUM,59.0,388.5,229.215,Retry payment + reminder
13858,216.17,1,75,19.651818181818182,2011-10-13 16:17:00,United Kingdom,56,payment_failed,card_expired,1,40,MEDIUM,71.0,216.17,153.48069999999998,Send payment recovery link
13859,201.16,1,129,7.184285714285714,2011-01-17 16:14:00,United Kingdom,325,checkout_abandoned,checkout_abandoned,1,55,MEDIUM,62.0,201.16,124.7192,Send checkout reminder
13860,1245.9,5,591,16.39342105263158,2011-12-08 12:57:00,United Kingdom,0,successful,none,0,0,LOW,95.0,1245.9,1183.6050000000002,No action required
13862,2209.36,8,1688,15.894676258992806,2011-11-21 16:24:00,United Kingdom,17,successful,none,0,0,LOW,95.0,2209.36,2098.8920000000003,No action required
13863,305.78,1,224,15.288999999999998,2011-04-06 10:20:00,United Kingdom,247,checkout_abandoned,checkout_abandoned,1,55,MEDIUM,62.0,305.78,189.58359999999996,Send checkout reminder
13865,501.56,4,204,16.718666666666667,2011-10-12 13:31:00,United Kingdom,57,payment_failed,card_expired,1,40,MEDIUM,71.0,501.56,356.10760000000005,Send payment recovery link
13866,145.67000000000002,1,57,20.810000000000002,2011-09-26 14:54:00,United Kingdom,73,payment_failed,card_expired,1,40,MEDIUM,71.0,145.67000000000002,103.42570000000002,Send payment recovery link
13867,1015.29,3,513,16.644098360655736,2011-11-08 15:48:00,United Kingdom,30,successful,none,0,0,LOW,95.0,1015.29,964.5255000000001,No action required
13868,3192.54,2,1964,96.74363636363637,2011-12-02 16:32:00,United Kingdom,6,successful,none,0,0,LOW,95.0,3192.54,3032.913,No action required
13869,3104.95,4,1721,10.11384364820847,2011-08-08 13:53:00,United Kingdom,122,subscription_failed,insufficient_funds,1,60,MEDIUM,59.0,3104.95,1831.9205,Retry payment + reminder
13870,2770.94,8,1325,24.095130434782607,2011-12-07 13:23:00,United Kingdom,1,successful,none,0,0,LOW,95.0,2770.94,2632.393,No action required
13871,6403.25,13,2806,19.057291666666668,2011-11-17 10:49:00,United Kingdom,22,successful,none,0,10,LOW,89.0,6403.25,5698.8925,No action required
13873,389.6,3,140,16.93913043478261,2011-08-12 10:08:00,United Kingdom,119,subscription_failed,insufficient_funds,1,60,MEDIUM,59.0,389.6,229.864,Retry payment + reminder
13874,540.45,1,180,30.025000000000002,2010-12-16 18:20:00,United Kingdom,357,checkout_abandoned,checkout_abandoned,1,55,MEDIUM,62.0,540.45,335.079,Send checkout reminder
13875,1786.79,5,1316,17.180673076923078,2011-10-17 09:36:00,United Kingdom,53,payment_failed,card_expired,1,40,MEDIUM,71.0,1786.79,1268.6209,Send payment recovery link
13876,122.7,1,36,17.52857142857143,2011-10-07 10:22:00,United Kingdom,63,payment_failed,card_expired,1,40,MEDIUM,71.0,122.7,87.117,Send payment recovery link
13877,117.24,1,108,39.08,2011-09-14 15:49:00,United Kingdom,85,payment_failed,card_expired,1,40,MEDIUM,71.0,117.24,83.2404,Send payment recovery link
13878,1281.53,1,475,35.598055555555554,2011-10-16 12:19:00,United Kingdom,54,payment_failed,card_expired,1,40,MEDIUM,71.0,1281.53,909.8863,Send payment recovery link
13880,3219.77,13,1842,19.513757575757577,2011-11-18 13:44:00,United Kingdom,20,successful,none,0,0,LOW,95.0,3219.77,3058.7815,No action required
13881,17159.52,20,10118,96.40179775280899,2011-12-06 12:50:00,United Kingdom,3,successful,none,0,10,LOW,89.0,17159.52,15271.9728,No action required
13882,1191.13,5,953,18.325076923076924,2011-12-07 11:16:00,United Kingdom,2,successful,none,0,0,LOW,95.0,1191.13,1131.5735,No action required
13883,2674.48,5,1436,18.834366197183098,2011-11-29 10:45:00,United Kingdom,10,successful,none,0,0,LOW,95.0,2674.48,2540.756,No action required
13884,787.6,5,300,13.349152542372881,2011-12-02 16:30:00,United Kingdom,6,successful,none,0,0,LOW,95.0,787.6,748.22,No action required
13885,506.8,2,182,18.1,2011-06-03 15:07:00,United Kingdom,188,checkout_abandoned,checkout_abandoned,1,55,MEDIUM,62.0,506.8,314.216,Send checkout reminder
13886,243.56,1,126,15.2225,2011-09-29 13:17:00,United Kingdom,70,payment_failed,card_expired,1,40,MEDIUM,71.0,243.56,172.92759999999998,Send payment recovery link
13887,349.55,1,147,18.397368421052633,2011-05-19 17:22:00,United Kingdom,203,checkout_abandoned,checkout_abandoned,1,55,MEDIUM,62.0,349.55,216.72100000000003,Send checkout reminder
13888,605.63,2,258,15.14075,2011-08-12 10:13:00,United Kingdom,119,subscription_failed,insufficient_funds,1,60,MEDIUM,59.0,605.63,357.32169999999996,Retry payment + reminder
13889,416.90000000000003,1,146,27.793333333333337,2011-09-08 09:13:00,United Kingdom,92,subscription_failed,insufficient_funds,1,60,MEDIUM,59.0,416.90000000000003,245.97100000000003,Retry payment + reminder
13890,1883.8100000000002,10,831,17.125545454545456,2011-12-08 15:36:00,United Kingdom,0,successful,none,0,0,LOW,95.0,1883.8100000000002,1789.6195,No action required
13892,632.97,4,983,23.443333333333335,2011-11-13 11:50:00,United Kingdom,26,successful,none,0,0,LOW,95.0,632.97,601.3215,No action required
13893,821.1,1,190,39.1,2011-02-15 11:30:00,United Kingdom,297,checkout_abandoned,checkout_abandoned,1,55,MEDIUM,62.0,821.1,509.08200000000005,Send checkout reminder
13894,564.62,3,354,20.911851851851853,2011-11-16 09:44:00,United Kingdom,23,successful,none,0,0,LOW,95.0,564.62,536.389,No action required
13895,2593.07,4,1365,21.975169491525424,2011-11-11 16:57:00,United Kingdom,27,successful,none,0,0,LOW,95.0,2593.07,2463.4165000000003,No action required
13897,311.16,1,200,18.303529411764707,2011-10-20 14:30:00,United Kingdom,49,payment_failed,card_expired,1,40,MEDIUM,71.0,311.16,220.9236,Send payment recovery link
13898,155.93,1,133,12.994166666666667,2011-01-18 10:28:00,United Kingdom,325,checkout_abandoned,checkout_abandoned,1,55,MEDIUM,62.0,155.93,96.6766,Send checkout reminder
13899,388.52,2,156,20.448421052631577,2011-11-23 13:40:00,United Kingdom,15,successful,none,0,0,LOW,95.0,388.52,369.094,No action required
13900,740.95,3,430,17.23139534883721,2011-06-09 19:26:00,United Kingdom,182,checkout_abandoned,checkout_abandoned,1,55,MEDIUM,62.0,740.95,459.389,Send checkout reminder
13901,2867.2,5,1739,19.242953020134227,2011-09-28 14:48:00,United Kingdom,71,payment_failed,card_expired,1,40,MEDIUM,71.0,2867.2,2035.7119999999998,Send payment recovery link
13904,332.64,2,332,12.793846153846154,2011-11-02 13:41:00,United Kingdom,36,successful,none,0,0,LOW,95.0,332.64,316.008,No action required
13908,2369.55,4,1478,19.42254098360656,2011-09-21 11:49:00,United Kingdom,79,payment_failed,card_expired,1,40,MEDIUM,71.0,2369.55,1682.3805000000002,Send payment recovery link
13911,2580.91,9,2731,17.43858108108108,2011-10-13 15:43:00,United Kingdom,56,payment_failed,card_expired,1,40,MEDIUM,71.0,2580.91,1832.4461,Send payment recovery link
13914,626.45,2,380,18.983333333333334,2011-11-28 10:35:00,United Kingdom,11,successful,none,0,0,LOW,95.0,626.45,595.1275,No action required
13917,272.04,2,228,15.113333333333335,2011-10-21 09:56:00,United Kingdom,49,payment_failed,card_expired,1,40,MEDIUM,71.0,272.04,193.1484,Send payment recovery link
13918,1212.8400000000001,2,1140,40.428000000000004,2011-10-21 12:25:00,United Kingdom,49,payment_failed,card_expired,1,40,MEDIUM,71.0,1212.8400000000001,861.1164000000001,Send payment recovery link
13919,384.81,2,474,13.743214285714286,2011-10-11 14:24:00,Denmark,58,payment_failed,card_expired,1,40,MEDIUM,71.0,384.81,273.2151,Send payment recovery link
13922,172.25,1,93,24.607142857142858,2010-12-23 10:38:00,United Kingdom,351,checkout_abandoned,checkout_abandoned,1,55,MEDIUM,62.0,172.25,106.795,Send checkout reminder
13923,351.13,1,185,17.5565,2011-10-17 12:33:00,United Kingdom,53,payment_failed,card_expired,1,40,MEDIUM,71.0,351.13,249.3023,Send payment recovery link
13924,1838.8500000000001,6,1575,15.716666666666669,2011-12-08 09:39:00,United Kingdom,1,successful,none,0,0,LOW,95.0,1838.8500000000001,1746.9075,No action required
13925,678.25,4,331,16.54268292682927,2011-09-08 12:47:00,United Kingdom,92,subscription_failed,insufficient_funds,1,60,MEDIUM,59.0,678.25,400.1675,Retry payment + reminder
13926,223.85000000000002,1,104,20.35,2011-11-16 13:16:00,United Kingdom,22,successful,none,0,0,LOW,95.0,223.85000000000002,212.65750000000003,No action required
13927,348.99,1,214,16.61857142857143,2011-09-26 12:00:00,United Kingdom,74,payment_failed,card_expired,1,40,MEDIUM,71.0,348.99,247.7829,Send payment recovery link
13928,464.57,4,129,17.206296296296298,2011-11-29 10:33:00,United Kingdom,10,successful,none,0,0,LOW,95.0,464.57,441.3415,No action required
13929,842.65,2,143,93.62777777777778,2011-06-23 15:26:00,United Kingdom,168,subscription_failed,insufficient_funds,1,60,MEDIUM,59.0,842.65,497.1635,Retry payment + reminder
13930,337.34,2,274,19.843529411764706,2011-10-13 09:45:00,United Kingdom,57,payment_failed,card_expired,1,40,MEDIUM,71.0,337.34,239.51139999999998,Send payment recovery link
13931,1237.53,2,725,21.336724137931036,2011-09-05 10:12:00,United Kingdom,95,subscription_failed,insufficient_funds,1,60,MEDIUM,59.0,1237.53,730.1427,Retry payment + reminder
13932,307.4,1,72,19.2125,2011-02-18 12:02:00,United Kingdom,294,checkout_abandoned,checkout_abandoned,1,55,MEDIUM,62.0,307.4,190.588,Send checkout reminder
13933,608.7900000000001,2,205,26.469130434782613,2011-08-22 14:03:00,United Kingdom,108,subscription_failed,insufficient_funds,1,60,MEDIUM,59.0,608.7900000000001,359.18610000000007,Retry payment + reminder
13934,922.1,1,390,29.74516129032258,2011-03-21 08:39:00,United Kingdom,263,checkout_abandoned,checkout_abandoned,1,55,MEDIUM,62.0,922.1,571.702,Send checkout reminder
13936,376.58,1,330,14.483846153846153,2011-06-13 08:47:00,United Kingdom,179,subscription_failed,insufficient_funds,1,60,MEDIUM,59.0,376.58,222.18219999999997,Retry payment + reminder
13937,158.85,1,123,17.65,2011-06-23 16:35:00,United Kingdom,168,subscription_failed,insufficient_funds,1,60,MEDIUM,59.0,158.85,93.72149999999999,Retry payment + reminder
13938,71.66,1,70,10.237142857142857,2011-11-04 14:37:00,United Kingdom,34,successful,none,0,0,LOW,95.0,71.66,68.077,No action required
13939,568.55,3,847,12.634444444444444,2011-11-16 13:33:00,United Kingdom,22,successful,none,0,0,LOW,95.0,568.55,540.1225,No action required
13940,839.14,4,516,17.12530612244898,2011-11-22 15:15:00,United Kingdom,16,successful,none,0,0,LOW,95.0,839.14,797.183,No action required
13941,5112.96,5,2364,113.62133333333334,2011-11-18 09:43:00,United Kingdom,21,successful,none,0,10,LOW,89.0,5112.96,4550.5344000000005,No action required
13946,561.5699999999999,3,443,51.05181818181818,2011-09-21 13:33:00,United Kingdom,78,payment_failed,card_expired,1,40,MEDIUM,71.0,561.5699999999999,398.71469999999994,Send payment recovery link
13947,90.6,1,44,18.119999999999997,2011-10-05 14:42:00,United Kingdom,64,payment_failed,card_expired,1,40,MEDIUM,71.0,90.6,64.326,Send payment recovery link
13948,102.0,1,40,34.0,2010-12-14 10:18:00,United Kingdom,360,checkout_abandoned,checkout_abandoned,1,55,MEDIUM,62.0,102.0,63.24,Send checkout reminder
13949,2427.32,6,2474,15.170750000000002,2011-12-07 09:35:00,United Kingdom,2,successful,none,0,0,LOW,95.0,2427.32,2305.954,No action required
13950,745.06,4,323,21.28742857142857,2011-11-28 14:44:00,United Kingdom,10,successful,none,0,0,LOW,95.0,745.06,707.807,No action required
13951,674.45,3,459,17.293589743589745,2011-06-16 16:43:00,United Kingdom,175,subscription_failed,insufficient_funds,1,60,MEDIUM,59.0,674.45,397.92550000000006,Retry payment + reminder
13952,3251.071,2,1431,23.730445255474454,2011-05-06 09:00:00,United Kingdom,217,checkout_abandoned,checkout_abandoned,1,55,MEDIUM,62.0,3251.071,2015.66402,Send checkout reminder
13953,3515.68,7,2724,175.784,2011-12-02 16:04:00,United Kingdom,6,successful,none,0,0,LOW,95.0,3515.68,3339.8959999999997,No action required
13954,439.92,2,150,17.5968,2011-12-08 12:50:00,United Kingdom,1,successful,none,0,0,LOW,95.0,439.92,417.92400000000004,No action required
13955,322.96,2,154,9.786666666666665,2011-07-08 17:19:00,United Kingdom,153,subscription_failed,insufficient_funds,1,60,MEDIUM,59.0,322.96,190.5464,Retry payment + reminder
13956,1026.42,5,491,6.752763157894737,2011-12-04 13:20:00,United Kingdom,4,successful,none,0,0,LOW,95.0,1026.42,975.099,No action required
13959,598.2,3,357,6.502173913043479,2011-09-21 15:06:00,United Kingdom,78,payment_failed,card_expired,1,40,MEDIUM,71.0,598.2,424.72200000000004,Send payment recovery link
13960,230.22,2,142,19.185,2011-11-18 15:27:00,United Kingdom,20,successful,none,0,0,LOW,95.0,230.22,218.709,No action required
13962,169.55,2,87,15.413636363636364,2011-11-18 08:47:00,United Kingdom,21,successful,none,0,0,LOW,95.0,169.55,161.07250000000002,No action required
13963,664.54,4,460,18.986857142857144,2011-02-04 14:43:00,United Kingdom,307,checkout_abandoned,checkout_abandoned,1,55,MEDIUM,62.0,664.54,412.0148,Send checkout reminder
13967,80.7,1,42,40.35,2011-07-17 12:02:00,United Kingdom,145,subscription_failed,insufficient_funds,1,60,MEDIUM,59.0,80.7,47.613,Retry payment + reminder
13969,9053.94,18,4542,14.463162939297126,2011-12-02 15:11:00,United Kingdom,6,successful,none,0,10,LOW,89.0,9053.94,8058.006600000001,No action required
13971,2758.26,8,1844,18.511812080536913,2011-11-21 12:06:00,United Kingdom,18,successful,none,0,0,LOW,95.0,2758.26,2620.347,No action required
13972,190.25,2,187,12.683333333333334,2011-09-30 11:54:00,United Kingdom,70,payment_failed,card_expired,1,40,MEDIUM,71.0,190.25,135.0775,Send payment recovery link
13973,264.7,1,109,24.063636363636363,2011-02-25 15:21:00,United Kingdom,286,checkout_abandoned,checkout_abandoned,1,55,MEDIUM,62.0,264.7,164.11399999999998,Send checkout reminder
13974,413.59000000000003,1,249,14.77107142857143,2011-10-21 14:41:00,United Kingdom,48,payment_failed,card_expired,1,40,MEDIUM,71.0,413.59000000000003,293.6489,Send payment recovery link
13975,2526.28,6,1732,7.474201183431953,2011-11-08 13:19:00,United Kingdom,30,successful,none,0,0,LOW,95.0,2526.28,2399.966,No action required
13976,357.98,1,154,35.798,2011-05-17 09:13:00,United Kingdom,206,checkout_abandoned,checkout_abandoned,1,55,MEDIUM,62.0,357.98,221.94760000000002,Send checkout reminder
13978,196.79000000000002,2,315,13.119333333333335,2011-11-25 11:36:00,United Kingdom,14,successful,none,0,0,LOW,95.0,196.79000000000002,186.95050000000003,No action required
13979,869.87,1,639,16.108703703703704,2011-09-27 13:32:00,United Kingdom,72,payment_failed,card_expired,1,40,MEDIUM,71.0,869.87,617.6077,Send payment recovery link
13980,200.14,1,172,18.19454545454545,2011-10-10 13:34:00,United Kingdom,59,payment_failed,card_expired,1,40,MEDIUM,71.0,200.14,142.09939999999997,Send payment recovery link
13982,1871.81,4,1136,16.863153153153153,2011-10-31 16:24:00,United Kingdom,38,successful,none,0,0,LOW,95.0,1871.81,1778.2195,No action required
13983,2603.43,12,1183,24.3311214953271,2011-11-10 11:06:00,United Kingdom,29,successful,none,0,0,LOW,95.0,2603.43,2473.2585,No action required
13984,920.51,5,679,57.531875,2011-11-13 12:38:00,United Kingdom,26,successful,none,0,0,LOW,95.0,920.51,874.4845,No action required
13985,7060.13,15,3445,20.229598853868197,2011-12-05 17:06:00,United Kingdom,3,successful,none,0,10,LOW,89.0,7060.13,6283.515700000001,No action required
13986,320.46,1,430,24.650769230769228,2011-11-22 15:00:00,United Kingdom,16,successful,none,0,0,LOW,95.0,320.46,304.43699999999995,No action required
13988,4147.96,6,3044,17.726324786324785,2011-11-20 10:15:00,United Kingdom,19,successful,none,0,0,LOW,95.0,4147.96,3940.562,No action required
13989,1266.08,2,1313,30.88,2011-10-05 09:47:00,United Kingdom,65,payment_failed,card_expired,1,40,MEDIUM,71.0,1266.08,898.9168,Send payment recovery link
13990,311.3,1,190,19.45625,2011-05-10 15:19:00,United Kingdom,212,checkout_abandoned,checkout_abandoned,1,55,MEDIUM,62.0,311.3,193.00600000000003,Send checkout reminder
13991,855.97,6,998,10.190119047619048,2011-11-27 16:18:00,United Kingdom,11,successful,none,0,0,LOW,95.0,855.97,813.1715,No action required
13992,76.8,1,64,15.36,2011-11-09 15:23:00,United Kingdom,29,successful,none,0,0,LOW,95.0,76.8,72.96,No action required
13993,3466.36,9,900,28.647603305785125,2011-10-28 09:06:00,United Kingdom,42,successful,none,0,0,LOW,95.0,3466.36,3293.042,No action required
13994,2313.14,6,940,14.923483870967742,2011-12-06 11:05:00,United Kingdom,3,successful,none,0,0,LOW,95.0,2313.14,2197.4829999999997,No action required
13995,1393.69,5,879,16.205697674418605,2011-11-24 14:22:00,United Kingdom,14,successful,none,0,0,LOW,95.0,1393.69,1324.0055000000002,No action required
13999,3901.81,12,2243,18.758701923076924,2011-11-29 13:40:00,United Kingdom,9,successful,none,0,0,LOW,95.0,3901.81,3706.7195,No action required
14000,635.66,1,710,42.37733333333333,2011-05-12 16:50:00,United Kingdom,210,checkout_abandoned,checkout_abandoned,1,55,MEDIUM,62.0,635.66,394.1092,Send checkout reminder
14001,2043.0800000000002,3,962,52.38666666666667,2011-10-25 10:31:00,United Kingdom,45,successful,none,0,0,LOW,95.0,2043.0800000000002,1940.9260000000002,No action required
14002,529.73,2,877,11.270851063829788,2011-07-28 15:55:00,United Kingdom,133,subscription_failed,insufficient_funds,1,60,MEDIUM,59.0,529.73,312.5407,Retry payment + reminder
14004,4582.64,7,2668,26.799064327485382,2011-10-27 14:40:00,United Kingdom,42,successful,none,0,0,LOW,95.0,4582.64,4353.508000000001,No action required
14005,2874.72,5,2478,34.22285714285714,2011-11-30 12:41:00,United Kingdom,9,successful,none,0,0,LOW,95.0,2874.72,2730.9839999999995,No action required
14006,962.19,3,641,32.073,2011-08-16 09:39:00,United Kingdom,115,subscription_failed,insufficient_funds,1,60,MEDIUM,59.0,962.19,567.6921000000001,Retry payment + reminder
14009,695.61,2,365,16.562142857142856,2011-05-25 15:47:00,United Kingdom,197,checkout_abandoned,checkout_abandoned,1,55,MEDIUM,62.0,695.61,431.27819999999997,Send checkout reminder
14012,328.8,1,160,29.89090909090909,2011-03-07 12:26:00,United Kingdom,277,checkout_abandoned,checkout_abandoned,1,55,MEDIUM,62.0,328.8,203.85600000000002,Send checkout reminder
14013,473.02,3,462,13.91235294117647,2011-08-21 15:01:00,United Kingdom,109,subscription_failed,insufficient_funds,1,60,MEDIUM,59.0,473.02,279.0818,Retry payment + reminder
14014,505.18,1,1076,12.953333333333333,2011-09-23 13:18:00,United Kingdom,76,payment_failed,card_expired,1,40,MEDIUM,71.0,505.18,358.6778,Send payment recovery link
14015,917.34,1,378,45.867000000000004,2011-10-18 10:02:00,United Kingdom,52,payment_failed,card_expired,1,40,MEDIUM,71.0,917.34,651.3114,Send payment recovery link
14016,4341.21,4,2125,26.964037267080744,2011-07-01 11:29:00,EIRE,161,subscription_failed,insufficient_funds,1,60,MEDIUM,59.0,4341.21,2561.3139,Retry payment + reminder
14019,1421.61,3,1037,21.539545454545454,2011-10-24 10:13:00,United Kingdom,46,payment_failed,card_expired,1,40,MEDIUM,71.0,1421.61,1009.3430999999999,Send payment recovery link
14020,642.8,2,441,16.48205128205128,2011-11-23 09:22:00,United Kingdom,16,successful,none,0,0,LOW,95.0,642.8,610.66,No action required
14021,631.9,3,192,28.722727272727273,2011-07-07 15:46:00,United Kingdom,154,subscription_failed,insufficient_funds,1,60,MEDIUM,59.0,631.9,372.82099999999997,Retry payment + reminder
14022,440.0,1,487,15.714285714285714,2011-04-28 14:39:00,United Kingdom,224,checkout_abandoned,checkout_abandoned,1,55,MEDIUM,62.0,440.0,272.8,Send checkout reminder
14023,584.07,2,345,18.840967741935486,2011-12-02 13:58:00,United Kingdom,6,successful,none,0,0,LOW,95.0,584.07,554.8665,No action required
14024,327.7,2,150,20.48125,2011-08-10 11:30:00,United Kingdom,121,subscription_failed,insufficient_funds,1,60,MEDIUM,59.0,327.7,193.343,Retry payment + reminder
14027,104.82,1,62,17.47,2011-10-10 09:01:00,United Kingdom,60,payment_failed,card_expired,1,40,MEDIUM,71.0,104.82,74.42219999999999,Send payment recovery link
14029,467.66,2,198,31.177333333333333,2011-10-07 14:46:00,United Kingdom,62,payment_failed,card_expired,1,40,MEDIUM,71.0,467.66,332.03860000000003,Send payment recovery link
14030,2360.09,8,1479,9.712304526748971,2011-11-21 16:48:00,United Kingdom,17,successful,none,0,0,LOW,95.0,2360.09,2242.0855,No action required
14031,17286.86,19,5788,69.14744,2011-12-02 17:13:00,United Kingdom,6,successful,none,0,10,LOW,89.0,17286.86,15385.305400000001,No action required
14032,2975.59,11,2032,20.80832167832168,2011-12-07 15:23:00,United Kingdom,1,successful,none,0,0,LOW,95.0,2975.59,2826.8105,No action required
14034,651.8199999999999,3,423,7.323820224719101,2011-11-17 14:02:00,United Kingdom,21,successful,none,0,0,LOW,95.0,651.8199999999999,619.2289999999999,No action required
14035,1428.02,5,739,21.636666666666667,2011-11-11 10:03:00,United Kingdom,28,successful,none,0,0,LOW,95.0,1428.02,1356.619,No action required
14036,626.65,1,268,16.49078947368421,2011-02-28 09:26:00,United Kingdom,284,checkout_abandoned,checkout_abandoned,1,55,MEDIUM,62.0,626.65,388.52299999999997,Send checkout reminder
14037,147.20000000000002,2,46,5.257142857142858,2011-06-16 13:57:00,United Kingdom,175,subscription_failed,insufficient_funds,1,60,MEDIUM,59.0,147.20000000000002,86.84800000000001,Retry payment + reminder
14038,1560.38,3,965,16.960652173913044,2011-09-22 13:37:00,United Kingdom,77,payment_failed,card_expired,1,40,MEDIUM,71.0,1560.38,1107.8698000000002,Send payment recovery link
14039,152.2,1,92,25.366666666666664,2011-11-06 13:48:00,United Kingdom,32,successful,none,0,0,LOW,95.0,152.2,144.58999999999997,No action required
14040,3614.92,12,1554,15.38263829787234,2011-10-30 12:42:00,United Kingdom,40,successful,none,0,0,LOW,95.0,3614.92,3434.1740000000004,No action required
14041,141.41,1,94,6.733809523809524,2011-03-18 13:25:00,United Kingdom,265,checkout_abandoned,checkout_abandoned,1,55,MEDIUM,62.0,141.41,87.6742,Send checkout reminder
14044,652.82,4,308,3.1235406698564594,2011-11-13 12:05:00,United Kingdom,26,successful,none,0,0,LOW,95.0,652.82,620.179,No action required
14045,1659.75,4,535,276.625,2011-08-22 15:27:00,United Kingdom,108,subscription_failed,insufficient_funds,1,60,MEDIUM,59.0,1659.75,979.2525,Retry payment + reminder
14046,154.99,1,460,11.070714285714287,2011-02-28 14:48:00,United Kingdom,283,checkout_abandoned,checkout_abandoned,1,55,MEDIUM,62.0,154.99,96.09380000000002,Send checkout reminder
14047,1308.6100000000001,5,381,40.894062500000004,2011-12-01 11:43:00,United Kingdom,8,successful,none,0,0,LOW,95.0,1308.6100000000001,1243.1795000000002,No action required
14048,409.93,1,288,4.822705882352941,2011-02-07 14:53:00,United Kingdom,304,checkout_abandoned,checkout_abandoned,1,55,MEDIUM,62.0,409.93,254.1566,Send checkout reminder
14049,5681.72,4,3870,11.642868852459017,2011-11-23 12:20:00,United Kingdom,16,successful,none,0,10,LOW,89.0,5681.72,5056.7308,No action required
14050,746.36,2,689,13.821481481481483,2011-11-08 10:00:00,United Kingdom,31,successful,none,0,0,LOW,95.0,746.36,709.0419999999999,No action required
14051,15610.390000000001,23,3756,74.33519047619048,2011-12-09 10:20:00,United Kingdom,0,successful,none,0,10,LOW,89.0,15610.390000000001,13893.247100000002,No action required
14052,225.36,1,89,4.024285714285715,2011-11-20 12:30:00,United Kingdom,19,successful,none,0,0,LOW,95.0,225.36,214.092,No action required
14053,260.25,2,215,65.0625,2011-08-07 14:27:00,United Kingdom,123,subscription_failed,insufficient_funds,1,60,MEDIUM,59.0,260.25,153.5475,Retry payment + reminder
14054,92.46,1,62,15.409999999999998,2011-10-05 15:49:00,United Kingdom,64,payment_failed,card_expired,1,40,MEDIUM,71.0,92.46,65.64659999999999,Send payment recovery link
14055,725.6400000000001,1,216,72.56400000000001,2011-08-25 15:04:00,United Kingdom,105,subscription_failed,insufficient_funds,1,60,MEDIUM,59.0,725.6400000000001,428.1276000000001,Retry payment + reminder
14056,8214.65,23,4273,7.427350813743218,2011-12-08 13:36:00,United Kingdom,0,successful,none,0,10,LOW,89.0,8214.65,7311.0385,No action required
14057,6217.96,17,4876,21.894225352112677,2011-11-16 10:32:00,United Kingdom,23,successful,none,0,10,LOW,89.0,6217.96,5533.9844,No action required
14059,183.6,1,128,22.95,2011-03-18 10:06:00,United Kingdom,266,checkout_abandoned,checkout_abandoned,1,55,MEDIUM,62.0,183.6,113.832,Send checkout reminder
14060,6140.42,19,5386,30.39811881188119,2011-12-05 12:29:00,United Kingdom,4,successful,none,0,10,LOW,89.0,6140.42,5464.9738,No action required
14062,10464.85,12,5593,94.27792792792793,2011-11-30 10:04:00,United Kingdom,9,successful,none,0,10,LOW,89.0,10464.85,9313.7165,No action required
14064,1353.74,5,1788,16.92175,2011-11-10 13:14:00,United Kingdom,28,successful,none,0,0,LOW,95.0,1353.74,1286.053,No action required
14066,152.55,1,45,21.792857142857144,2011-03-18 12:21:00,United Kingdom,266,checkout_abandoned,checkout_abandoned,1,55,MEDIUM,62.0,152.55,94.581,Send checkout reminder
14067,374.7,2,361,7.2057692307692305,2011-10-07 10:21:00,United Kingdom,63,payment_failed,card_expired,1,40,MEDIUM,71.0,374.7,266.03700000000003,Send payment recovery link
14068,265.85,1,73,11.077083333333334,2011-01-23 16:02:00,United Kingdom,319,checkout_abandoned,checkout_abandoned,1,55,MEDIUM,62.0,265.85,164.827,Send checkout reminder
14071,1438.82,8,995,4.440802469135802,2011-12-06 12:27:00,United Kingdom,3,successful,none,0,0,LOW,95.0,1438.82,1366.879,No action required
14073,151.04,1,130,11.618461538461538,2011-11-07 15:49:00,United Kingdom,31,successful,none,0,0,LOW,95.0,151.04,143.488,No action required
14075,942.26,3,754,21.913023255813954,2011-12-05 08:38:00,United Kingdom,4,successful,none,0,0,LOW,95.0,942.26,895.1469999999999,No action required
14076,122.47,1,81,2.662391304347826,2011-08-02 15:19:00,United Kingdom,128,subscription_failed,insufficient_funds,1,60,MEDIUM,59.0,122.47,72.2573,Retry payment + reminder
14077,499.41999999999996,5,268,11.89095238095238,2011-10-30 12:35:00,United Kingdom,40,successful,none,0,0,LOW,95.0,499.41999999999996,474.44899999999996,No action required
14078,1049.37,6,310,16.144153846153845,2011-08-30 12:16:00,United Kingdom,101,subscription_failed,insufficient_funds,1,60,MEDIUM,59.0,1049.37,619.1283,Retry payment + reminder
14079,375.1,1,301,31.258333333333336,2011-08-07 12:10:00,United Kingdom,124,subscription_failed,insufficient_funds,1,60,MEDIUM,59.0,375.1,221.30900000000003,Retry payment + reminder
14080,45.599999999999994,1,48,11.399999999999999,2011-11-07 11:09:00,United Kingdom,32,successful,none,0,0,LOW,95.0,45.599999999999994,43.31999999999999,No action required
14081,934.52,2,596,6.10797385620915,2011-02-10 16:17:00,United Kingdom,301,checkout_abandoned,checkout_abandoned,1,55,MEDIUM,62.0,934.52,579.4024,Send checkout reminder
14082,182.25,1,110,6.2844827586206895,2010-12-10 11:02:00,United Kingdom,364,checkout_abandoned,checkout_abandoned,1,55,MEDIUM,62.0,182.25,112.995,Send checkout reminder
14083,1018.43,9,732,5.626685082872928,2011-12-05 13:14:00,United Kingdom,3,successful,none,0,0,LOW,95.0,1018.43,967.5084999999999,No action required
14085,4448.54,18,3184,9.885644444444445,2011-12-07 13:46:00,United Kingdom,1,successful,none,0,0,LOW,95.0,4448.54,4226.113,No action required
14087,194.42,1,251,2.8176811594202897,2011-12-07 12:41:00,United Kingdom,2,successful,none,0,0,LOW,95.0,194.42,184.69899999999998,No action required
14088,50491.81,13,12665,85.7246349745331,2011-11-29 16:16:00,United Kingdom,9,successful,none,0,10,LOW,89.0,50491.81,44937.7109,No action required
14089,161.0,1,134,11.5,2011-10-14 10:38:00,United Kingdom,56,payment_failed,card_expired,1,40,MEDIUM,71.0,161.0,114.31,Send payment recovery link
14090,76.32000000000001,1,72,76.32000000000001,2011-01-19 10:51:00,United Kingdom,324,checkout_abandoned,checkout_abandoned,1,55,MEDIUM,62.0,76.32000000000001,47.318400000000004,Send checkout reminder
14092,4076.91,14,2066,19.050981308411213,2011-12-02 12:13:00,United Kingdom,7,successful,none,0,0,LOW,95.0,4076.91,3873.0645,No action required
14093,442.85,1,406,4.217619047619048,2011-11-27 16:27:00,United Kingdom,11,successful,none,0,0,LOW,95.0,442.85,420.7075,No action required
14096,65164.79,17,16352,12.749909998043435,2011-12-05 17:17:00,United Kingdom,3,successful,none,0,10,LOW,89.0,65164.79,57996.663100000005,No action required
14098,147.35,1,104,7.016666666666667,2011-11-03 10:13:00,United Kingdom,36,successful,none,0,0,LOW,95.0,147.35,139.9825,No action required
14099,3104.17,11,2179,12.41668,2011-11-23 13:53:00,United Kingdom,15,successful,none,0,0,LOW,95.0,3104.17,2948.9615000000003,No action required
14100,194.9,1,64,7.496153846153846,2011-07-25 11:01:00,United Kingdom,137,subscription_failed,insufficient_funds,1,60,MEDIUM,59.0,194.9,114.991,Retry payment + reminder
14101,5976.79,6,6942,170.76542857142857,2011-09-27 12:28:00,United Kingdom,73,payment_failed,card_expired,1,50,MEDIUM,65.0,5976.79,3884.9134999999997,Send payment recovery link
14102,1360.28,5,961,17.21873417721519,2011-12-04 15:38:00,United Kingdom,4,successful,none,0,0,LOW,95.0,1360.28,1292.2659999999998,No action required
14104,216.20999999999998,2,72,10.295714285714284,2011-07-08 12:50:00,United Kingdom,154,subscription_failed,insufficient_funds,1,60,MEDIUM,59.0,216.20999999999998,127.56389999999999,Retry payment + reminder
14105,1266.23,1,800,17.111216216216217,2011-04-14 17:58:00,United Kingdom,238,checkout_abandoned,checkout_abandoned,1,55,MEDIUM,62.0,1266.23,785.0626,Send checkout reminder
14107,2703.23,7,1793,21.977479674796747,2011-10-19 12:12:00,United Kingdom,51,payment_failed,card_expired,1,40,MEDIUM,71.0,2703.23,1919.2932999999998,Send payment recovery link
14108,597.91,2,381,17.585588235294118,2011-11-09 10:41:00,United Kingdom,30,successful,none,0,0,LOW,95.0,597.91,568.0145,No action required
14109,144.2,1,88,16.022222222222222,2011-09-28 10:18:00,United Kingdom,72,payment_failed,card_expired,1,40,MEDIUM,71.0,144.2,102.38199999999999,Send payment recovery link
14110,5683.15,12,2445,36.66548387096774,2011-12-06 12:26:00,United Kingdom,3,successful,none,0,10,LOW,89.0,5683.15,5058.0035,No action required
14111,692.85,4,458,69.285,2011-11-25 13:44:00,United Kingdom,13,successful,none,0,0,LOW,95.0,692.85,658.2075,No action required
14112,2915.15,7,1651,18.2196875,2011-11-17 12:30:00,United Kingdom,22,successful,none,0,0,LOW,95.0,2915.15,2769.3925,No action required
14113,1840.42,4,745,54.13,2011-12-06 12:18:00,United Kingdom,3,successful,none,0,0,LOW,95.0,1840.42,1748.399,No action required
14114,386.53,2,101,25.768666666666665,2011-03-11 09:42:00,United Kingdom,273,checkout_abandoned,checkout_abandoned,1,55,MEDIUM,62.0,386.53,239.64859999999996,Send checkout reminder
14116,1382.74,5,707,19.204722222222223,2011-11-20 10:29:00,United Kingdom,19,successful,none,0,0,LOW,95.0,1382.74,1313.6029999999998,No action required
14117,90.0,1,72,30.0,2011-07-19 09:49:00,United Kingdom,143,subscription_failed,insufficient_funds,1,60,MEDIUM,59.0,90.0,53.1,Retry payment + reminder
14121,2780.15,4,2082,17.485220125786164,2011-12-06 12:19:00,United Kingdom,3,successful,none,0,0,LOW,95.0,2780.15,2641.1425,No action required
14124,419.58000000000004,1,1618,83.91600000000001,2011-09-16 13:32:00,United Kingdom,83,payment_failed,card_expired,1,40,MEDIUM,71.0,419.58000000000004,297.90180000000004,Send payment recovery link
14125,2740.43,3,1640,16.409760479041914,2011-11-29 12:47:00,United Kingdom,10,successful,none,0,0,LOW,95.0,2740.43,2603.4084999999995,No action required
14126,706.1300000000001,3,508,47.07533333333334,2011-12-02 11:45:00,United Kingdom,7,successful,none,0,0,LOW,95.0,706.1300000000001,670.8235000000001,No action required
14127,709.71,3,321,16.129772727272726,2011-08-09 10:49:00,United Kingdom,122,subscription_failed,insufficient_funds,1,60,MEDIUM,59.0,709.71,418.7289,Retry payment + reminder
14128,637.5,2,564,13.858695652173912,2011-10-10 12:00:00,United Kingdom,60,payment_failed,card_expired,1,40,MEDIUM,71.0,637.5,452.625,Send payment recovery link
14129,1123.8600000000001,5,592,21.61269230769231,2011-12-08 11:02:00,United Kingdom,1,successful,none,0,0,LOW,95.0,1123.8600000000001,1067.6670000000001,No action required
14130,483.86,1,258,7.221791044776119,2011-01-24 16:05:00,United Kingdom,318,checkout_abandoned,checkout_abandoned,1,55,MEDIUM,62.0,483.86,299.9932,Send checkout reminder
14132,3586.0299999999997,11,3368,17.930149999999998,2011-12-07 13:35:00,United Kingdom,1,successful,none,0,0,LOW,95.0,3586.0299999999997,3406.7284999999997,No action required
14133,605.64,3,348,21.63,2011-08-02 11:34:00,United Kingdom,129,subscription_failed,insufficient_funds,1,60,MEDIUM,59.0,605.64,357.3276,Retry payment + reminder
14135,4690.31,15,3850,35.00231343283583,2011-12-08 11:38:00,United Kingdom,1,successful,none,0,0,LOW,95.0,4690.31,4455.7945,No action required
14138,982.3800000000001,2,610,20.901702127659576,2011-12-08 12:44:00,United Kingdom,1,successful,none,0,0,LOW,95.0,982.3800000000001,933.2610000000001,No action required
14139,415.82,1,510,15.993076923076924,2011-10-24 13:34:00,United Kingdom,45,successful,none,0,0,LOW,95.0,415.82,395.029,No action required
14140,935.05,2,811,14.167424242424241,2011-12-06 09:05:00,United Kingdom,3,successful,none,0,0,LOW,95.0,935.05,888.2975,No action required
14141,915.13,4,355,22.87825,2011-12-07 09:53:00,United Kingdom,2,successful,none,0,0,LOW,95.0,915.13,869.3735,No action required
14142,311.81,1,313,14.173181818181819,2010-12-01 16:33:00,United Kingdom,372,checkout_abandoned,checkout_abandoned,1,55,MEDIUM,62.0,311.81,193.3222,Send checkout reminder
14143,115.8,1,30,16.54285714285714,2011-07-29 09:48:00,United Kingdom,133,subscription_failed,insufficient_funds,1,60,MEDIUM,59.0,115.8,68.322,Retry payment + reminder
14145,3742.2,4,756,340.2,2011-10-24 12:10:00,United Kingdom,46,payment_failed,card_expired,1,40,MEDIUM,71.0,3742.2,2656.962,Send payment recovery link
14146,4191.0,5,2437,19.957142857142856,2011-12-01 10:18:00,United Kingdom,8,successful,none,0,0,LOW,95.0,4191.0,3981.45,No action required
14147,483.4,2,108,96.67999999999999,2011-09-22 18:10:00,United Kingdom,77,payment_failed,card_expired,1,40,MEDIUM,71.0,483.4,343.214,Send payment recovery link
14148,157.2,1,16,52.4,2011-04-20 12:02:00,United Kingdom,233,checkout_abandoned,checkout_abandoned,1,55,MEDIUM,62.0,157.2,97.464,Send checkout reminder
14149,446.62,1,218,15.950714285714286,2011-05-03 09:44:00,United Kingdom,220,checkout_abandoned,checkout_abandoned,1,55,MEDIUM,62.0,446.62,276.9044,Send checkout reminder
14150,658.64,2,496,25.33230769230769,2011-11-04 10:05:00,United Kingdom,35,successful,none,0,0,LOW,95.0,658.64,625.708,No action required
14152,621.29,2,711,12.67938775510204,2011-09-25 12:54:00,United Kingdom,74,payment_failed,card_expired,1,40,MEDIUM,71.0,621.29,441.11589999999995,Send payment recovery link
14154,1345.62,2,465,25.87730769230769,2011-04-14 16:26:00,United Kingdom,238,checkout_abandoned,checkout_abandoned,1,55,MEDIUM,62.0,1345.62,834.2843999999999,Send checkout reminder
14155,118.75,1,25,19.791666666666668,2011-03-18 14:13:00,United Kingdom,265,checkout_abandoned,checkout_abandoned,1,55,MEDIUM,62.0,118.75,73.625,Send checkout reminder
14156,117379.63,55,57885,83.84259285714286,2011-11-30 10:54:00,EIRE,9,successful,none,0,10,LOW,89.0,117379.63,104467.8707,No action required
14157,432.88,2,284,9.018333333333333,2011-11-20 11:32:00,United Kingdom,19,successful,none,0,0,LOW,95.0,432.88,411.236,No action required
14158,507.66,1,781,12.381951219512196,2011-10-30 15:08:00,United Kingdom,39,successful,none,0,0,LOW,95.0,507.66,482.27700000000004,No action required
14159,4693.01,11,4408,3.8978488372093025,2011-11-20 12:36:00,United Kingdom,19,successful,none,0,0,LOW,95.0,4693.01,4458.3595000000005,No action required
14161,1110.52,3,455,10.282592592592593,2011-05-08 11:41:00,United Kingdom,215,checkout_abandoned,checkout_abandoned,1,55,MEDIUM,62.0,1110.52,688.5224000000001,Send checkout reminder
14162,289.36,2,142,11.5744,2011-06-19 11:36:00,United Kingdom,173,subscription_failed,insufficient_funds,1,60,MEDIUM,59.0,289.36,170.72240000000002,Retry payment + reminder
14163,2445.91,4,893,47.036730769230765,2011-09-13 15:18:00,United Kingdom,86,payment_failed,card_expired,1,40,MEDIUM,71.0,2445.91,1736.5960999999998,Send payment recovery link
14164,1631.77,2,1033,56.26793103448276,2011-09-30 12:24:00,United Kingdom,70,payment_failed,card_expired,1,40,MEDIUM,71.0,1631.77,1158.5567,Send payment recovery link
14165,122.53999999999999,1,54,4.901599999999999,2011-03-09 12:39:00,United Kingdom,275,checkout_abandoned,checkout_abandoned,1,55,MEDIUM,62.0,122.53999999999999,75.9748,Send checkout reminder
14167,574.84,4,150,11.054615384615385,2011-10-31 14:29:00,United Kingdom,38,successful,none,0,0,LOW,95.0,574.84,546.0980000000001,No action required
14171,363.79,1,167,6.272241379310345,2011-09-02 16:43:00,United Kingdom,97,subscription_failed,insufficient_funds,1,60,MEDIUM,59.0,363.79,214.6361,Retry payment + reminder
14173,450.84,4,150,15.546206896551723,2011-11-29 11:54:00,United Kingdom,10,successful,none,0,0,LOW,95.0,450.84,428.29799999999994,No action required
14174,134.46,1,94,5.171538461538462,2011-11-06 13:17:00,United Kingdom,32,successful,none,0,0,LOW,95.0,134.46,127.73700000000001,No action required
14175,3222.3,3,1515,21.626174496644296,2011-10-11 11:55:00,United Kingdom,59,payment_failed,card_expired,1,40,MEDIUM,71.0,3222.3,2287.833,Send payment recovery link
14176,576.9000000000001,4,209,18.609677419354842,2011-02-15 13:12:00,United Kingdom,296,checkout_abandoned,checkout_abandoned,1,55,MEDIUM,62.0,576.9000000000001,357.67800000000005,Send checkout reminder
14177,559.41,4,205,13.319285714285714,2011-09-14 15:11:00,United Kingdom,85,payment_failed,card_expired,1,40,MEDIUM,71.0,559.41,397.1811,Send payment recovery link
14178,1620.93,7,1505,4.9569724770642205,2011-12-01 12:01:00,United Kingdom,8,successful,none,0,0,LOW,95.0,1620.93,1539.8835000000001,No action required
14179,719.78,2,330,4.36230303030303,2011-10-30 12:07:00,United Kingdom,40,successful,none,0,0,LOW,95.0,719.78,683.7909999999999,No action required
14180,4748.52,25,719,19.785500000000003,2011-11-29 10:56:00,United Kingdom,10,successful,none,0,0,LOW,95.0,4748.52,4511.094,No action required
14184,452.89,1,127,18.870416666666667,2011-10-04 12:43:00,United Kingdom,66,payment_failed,card_expired,1,40,MEDIUM,71.0,452.89,321.5519,Send payment recovery link
14185,197.65,1,6,65.88333333333334,2011-01-12 13:52:00,United Kingdom,330,checkout_abandoned,checkout_abandoned,1,55,MEDIUM,62.0,197.65,122.543,Send checkout reminder
14188,2054.36,6,1162,31.605538461538462,2011-11-09 12:45:00,United Kingdom,30,successful,none,0,0,LOW,95.0,2054.36,1951.642,No action required
14189,4654.08,15,3937,17.56256603773585,2011-12-07 15:55:00,United Kingdom,1,successful,none,0,0,LOW,95.0,4654.08,4421.376,No action required
14191,4684.76,13,3662,18.08787644787645,2011-12-08 09:23:00,United Kingdom,1,successful,none,0,0,LOW,95.0,4684.76,4450.522,No action required
14193,853.39,2,445,20.318809523809524,2011-10-03 09:34:00,United Kingdom,67,payment_failed,card_expired,1,40,MEDIUM,71.0,853.39,605.9069000000001,Send payment recovery link
14194,11349.52,21,5840,19.601934369602763,2011-12-05 10:38:00,United Kingdom,4,successful,none,0,10,LOW,89.0,11349.52,10101.0728,No action required
14195,1012.0,2,760,144.57142857142858,2011-05-22 10:29:00,United Kingdom,201,checkout_abandoned,checkout_abandoned,1,55,MEDIUM,62.0,1012.0,627.44,Send checkout reminder
14196,335.52,1,142,55.919999999999995,2011-08-25 10:25:00,United Kingdom,106,subscription_failed,insufficient_funds,1,60,MEDIUM,59.0,335.52,197.95680000000002,Retry payment + reminder
14198,701.4,4,290,17.984615384615385,2011-11-21 16:35:00,United Kingdom,17,successful,none,0,0,LOW,95.0,701.4,666.33,No action required
14199,185.39999999999998,1,28,92.69999999999999,2011-05-05 13:44:00,United Kingdom,217,checkout_abandoned,checkout_abandoned,1,55,MEDIUM,62.0,185.39999999999998,114.948,Send checkout reminder
14201,747.44,7,590,20.20108108108108,2011-10-10 13:27:00,United Kingdom,59,payment_failed,card_expired,1,40,MEDIUM,71.0,747.44,530.6824,Send payment recovery link
14204,161.03,1,82,3.659772727272727,2011-12-07 13:38:00,United Kingdom,1,successful,none,0,0,LOW,95.0,161.03,152.9785,No action required
14205,466.7,2,204,19.445833333333333,2011-11-23 10:55:00,United Kingdom,16,successful,none,0,0,LOW,95.0,466.7,443.365,No action required
14206,328.15999999999997,1,276,16.407999999999998,2011-04-14 16:38:00,United Kingdom,238,checkout_abandoned,checkout_abandoned,1,55,MEDIUM,62.0,328.15999999999997,203.45919999999998,Send checkout reminder
14208,151.74,1,114,15.174000000000001,2011-09-06 12:48:00,United Kingdom,94,subscription_failed,insufficient_funds,1,60,MEDIUM,59.0,151.74,89.5266,Retry payment + reminder
14209,2073.43,6,691,23.83252873563218,2011-11-29 10:18:00,United Kingdom,10,successful,none,0,0,LOW,95.0,2073.43,1969.7584999999997,No action required
14210,1905.8400000000001,6,760,18.684705882352944,2011-08-26 12:36:00,United Kingdom,105,subscription_failed,insufficient_funds,1,60,MEDIUM,59.0,1905.8400000000001,1124.4456,Retry payment + reminder
14211,2241.1,9,1242,20.009821428571428,2011-10-17 13:23:00,United Kingdom,52,payment_failed,card_expired,1,40,MEDIUM,71.0,2241.1,1591.181,Send payment recovery link
14212,1070.48,1,1152,118.94222222222223,2011-09-11 12:45:00,United Kingdom,89,payment_failed,card_expired,1,40,MEDIUM,71.0,1070.48,760.0408,Send payment recovery link
14214,1004.38,5,751,14.990746268656716,2011-11-09 10:31:00,United Kingdom,30,successful,none,0,0,LOW,95.0,1004.38,954.1610000000001,No action required
14215,1789.72,6,1358,16.57148148148148,2011-11-28 12:19:00,United Kingdom,11,successful,none,0,0,LOW,95.0,1789.72,1700.234,No action required
14216,1839.3,4,594,31.17457627118644,2011-12-06 14:56:00,United Kingdom,2,successful,none,0,0,LOW,95.0,1839.3,1747.335,No action required
14217,2004.98,17,689,20.0498,2011-12-08 11:53:00,United Kingdom,1,successful,none,0,0,LOW,95.0,2004.98,1904.731,No action required
14218,169.48000000000002,1,160,14.123333333333335,2011-10-28 10:00:00,United Kingdom,42,successful,none,0,0,LOW,95.0,169.48000000000002,161.00600000000003,No action required
14219,89.94,1,78,12.848571428571429,2011-12-05 16:23:00,United Kingdom,3,successful,none,0,0,LOW,95.0,89.94,85.443,No action required
14220,632.4,2,272,30.114285714285714,2011-04-06 13:23:00,United Kingdom,246,checkout_abandoned,checkout_abandoned,1,55,MEDIUM,62.0,632.4,392.08799999999997,Send checkout reminder
14221,3432.8,9,2191,17.78652849740933,2011-10-28 13:42:00,United Kingdom,41,successful,none,0,0,LOW,95.0,3432.8,3261.16,No action required
14222,683.17,1,607,16.662682926829266,2011-06-15 16:42:00,United Kingdom,176,subscription_failed,insufficient_funds,1,60,MEDIUM,59.0,683.17,403.0703,Retry payment + reminder
14223,991.13,3,585,16.518833333333333,2011-09-08 13:38:00,United Kingdom,91,subscription_failed,insufficient_funds,1,60,MEDIUM,59.0,991.13,584.7667,Retry payment + reminder
14224,1050.12,4,514,8.899322033898304,2011-08-21 13:24:00,United Kingdom,109,subscription_failed,insufficient_funds,1,60,MEDIUM,59.0,1050.12,619.5708,Retry payment + reminder
14226,2232.19,5,1308,33.31626865671642,2011-11-11 11:34:00,United Kingdom,28,successful,none,0,0,LOW,95.0,2232.19,2120.5805,No action required
14227,3350.96,10,1820,19.148342857142858,2011-11-13 15:48:00,United Kingdom,25,successful,none,0,0,LOW,95.0,3350.96,3183.4120000000003,No action required
14229,1547.2,3,610,38.68,2011-10-19 10:04:00,United Kingdom,51,payment_failed,card_expired,1,40,MEDIUM,71.0,1547.2,1098.512,Send payment recovery link
14231,925.71,3,409,18.514200000000002,2011-06-09 11:05:00,United Kingdom,183,checkout_abandoned,checkout_abandoned,1,55,MEDIUM,62.0,925.71,573.9402,Send checkout reminder
14232,2048.07,5,1941,17.80930434782609,2011-10-28 11:09:00,United Kingdom,42,successful,none,0,0,LOW,95.0,2048.07,1945.6665000000003,No action required
14233,1462.72,4,680,41.792,2011-10-21 15:54:00,United Kingdom,48,payment_failed,card_expired,1,40,MEDIUM,71.0,1462.72,1038.5312,Send payment recovery link
14234,775.46,4,963,4.877106918238994,2011-11-17 17:53:00,United Kingdom,21,successful,none,0,0,LOW,95.0,775.46,736.687,No action required
14235,3144.86,5,1959,39.80835443037975,2011-09-25 14:37:00,United Kingdom,74,payment_failed,card_expired,1,40,MEDIUM,71.0,3144.86,2232.8505999999998,Send payment recovery link
14236,490.86,2,310,32.724000000000004,2011-09-20 09:13:00,United Kingdom,80,payment_failed,card_expired,1,40,MEDIUM,71.0,490.86,348.51059999999995,Send payment recovery link
14237,161.0,1,38,17.88888888888889,2010-12-01 13:20:00,United Kingdom,372,checkout_abandoned,checkout_abandoned,1,55,MEDIUM,62.0,161.0,99.82,Send checkout reminder
14238,146.85,1,111,18.35625,2011-01-17 14:40:00,United Kingdom,325,checkout_abandoned,checkout_abandoned,1,55,MEDIUM,62.0,146.85,91.04699999999998,Send checkout reminder
14239,2380.85,11,993,21.257589285714285,2011-10-27 14:40:00,United Kingdom,42,successful,none,0,0,LOW,95.0,2380.85,2261.8075,No action required
14240,890.34,2,418,21.19857142857143,2011-11-09 13:45:00,United Kingdom,29,successful,none,0,0,LOW,95.0,890.34,845.823,No action required
14241,213.70000000000002,1,146,21.37,2011-06-09 11:46:00,United Kingdom,183,checkout_abandoned,checkout_abandoned,1,55,MEDIUM,62.0,213.70000000000002,132.49400000000003,Send checkout reminder
14242,280.55,2,123,17.534375,2011-04-19 11:46:00,United Kingdom,234,checkout_abandoned,checkout_abandoned,1,55,MEDIUM,62.0,280.55,173.94100000000003,Send checkout reminder
14243,2588.77,10,1221,18.360070921985816,2011-12-01 11:12:00,United Kingdom,8,successful,none,0,0,LOW,95.0,2588.77,2459.3315,No action required
14245,1693.45,2,976,15.680092592592594,2011-05-04 08:40:00,United Kingdom,219,checkout_abandoned,checkout_abandoned,1,55,MEDIUM,62.0,1693.45,1049.939,Send checkout reminder
14246,1474.06,3,804,19.654133333333334,2011-08-21 11:50:00,United Kingdom,110,subscription_failed,insufficient_funds,1,60,MEDIUM,59.0,1474.06,869.6954,Retry payment + reminder
14247,136.76999999999998,1,47,6.838499999999999,2011-03-06 15:21:00,United Kingdom,277,checkout_abandoned,checkout_abandoned,1,55,MEDIUM,62.0,136.76999999999998,84.79739999999998,Send checkout reminder
14248,302.58,1,102,37.8225,2011-01-25 14:45:00,United Kingdom,317,checkout_abandoned,checkout_abandoned,1,55,MEDIUM,62.0,302.58,187.59959999999998,Send checkout reminder
14250,1904.05,3,1200,17.153603603603603,2011-12-02 14:30:00,United Kingdom,6,successful,none,0,0,LOW,95.0,1904.05,1808.8475,No action required
14251,2879.7000000000003,5,1674,36.91923076923077,2011-12-08 08:32:00,United Kingdom,1,successful,none,0,0,LOW,95.0,2879.7000000000003,2735.715,No action required
14256,969.0600000000001,2,414,18.284150943396227,2011-03-24 13:17:00,United Kingdom,259,checkout_abandoned,checkout_abandoned,1,55,MEDIUM,62.0,969.0600000000001,600.8172,Send checkout reminder
14257,3099.7200000000003,5,1682,29.242641509433966,2011-10-06 16:54:00,United Kingdom,63,payment_failed,card_expired,1,40,MEDIUM,71.0,3099.7200000000003,2200.8012000000003,Send payment recovery link
14258,12669.98,9,7100,114.14396396396396,2011-11-30 15:27:00,United Kingdom,8,successful,none,0,10,LOW,89.0,12669.98,11276.2822,No action required
14259,120.0,1,68,24.0,2011-07-21 10:44:00,United Kingdom,141,subscription_failed,insufficient_funds,1,60,MEDIUM,59.0,120.0,70.8,Retry payment + reminder
14261,1163.45,2,406,22.37403846153846,2011-10-20 10:04:00,United Kingdom,50,payment_failed,card_expired,1,40,MEDIUM,71.0,1163.45,826.0495,Send payment recovery link
14262,2618.23,8,1645,18.3093006993007,2011-12-01 14:17:00,United Kingdom,7,successful,none,0,0,LOW,95.0,2618.23,2487.3185,No action required
14264,333.97,2,70,19.64529411764706,2011-07-08 10:20:00,United Kingdom,154,subscription_failed,insufficient_funds,1,60,MEDIUM,59.0,333.97,197.04230000000004,Retry payment + reminder
14265,530.18,2,330,17.10258064516129,2011-08-22 13:32:00,Unspecified,108,subscription_failed,insufficient_funds,1,60,MEDIUM,59.0,530.18,312.80619999999993,Retry payment + reminder
14267,1516.24,3,530,27.568,2011-06-30 10:09:00,United Kingdom,162,subscription_failed,insufficient_funds,1,60,MEDIUM,59.0,1516.24,894.5816,Retry payment + reminder
14270,492.65000000000003,1,197,16.98793103448276,2011-01-12 09:33:00,United Kingdom,331,checkout_abandoned,checkout_abandoned,1,55,MEDIUM,62.0,492.65000000000003,305.44300000000004,Send checkout reminder
14271,112.32,1,88,11.232,2011-04-28 12:47:00,United Kingdom,225,checkout_abandoned,checkout_abandoned,1,55,MEDIUM,62.0,112.32,69.63839999999999,Send checkout reminder
14272,437.96,2,599,13.271515151515151,2011-09-27 10:08:00,United Kingdom,73,payment_failed,card_expired,1,40,MEDIUM,71.0,437.96,310.9516,Send payment recovery link
14273,559.97,4,264,19.309310344827587,2011-10-19 13:20:00,United Kingdom,50,payment_failed,card_expired,1,40,MEDIUM,71.0,559.97,397.5787,Send payment recovery link
14276,1119.74,3,744,17.4959375,2011-09-02 09:45:00,United Kingdom,98,subscription_failed,insufficient_funds,1,60,MEDIUM,59.0,1119.74,660.6466,Retry payment + reminder
14277,4216.2,3,1984,18.738666666666667,2011-11-24 15:01:00,France,14,successful,none,0,0,LOW,95.0,4216.2,4005.39,No action required
14280,134.04,1,52,16.755,2011-05-27 10:37:00,United Kingdom,196,checkout_abandoned,checkout_abandoned,1,55,MEDIUM,62.0,134.04,83.1048,Send checkout reminder
14282,3729.34,15,2668,23.906025641025643,2011-12-06 17:04:00,United Kingdom,2,successful,none,0,0,LOW,95.0,3729.34,3542.873,No action required
14284,595.25,2,161,18.6015625,2011-11-09 08:11:00,United Kingdom,30,successful,none,0,0,LOW,95.0,595.25,565.4875,No action required
14285,1910.01,4,541,70.74111111111111,2011-11-18 14:50:00,United Kingdom,20,successful,none,0,0,LOW,95.0,1910.01,1814.5095000000001,No action required
14286,4628.75,3,4338,16.53125,2011-11-16 10:34:00,United Kingdom,23,successful,none,0,0,LOW,95.0,4628.75,4397.3125,No action required
14287,176.63,3,261,19.625555555555554,2011-12-01 13:25:00,United Kingdom,7,successful,none,0,0,LOW,95.0,176.63,167.7985,No action required
14288,426.6,1,188,26.6625,2011-05-10 13:22:00,United Kingdom,212,checkout_abandoned,checkout_abandoned,1,55,MEDIUM,62.0,426.6,264.492,Send checkout reminder
14289,911.26,6,292,19.388510638297873,2011-12-01 11:44:00,United Kingdom,8,successful,none,0,0,LOW,95.0,911.26,865.697,No action required
14290,2314.65,5,915,22.917326732673267,2011-11-28 14:02:00,United Kingdom,10,successful,none,0,0,LOW,95.0,2314.65,2198.9175,No action required
14291,3883.25,11,2749,16.385021097046412,2011-12-08 10:26:00,United Kingdom,1,successful,none,0,0,LOW,95.0,3883.25,3689.0875,No action required
14292,4871.93,9,1663,48.719300000000004,2011-12-02 11:50:00,United Kingdom,7,successful,none,0,0,LOW,95.0,4871.93,4628.333500000001,No action required
14293,1046.56,4,709,17.15672131147541,2011-12-06 15:17:00,United Kingdom,2,successful,none,0,0,LOW,95.0,1046.56,994.232,No action required
14295,166.20000000000002,1,84,33.24,2011-10-30 15:50:00,United Kingdom,39,successful,none,0,0,LOW,95.0,166.20000000000002,157.89000000000001,No action required
14297,1305.33,4,865,21.053709677419352,2011-11-22 09:06:00,United Kingdom,17,successful,none,0,0,LOW,95.0,1305.33,1240.0635,No action required
14298,51527.3,44,58343,31.476664630421503,2011-12-01 13:12:00,United Kingdom,7,successful,none,0,10,LOW,89.0,51527.3,45859.297,No action required
14299,3965.62,9,2149,27.73160839160839,2011-12-01 16:05:00,United Kingdom,7,successful,none,0,0,LOW,95.0,3965.62,3767.3389999999995,No action required
14300,43.2,1,32,14.4,2011-11-21 08:57:00,United Kingdom,18,successful,none,0,0,LOW,95.0,43.2,41.04,No action required
14301,640.14,1,606,49.24153846153846,2011-08-14 15:33:00,United Kingdom,116,subscription_failed,insufficient_funds,1,60,MEDIUM,59.0,640.14,377.68260000000004,Retry payment + reminder
14304,383.45,1,139,22.555882352941175,2011-05-01 11:50:00,United Kingdom,222,checkout_abandoned,checkout_abandoned,1,55,MEDIUM,62.0,383.45,237.73899999999998,Send checkout reminder
14305,1858.96,3,1089,17.70438095238095,2011-09-29 15:29:00,United Kingdom,70,payment_failed,card_expired,1,40,MEDIUM,71.0,1858.96,1319.8616,Send payment recovery link
14306,2093.32,2,1075,63.4339393939394,2011-10-19 13:23:00,United Kingdom,50,payment_failed,card_expired,1,40,MEDIUM,71.0,2093.32,1486.2572,Send payment recovery link
14307,2995.72,6,2058,16.642888888888887,2011-09-12 09:38:00,United Kingdom,88,payment_failed,card_expired,1,40,MEDIUM,71.0,2995.72,2126.9611999999997,Send payment recovery link
14309,2352.53,9,1633,20.10709401709402,2011-12-01 13:33:00,United Kingdom,7,successful,none,0,0,LOW,95.0,2352.53,2234.9035,No action required
14311,310.26,1,146,15.513,2011-04-11 10:14:00,United Kingdom,242,checkout_abandoned,checkout_abandoned,1,55,MEDIUM,62.0,310.26,192.3612,Send checkout reminder
14312,1611.59,6,1012,18.524022988505745,2011-10-24 09:46:00,United Kingdom,46,payment_failed,card_expired,1,40,MEDIUM,71.0,1611.59,1144.2289,Send payment recovery link
14314,120.0,1,296,15.0,2011-08-25 10:39:00,United Kingdom,106,subscription_failed,insufficient_funds,1,60,MEDIUM,59.0,120.0,70.8,Retry payment + reminder
14315,2481.13,6,1021,24.565643564356435,2011-10-26 12:06:00,United Kingdom,44,successful,none,0,0,LOW,95.0,2481.13,2357.0735,No action required
14317,508.58000000000004,1,255,21.190833333333334,2011-10-06 10:44:00,United Kingdom,64,payment_failed,card_expired,1,40,MEDIUM,71.0,508.58000000000004,361.0918,Send payment recovery link
14320,477.79,2,325,15.412580645161292,2011-05-17 09:24:00,United Kingdom,206,checkout_abandoned,checkout_abandoned,1,55,MEDIUM,62.0,477.79,296.2298,Send checkout reminder
14321,1530.75,5,2406,12.445121951219512,2011-11-29 09:47:00,United Kingdom,10,successful,none,0,0,LOW,95.0,1530.75,1454.2125,No action required
14323,605.0600000000001,2,350,16.807222222222222,2011-08-17 11:37:00,United Kingdom,114,subscription_failed,insufficient_funds,1,60,MEDIUM,59.0,605.0600000000001,356.9854,Retry payment + reminder
14326,183.85,1,103,22.98125,2011-04-11 15:04:00,United Kingdom,241,checkout_abandoned,checkout_abandoned,1,55,MEDIUM,62.0,183.85,113.987,Send checkout reminder
14327,311.65,1,139,25.97083333333333,2011-06-29 13:58:00,United Kingdom,162,subscription_failed,insufficient_funds,1,60,MEDIUM,59.0,311.65,183.87349999999998,Retry payment + reminder
14329,5014.84,7,3095,19.362316602316604,2011-11-22 15:50:00,United Kingdom,16,successful,none,0,10,LOW,89.0,5014.84,4463.2076,No action required
14331,462.65999999999997,2,252,16.523571428571426,2011-08-07 13:17:00,United Kingdom,123,subscription_failed,insufficient_funds,1,60,MEDIUM,59.0,462.65999999999997,272.9694,Retry payment + reminder
14332,866.31,3,481,33.31961538461538,2011-11-17 11:54:00,United Kingdom,22,successful,none,0,0,LOW,95.0,866.31,822.9945,No action required
14333,415.2,1,58,27.68,2011-10-03 10:38:00,United Kingdom,67,payment_failed,card_expired,1,40,MEDIUM,71.0,415.2,294.79200000000003,Send payment recovery link
14334,2552.21,8,1731,15.754382716049383,2011-11-23 10:01:00,United Kingdom,16,successful,none,0,0,LOW,95.0,2552.21,2424.5995000000003,No action required
14335,468.26,2,379,7.432698412698413,2011-11-23 13:41:00,Germany,15,successful,none,0,0,LOW,95.0,468.26,444.847,No action required
14336,1614.91,4,1759,17.943444444444445,2011-11-23 11:40:00,United Kingdom,16,successful,none,0,0,LOW,95.0,1614.91,1534.1645,No action required
14338,588.22,2,335,18.97483870967742,2011-07-01 14:08:00,United Kingdom,160,subscription_failed,insufficient_funds,1,60,MEDIUM,59.0,588.22,347.0498,Retry payment + reminder
14339,309.52,1,168,22.108571428571427,2011-04-11 11:06:00,United Kingdom,242,checkout_abandoned,checkout_abandoned,1,55,MEDIUM,62.0,309.52,191.90239999999997,Send checkout reminder
14340,134.7,1,58,22.45,2011-05-05 09:44:00,United Kingdom,218,checkout_abandoned,checkout_abandoned,1,55,MEDIUM,62.0,134.7,83.514,Send checkout reminder
14341,2182.28,8,1403,16.916899224806205,2011-10-25 15:48:00,United Kingdom,44,successful,none,0,0,LOW,95.0,2182.28,2073.166,No action required
14342,668.5600000000001,4,347,31.836190476190477,2011-11-18 13:21:00,United Kingdom,20,successful,none,0,0,LOW,95.0,668.5600000000001,635.1320000000001,No action required
14344,889.9300000000001,8,477,12.534225352112676,2011-08-04 13:51:00,United Kingdom,126,subscription_failed,insufficient_funds,1,60,MEDIUM,59.0,889.9300000000001,525.0587,Retry payment + reminder
14345,108.97999999999999,1,50,18.16333333333333,2011-11-01 09:51:00,United Kingdom,38,successful,none,0,0,LOW,95.0,108.97999999999999,103.53099999999999,No action required
14346,1021.58,2,605,17.026333333333334,2011-08-11 09:47:00,United Kingdom,120,subscription_failed,insufficient_funds,1,60,MEDIUM,59.0,1021.58,602.7322,Retry payment + reminder
14348,409.57,1,183,22.753888888888888,2011-03-24 16:23:00,United Kingdom,259,checkout_abandoned,checkout_abandoned,1,55,MEDIUM,62.0,409.57,253.9334,Send checkout reminder
14349,133.5,1,86,4.306451612903226,2011-11-29 15:39:00,United Kingdom,9,successful,none,0,0,LOW,95.0,133.5,126.825,No action required
14350,282.93,1,183,15.718333333333334,2011-03-10 14:14:00,United Kingdom,273,checkout_abandoned,checkout_abandoned,1,55,MEDIUM,62.0,282.93,175.4166,Send checkout reminder
14351,51.0,1,12,51.0,2011-06-28 11:56:00,United Kingdom,164,subscription_failed,insufficient_funds,1,60,MEDIUM,59.0,51.0,30.09,Retry payment + reminder
14352,1078.96,4,538,22.95659574468085,2011-07-05 15:41:00,United Kingdom,156,subscription_failed,insufficient_funds,1,60,MEDIUM,59.0,1078.96,636.5864,Retry payment + reminder
14353,90.6,1,64,15.1,2011-05-08 16:06:00,United Kingdom,214,checkout_abandoned,checkout_abandoned,1,55,MEDIUM,62.0,90.6,56.172,Send checkout reminder
14354,163.62,2,210,18.18,2011-12-04 11:32:00,United Kingdom,5,successful,none,0,0,LOW,95.0,163.62,155.439,No action required
14355,174.4,1,92,15.854545454545455,2010-12-09 12:16:00,United Kingdom,365,checkout_abandoned,checkout_abandoned,1,55,MEDIUM,62.0,174.4,108.12800000000001,Send checkout reminder
14356,701.23,2,277,21.24939393939394,2011-09-21 09:18:00,United Kingdom,79,payment_failed,card_expired,1,40,MEDIUM,71.0,701.23,497.87330000000003,Send payment recovery link
14357,225.77,1,148,5.506585365853659,2011-10-27 16:23:00,United Kingdom,42,successful,none,0,0,LOW,95.0,225.77,214.4815,No action required
14359,912.18,3,371,16.58509090909091,2011-11-20 13:17:00,United Kingdom,18,successful,none,0,0,LOW,95.0,912.18,866.5709999999999,No action required
14360,2128.23,4,1151,18.035847457627117,2011-11-08 09:12:00,United Kingdom,31,successful,none,0,0,LOW,95.0,2128.23,2021.8185,No action required
14362,161.2,1,100,3.9317073170731707,2011-11-17 15:08:00,United Kingdom,21,successful,none,0,0,LOW,95.0,161.2,153.14,No action required
14364,3717.35,8,1967,53.87463768115942,2011-08-23 11:01:00,United Kingdom,108,subscription_failed,insufficient_funds,1,60,MEDIUM,59.0,3717.35,2193.2365,Retry payment + reminder
14367,9261.52,16,4438,17.67465648854962,2011-12-01 13:19:00,United Kingdom,7,successful,none,0,10,LOW,89.0,9261.52,8242.7528,No action required
14368,155.0,1,36,19.375,2011-01-24 09:52:00,United Kingdom,319,checkout_abandoned,checkout_abandoned,1,55,MEDIUM,62.0,155.0,96.1,Send checkout reminder
14371,100.5,1,34,25.125,2011-02-17 16:35:00,United Kingdom,294,checkout_abandoned,checkout_abandoned,1,55,MEDIUM,62.0,100.5,62.31,Send checkout reminder
14373,76.55,1,17,19.1375,2010-12-16 15:40:00,United Kingdom,357,checkout_abandoned,checkout_abandoned,1,55,MEDIUM,62.0,76.55,47.46099999999999,Send checkout reminder
14375,257.68,1,194,3.4357333333333333,2011-06-07 13:44:00,United Kingdom,184,checkout_abandoned,checkout_abandoned,1,55,MEDIUM,62.0,257.68,159.7616,Send checkout reminder
14377,617.05,2,219,56.095454545454544,2011-06-01 13:32:00,United Kingdom,190,checkout_abandoned,checkout_abandoned,1,55,MEDIUM,62.0,617.05,382.57099999999997,Send checkout reminder
14379,348.1,2,292,7.567391304347827,2011-10-26 16:43:00,United Kingdom,43,successful,none,0,0,LOW,95.0,348.1,330.695,No action required
14381,202.68,1,146,3.619285714285714,2011-10-18 17:10:00,United Kingdom,51,payment_failed,card_expired,1,40,MEDIUM,71.0,202.68,143.9028,Send payment recovery link
14382,626.0699999999999,1,1237,4.7791603053435106,2011-11-13 16:18:00,United Kingdom,25,successful,none,0,0,LOW,95.0,626.0699999999999,594.7665,No action required
14383,1247.69,3,817,21.14728813559322,2011-11-01 15:53:00,United Kingdom,37,successful,none,0,0,LOW,95.0,1247.69,1185.3055,No action required
14385,202.11,3,159,14.436428571428573,2011-11-30 15:36:00,United Kingdom,8,successful,none,0,0,LOW,95.0,202.11,192.0045,No action required
14386,142.4,1,54,20.342857142857145,2011-02-16 09:45:00,United Kingdom,296,checkout_abandoned,checkout_abandoned,1,55,MEDIUM,62.0,142.4,88.28800000000001,Send checkout reminder
14387,1770.56,3,819,12.646857142857142,2011-11-07 12:29:00,United Kingdom,32,successful,none,0,0,LOW,95.0,1770.56,1682.032,No action required
14388,3212.84,8,1941,17.273333333333333,2011-11-29 13:32:00,United Kingdom,9,successful,none,0,0,LOW,95.0,3212.84,3052.198,No action required
14389,1043.46,2,729,23.188000000000002,2011-10-05 15:17:00,United Kingdom,64,payment_failed,card_expired,1,40,MEDIUM,71.0,1043.46,740.8566000000001,Send payment recovery link
14390,4652.82,9,2136,16.268601398601398,2011-11-29 13:49:00,United Kingdom,9,successful,none,0,0,LOW,95.0,4652.82,4420.179,No action required
14393,67.95,1,13,13.59,2011-05-05 18:16:00,United Kingdom,217,checkout_abandoned,checkout_abandoned,1,55,MEDIUM,62.0,67.95,42.129000000000005,Send checkout reminder
14395,3507.71,9,1693,10.02202857142857,2011-12-07 14:34:00,United Kingdom,1,successful,none,0,0,LOW,95.0,3507.71,3332.3245,No action required
14396,487.99,2,225,6.684794520547945,2011-10-05 16:09:00,United Kingdom,64,payment_failed,card_expired,1,40,MEDIUM,71.0,487.99,346.4729,Send payment recovery link
14397,2612.96,19,1890,30.034022988505747,2011-12-07 09:22:00,United Kingdom,2,successful,none,0,0,LOW,95.0,2612.96,2482.312,No action required
14400,574.7,1,454,22.988000000000003,2011-07-13 15:50:00,United Kingdom,148,subscription_failed,insufficient_funds,1,60,MEDIUM,59.0,574.7,339.07300000000004,Retry payment + reminder
14401,4051.48,13,4507,22.26087912087912,2011-12-05 13:30:00,United Kingdom,3,successful,none,0,0,LOW,95.0,4051.48,3848.906,No action required
14403,1475.81,4,519,73.7905,2011-08-01 12:57:00,United Kingdom,129,subscription_failed,insufficient_funds,1,60,MEDIUM,59.0,1475.81,870.7279,Retry payment + reminder
14404,1474.32,6,839,14.31378640776699,2011-11-06 12:30:00,United Kingdom,33,successful,none,0,0,LOW,95.0,1474.32,1400.604,No action required
14406,156.75,1,77,19.59375,2011-08-12 16:54:00,United Kingdom,118,subscription_failed,insufficient_funds,1,60,MEDIUM,59.0,156.75,92.4825,Retry payment + reminder
14407,2157.73,6,1415,29.557945205479452,2011-08-24 14:02:00,United Kingdom,106,subscription_failed,insufficient_funds,1,60,MEDIUM,59.0,2157.73,1273.0607,Retry payment + reminder
14408,2606.53,7,1616,24.360093457943925,2011-11-29 11:41:00,United Kingdom,10,successful,none,0,0,LOW,95.0,2606.53,2476.2035,No action required
14409,2059.4500000000003,6,1230,38.137962962962966,2011-09-29 18:18:00,United Kingdom,70,payment_failed,card_expired,1,40,MEDIUM,71.0,2059.4500000000003,1462.2095000000002,Send payment recovery link
14410,1105.07,9,571,5.725751295336787,2011-09-08 15:08:00,United Kingdom,91,subscription_failed,insufficient_funds,1,60,MEDIUM,59.0,1105.07,651.9913,Retry payment + reminder
14411,1063.0,1,196,75.92857142857143,2011-02-02 10:56:00,United Kingdom,310,checkout_abandoned,checkout_abandoned,1,55,MEDIUM,62.0,1063.0,659.06,Send checkout reminder
14412,770.03,2,786,17.90767441860465,2011-10-28 10:45:00,United Kingdom,42,successful,none,0,0,LOW,95.0,770.03,731.5284999999999,No action required
14413,122.7,1,68,5.334782608695653,2010-12-12 13:37:00,United Kingdom,361,checkout_abandoned,checkout_abandoned,1,55,MEDIUM,62.0,122.7,76.07400000000001,Send checkout reminder
14414,1496.98,7,2512,15.432783505154639,2011-09-09 12:09:00,United Kingdom,91,subscription_failed,insufficient_funds,1,60,MEDIUM,59.0,1496.98,883.2182,Retry payment + reminder
14415,5900.28,13,3011,10.000474576271186,2011-12-08 14:38:00,United Kingdom,0,successful,none,0,10,LOW,89.0,5900.28,5251.249199999999,No action required
14416,490.22,2,326,35.01571428571429,2011-11-17 15:22:00,United Kingdom,21,successful,none,0,0,LOW,95.0,490.22,465.709,No action required
14418,1937.25,3,1711,15.622983870967742,2011-12-06 11:39:00,United Kingdom,3,successful,none,0,0,LOW,95.0,1937.25,1840.3875,No action required
14419,1058.06,6,487,5.13621359223301,2011-11-29 11:22:00,United Kingdom,10,successful,none,0,0,LOW,95.0,1058.06,1005.1569999999999,No action required
14420,387.52,1,334,13.362758620689654,2011-09-01 18:07:00,United Kingdom,98,subscription_failed,insufficient_funds,1,60,MEDIUM,59.0,387.52,228.6368,Retry payment + reminder
14421,813.11,2,365,30.115185185185187,2011-10-13 13:24:00,United Kingdom,56,payment_failed,card_expired,1,40,MEDIUM,71.0,813.11,577.3081,Send payment recovery link
14422,4263.64,6,2906,19.205585585585588,2011-12-09 11:26:00,United Kingdom,0,successful,none,0,0,LOW,95.0,4263.64,4050.4580000000005,No action required
14423,265.2,1,120,88.39999999999999,2011-05-05 15:12:00,United Kingdom,217,checkout_abandoned,checkout_abandoned,1,55,MEDIUM,62.0,265.2,164.42399999999998,Send checkout reminder
14424,322.08,1,48,322.08,2011-11-22 11:48:00,United Kingdom,17,successful,none,0,0,LOW,95.0,322.08,305.976,No action required
14426,4481.67,10,2699,20.007455357142856,2011-11-16 12:25:00,United Kingdom,23,successful,none,0,0,LOW,95.0,4481.67,4257.5865,No action required
14427,363.34000000000003,2,228,21.37294117647059,2011-10-20 14:23:00,United Kingdom,49,payment_failed,card_expired,1,40,MEDIUM,71.0,363.34000000000003,257.9714,Send payment recovery link
14428,1244.83,5,436,8.644652777777777,2011-12-02 13:17:00,United Kingdom,6,successful,none,0,0,LOW,95.0,1244.83,1182.5884999999998,No action required
14431,470.36,1,130,27.668235294117647,2011-02-10 10:40:00,United Kingdom,302,checkout_abandoned,checkout_abandoned,1,55,MEDIUM,62.0,470.36,291.6232,Send checkout reminder
14432,2255.51,6,2070,5.904476439790576,2011-11-30 08:04:00,United Kingdom,9,successful,none,0,0,LOW,95.0,2255.51,2142.7345,No action required
14434,1372.8,6,368,114.39999999999999,2011-11-18 08:56:00,United Kingdom,21,successful,none,0,0,LOW,95.0,1372.8,1304.16,No action required
14436,89.06,1,129,9.895555555555555,2011-09-02 10:13:00,United Kingdom,98,subscription_failed,insufficient_funds,1,60,MEDIUM,59.0,89.06,52.5454,Retry payment + reminder
14437,63.0,1,60,12.6,2010-12-09 09:27:00,United Kingdom,365,checkout_abandoned,checkout_abandoned,1,55,MEDIUM,62.0,63.0,39.06,Send checkout reminder
14438,131.9,1,82,14.655555555555557,2011-02-06 14:56:00,United Kingdom,305,checkout_abandoned,checkout_abandoned,1,55,MEDIUM,62.0,131.9,81.778,Send checkout reminder
14439,2661.24,1,526,83.16375,2011-01-24 11:39:00,Greece,319,checkout_abandoned,checkout_abandoned,1,55,MEDIUM,62.0,2661.24,1649.9687999999996,Send checkout reminder
14440,2357.6800000000003,5,588,42.8669090909091,2011-12-01 15:42:00,United Kingdom,7,successful,none,0,0,LOW,95.0,2357.6800000000003,2239.7960000000003,No action required
14441,1712.89,4,446,33.58607843137255,2011-12-09 09:07:00,United Kingdom,0,successful,none,0,0,LOW,95.0,1712.89,1627.2455000000002,No action required
14442,1589.82,2,482,25.235238095238095,2011-05-19 11:36:00,Channel Islands,204,checkout_abandoned,checkout_abandoned,1,55,MEDIUM,62.0,1589.82,985.6884,Send checkout reminder
14443,1420.2,4,938,15.270967741935484,2011-10-17 10:10:00,United Kingdom,53,payment_failed,card_expired,1,40,MEDIUM,71.0,1420.2,1008.342,Send payment recovery link
14446,1039.58,4,933,3.548054607508532,2011-12-09 11:34:00,United Kingdom,0,successful,none,0,0,LOW,95.0,1039.58,987.6009999999999,No action required
14447,1163.23,5,571,16.617571428571427,2011-11-21 08:28:00,United Kingdom,18,successful,none,0,0,LOW,95.0,1163.23,1105.0685,No action required
14448,375.35,2,104,18.767500000000002,2011-11-30 13:50:00,United Kingdom,8,successful,none,0,0,LOW,95.0,375.35,356.5825,No action required
14449,907.1,4,757,3.5158914728682173,2011-11-21 12:06:00,United Kingdom,18,successful,none,0,0,LOW,95.0,907.1,861.745,No action required
14450,483.25,3,241,12.08125,2011-06-12 10:46:00,United Kingdom,180,subscription_failed,insufficient_funds,1,60,MEDIUM,59.0,483.25,285.1175,Retry payment + reminder
14451,662.59,2,389,6.078807339449542,2011-10-10 13:38:00,United Kingdom,59,payment_failed,card_expired,1,40,MEDIUM,71.0,662.59,470.4389,Send payment recovery link
14452,264.44,2,119,4.26516129032258,2011-11-29 12:06:00,United Kingdom,10,successful,none,0,0,LOW,95.0,264.44,251.218,No action required
14453,119.93,1,49,5.451363636363637,2011-06-02 14:15:00,United Kingdom,189,checkout_abandoned,checkout_abandoned,1,55,MEDIUM,62.0,119.93,74.35660000000001,Send checkout reminder
14456,3062.4,9,2908,3.1571134020618556,2011-12-04 13:59:00,United Kingdom,4,successful,none,0,0,LOW,95.0,3062.4,2909.28,No action required
14457,113.64,1,88,28.41,2011-02-02 09:39:00,United Kingdom,310,checkout_abandoned,checkout_abandoned,1,55,MEDIUM,62.0,113.64,70.4568,Send checkout reminder
14459,1837.92,1,760,49.67351351351351,2011-07-07 13:35:00,United Kingdom,154,subscription_failed,insufficient_funds,1,60,MEDIUM,59.0,1837.92,1084.3728,Retry payment + reminder
14460,434.34,3,881,27.14625,2011-08-21 14:19:00,United Kingdom,109,subscription_failed,insufficient_funds,1,60,MEDIUM,59.0,434.34,256.26059999999995,Retry payment + reminder
14461,2103.06,3,766,11.683666666666666,2011-07-14 17:11:00,United Kingdom,147,subscription_failed,insufficient_funds,1,60,MEDIUM,59.0,2103.06,1240.8054,Retry payment + reminder
14462,2004.02,11,964,8.350083333333334,2011-10-04 15:55:00,United Kingdom,65,payment_failed,card_expired,1,40,MEDIUM,71.0,2004.02,1422.8542000000002,Send payment recovery link
14463,529.62,3,179,88.27,2011-09-02 15:20:00,United Kingdom,97,subscription_failed,insufficient_funds,1,60,MEDIUM,59.0,529.62,312.4758,Retry payment + reminder
14465,1058.6200000000001,3,405,8.14323076923077,2011-04-07 12:38:00,United Kingdom,246,checkout_abandoned,checkout_abandoned,1,55,MEDIUM,62.0,1058.6200000000001,656.3444000000001,Send checkout reminder
14466,2272.4,7,1006,31.561111111111114,2011-11-10 14:07:00,United Kingdom,28,successful,none,0,0,LOW,95.0,2272.4,2158.78,No action required
14467,598.76,4,278,6.652888888888889,2011-11-22 12:48:00,United Kingdom,17,successful,none,0,0,LOW,95.0,598.76,568.822,No action required
14470,461.19,2,193,10.725348837209303,2011-11-28 10:31:00,United Kingdom,11,successful,none,0,0,LOW,95.0,461.19,438.13050000000004,No action required
14472,1936.84,8,1160,6.892669039145908,2011-08-28 11:01:00,United Kingdom,103,subscription_failed,insufficient_funds,1,60,MEDIUM,59.0,1936.84,1142.7356,Retry payment + reminder
14473,234.34000000000003,2,88,33.47714285714286,2011-09-26 15:10:00,United Kingdom,73,payment_failed,card_expired,1,40,MEDIUM,71.0,234.34000000000003,166.38140000000004,Send payment recovery link
14474,547.66,1,140,18.884827586206896,2011-10-24 13:26:00,United Kingdom,45,successful,none,0,0,LOW,95.0,547.66,520.2769999999999,No action required
14475,925.85,3,447,22.04404761904762,2011-09-29 10:46:00,United Kingdom,71,payment_failed,card_expired,1,40,MEDIUM,71.0,925.85,657.3535,Send payment recovery link
14476,215.7,1,132,11.352631578947367,2011-03-27 15:39:00,United Kingdom,256,checkout_abandoned,checkout_abandoned,1,55,MEDIUM,62.0,215.7,133.734,Send checkout reminder
14477,1309.6,4,720,130.95999999999998,2011-11-20 11:11:00,United Kingdom,19,successful,none,0,0,LOW,95.0,1309.6,1244.12,No action required
14479,316.25,2,117,17.569444444444443,2011-03-31 09:07:00,United Kingdom,253,checkout_abandoned,checkout_abandoned,1,55,MEDIUM,62.0,316.25,196.075,Send checkout reminder
14480,279.05,1,143,21.465384615384615,2011-11-28 16:35:00,United Kingdom,10,successful,none,0,0,LOW,95.0,279.05,265.0975,No action required
14481,636.51,2,489,21.217,2011-06-28 10:38:00,United Kingdom,164,subscription_failed,insufficient_funds,1,60,MEDIUM,59.0,636.51,375.54089999999997,Retry payment + reminder
14482,2068.15,6,1646,14.362152777777778,2011-11-21 13:14:00,United Kingdom,17,successful,none,0,0,LOW,95.0,2068.15,1964.7425,No action required
14483,137.1,1,97,15.233333333333333,2011-03-03 10:26:00,United Kingdom,281,checkout_abandoned,checkout_abandoned,1,55,MEDIUM,62.0,137.1,85.002,Send checkout reminder
14484,321.92,1,210,22.994285714285716,2011-10-20 14:11:00,United Kingdom,49,payment_failed,card_expired,1,40,MEDIUM,71.0,321.92,228.5632,Send payment recovery link
14485,165.75,1,71,3.526595744680851,2011-11-01 12:25:00,United Kingdom,38,successful,none,0,0,LOW,95.0,165.75,157.4625,No action required
14487,1196.33,6,735,8.307847222222222,2011-11-13 12:17:00,United Kingdom,26,successful,none,0,0,LOW,95.0,1196.33,1136.5135,No action required
14488,1064.28,1,799,23.136521739130433,2011-10-03 09:30:00,United Kingdom,67,payment_failed,card_expired,1,40,MEDIUM,71.0,1064.28,755.6388000000001,Send payment recovery link
14489,463.38,1,299,15.446,2011-05-16 14:51:00,United Kingdom,206,checkout_abandoned,checkout_abandoned,1,55,MEDIUM,62.0,463.38,287.29560000000004,Send checkout reminder
14491,340.93,2,139,20.05470588235294,2011-06-17 15:22:00,United Kingdom,174,subscription_failed,insufficient_funds,1,60,MEDIUM,59.0,340.93,201.1487,Retry payment + reminder
14493,2383.2400000000002,5,1285,19.860333333333337,2011-12-02 16:14:00,United Kingdom,6,successful,none,0,0,LOW,95.0,2383.2400000000002,2264.078,No action required
14494,139.56,1,92,19.937142857142856,2011-11-14 09:21:00,United Kingdom,25,successful,none,0,0,LOW,95.0,139.56,132.582,No action required
14495,123.8,2,62,20.633333333333333,2011-10-20 12:28:00,United Kingdom,50,payment_failed,card_expired,1,40,MEDIUM,71.0,123.8,87.898,Send payment recovery link
14496,538.8100000000001,2,159,28.35842105263158,2011-02-01 09:01:00,United Kingdom,311,checkout_abandoned,checkout_abandoned,1,55,MEDIUM,62.0,538.8100000000001,334.0622,Send checkout reminder
14497,475.37,1,235,16.392068965517243,2011-02-03 17:01:00,United Kingdom,308,checkout_abandoned,checkout_abandoned,1,55,MEDIUM,62.0,475.37,294.7294,Send checkout reminder
14498,1957.32,5,1098,10.141554404145078,2011-10-28 12:09:00,United Kingdom,42,successful,none,0,0,LOW,95.0,1957.32,1859.454,No action required
14499,815.32,3,501,4.2026804123711345,2011-11-13 13:01:00,United Kingdom,25,successful,none,0,0,LOW,95.0,815.32,774.5540000000001,No action required
14500,356.85,3,117,50.978571428571435,2011-09-12 16:45:00,United Kingdom,87,payment_failed,card_expired,1,40,MEDIUM,71.0,356.85,253.36350000000002,Send payment recovery link
14501,251.21,2,161,25.121000000000002,2011-06-09 12:02:00,United Kingdom,183,checkout_abandoned,checkout_abandoned,1,55,MEDIUM,62.0,251.21,155.7502,Send checkout reminder
14502,2470.67,11,1498,3.9594070512820516,2011-11-20 11:50:00,United Kingdom,19,successful,none,0,0,LOW,95.0,2470.67,2347.1365,No action required
14503,3543.26,6,2004,21.605243902439025,2011-12-06 13:30:00,United Kingdom,2,successful,none,0,0,LOW,95.0,3543.26,3366.097,No action required
14504,673.26,4,308,6.2921495327102805,2011-10-23 16:00:00,United Kingdom,46,payment_failed,card_expired,1,40,MEDIUM,71.0,673.26,478.0146,Send payment recovery link
14505,5905.64,8,2759,7.391289111389237,2011-11-22 15:45:00,United Kingdom,16,successful,none,0,10,LOW,89.0,5905.64,5256.0196000000005,No action required
14506,2012.17,5,730,6.367626582278481,2011-11-22 13:02:00,United Kingdom,16,successful,none,0,0,LOW,95.0,2012.17,1911.5615,No action required
14507,1383.18,6,600,14.408125,2011-11-16 12:21:00,United Kingdom,23,successful,none,0,0,LOW,95.0,1383.18,1314.021,No action required
14508,276.42,2,131,4.849473684210526,2011-11-17 19:48:00,United Kingdom,21,successful,none,0,0,LOW,95.0,276.42,262.599,No action required
14511,1314.81,5,784,19.33544117647059,2011-11-28 17:05:00,United Kingdom,10,successful,none,0,0,LOW,95.0,1314.81,1249.0695,No action required
14512,275.28,2,122,11.968695652173912,2011-06-05 12:39:00,United Kingdom,187,checkout_abandoned,checkout_abandoned,1,55,MEDIUM,62.0,275.28,170.67359999999996,Send checkout reminder
14513,455.59000000000003,3,361,37.965833333333336,2011-08-31 11:25:00,United Kingdom,100,subscription_failed,insufficient_funds,1,60,MEDIUM,59.0,455.59000000000003,268.79810000000003,Retry payment + reminder
14514,1055.35,3,589,14.456849315068492,2011-10-09 16:05:00,United Kingdom,60,payment_failed,card_expired,1,40,MEDIUM,71.0,1055.35,749.2984999999999,Send payment recovery link
14515,2102.09,6,1134,20.812772277227726,2011-11-22 11:37:00,United Kingdom,17,successful,none,0,0,LOW,95.0,2102.09,1996.9855000000002,No action required
14517,330.45,2,91,18.358333333333334,2011-11-06 14:20:00,United Kingdom,32,successful,none,0,0,LOW,95.0,330.45,313.9275,No action required
14518,174.37,1,278,10.898125,2011-10-06 14:43:00,United Kingdom,63,payment_failed,card_expired,1,40,MEDIUM,71.0,174.37,123.8027,Send payment recovery link
14520,270.6,2,146,67.65,2011-12-08 09:46:00,United Kingdom,1,successful,none,0,0,LOW,95.0,270.6,257.07000000000005,No action required
14522,974.54,4,525,57.32588235294117,2011-11-15 13:24:00,United Kingdom,23,successful,none,0,0,LOW,95.0,974.54,925.813,No action required
14523,241.09,1,251,20.090833333333332,2011-08-23 13:13:00,United Kingdom,107,subscription_failed,insufficient_funds,1,60,MEDIUM,59.0,241.09,142.2431,Retry payment + reminder
14524,1867.68,9,676,9.20039408866995,2011-11-08 12:29:00,United Kingdom,31,successful,none,0,0,LOW,95.0,1867.68,1774.296,No action required
14525,4332.2,9,2696,14.887285223367696,2011-11-20 11:37:00,United Kingdom,19,successful,none,0,0,LOW,95.0,4332.2,4115.59,No action required
14527,8508.82,55,2089,8.753930041152262,2011-12-07 12:19:00,United Kingdom,2,successful,none,0,10,LOW,89.0,8508.82,7572.8498,No action required
14528,364.21999999999997,1,278,20.234444444444442,2011-11-02 17:09:00,United Kingdom,36,successful,none,0,0,LOW,95.0,364.21999999999997,346.00899999999996,No action required
14529,620.04,3,348,2.707598253275109,2011-10-10 15:27:00,United Kingdom,59,payment_failed,card_expired,1,40,MEDIUM,71.0,620.04,440.22839999999997,Send payment recovery link
14530,2925.91,6,1410,13.54587962962963,2011-11-14 10:38:00,United Kingdom,25,successful,none,0,0,LOW,95.0,2925.91,2779.6145,No action required
14532,932.85,4,284,14.57578125,2011-04-17 13:05:00,United Kingdom,235,checkout_abandoned,checkout_abandoned,1,55,MEDIUM,62.0,932.85,578.3670000000001,Send checkout reminder
14533,1949.72,7,4019,31.44709677419355,2011-11-15 12:05:00,United Kingdom,24,successful,none,0,0,LOW,95.0,1949.72,1852.234,No action required
14534,4447.05,18,2047,8.56849710982659,2011-12-07 12:19:00,United Kingdom,2,successful,none,0,0,LOW,95.0,4447.05,4224.6975,No action required
14535,2864.19,3,1831,8.679363636363636,2011-10-10 15:39:00,United Kingdom,59,payment_failed,card_expired,1,40,MEDIUM,71.0,2864.19,2033.5748999999998,Send payment recovery link
14536,171.8,1,40,9.042105263157895,2011-03-25 12:21:00,United Kingdom,259,checkout_abandoned,checkout_abandoned,1,55,MEDIUM,62.0,171.8,106.516,Send checkout reminder
14537,355.56,1,120,35.556,2011-10-13 10:54:00,United Kingdom,57,payment_failed,card_expired,1,40,MEDIUM,71.0,355.56,252.4476,Send payment recovery link
14538,388.25,2,155,20.43421052631579,2011-10-06 10:31:00,United Kingdom,64,payment_failed,card_expired,1,40,MEDIUM,71.0,388.25,275.6575,Send payment recovery link
14539,537.48,2,428,16.79625,2011-11-24 09:50:00,United Kingdom,15,successful,none,0,0,LOW,95.0,537.48,510.606,No action required
14540,996.26,3,421,13.108684210526315,2011-11-30 10:15:00,United Kingdom,9,successful,none,0,0,LOW,95.0,996.26,946.447,No action required
14541,1461.65,8,647,13.168018018018019,2011-10-12 10:08:00,United Kingdom,58,payment_failed,card_expired,1,40,MEDIUM,71.0,1461.65,1037.7715,Send payment recovery link
14542,103.25,1,19,20.65,2011-06-07 08:19:00,United Kingdom,185,checkout_abandoned,checkout_abandoned,1,55,MEDIUM,62.0,103.25,64.015,Send checkout reminder
14543,3630.33,16,679,50.42125,2011-11-11 12:45:00,United Kingdom,28,successful,none,0,0,LOW,95.0,3630.33,3448.8134999999997,No action required
14544,2024.45,2,1543,17.758333333333333,2011-11-15 15:06:00,United Kingdom,23,successful,none,0,0,LOW,95.0,2024.45,1923.2275,No action required
14546,2578.09,5,1317,6.4613784461152886,2011-12-04 13:00:00,United Kingdom,4,successful,none,0,0,LOW,95.0,2578.09,2449.1855,No action required
14547,4007.54,8,2668,10.949562841530055,2011-12-06 11:06:00,United Kingdom,3,successful,none,0,0,LOW,95.0,4007.54,3807.163,No action required
14548,652.8,2,256,163.2,2011-07-12 12:19:00,United Kingdom,150,subscription_failed,insufficient_funds,1,60,MEDIUM,59.0,652.8,385.152,Retry payment + reminder
14549,289.24,1,136,5.165,2011-02-01 13:47:00,United Kingdom,310,checkout_abandoned,checkout_abandoned,1,55,MEDIUM,62.0,289.24,179.3288,Send checkout reminder
14550,765.62,2,394,15.950416666666667,2011-11-29 12:12:00,United Kingdom,10,successful,none,0,0,LOW,95.0,765.62,727.3389999999999,No action required
14551,186.23,2,106,18.622999999999998,2011-11-21 13:36:00,United Kingdom,17,successful,none,0,0,LOW,95.0,186.23,176.9185,No action required
14552,165.07,1,91,2.8460344827586206,2011-07-11 12:49:00,United Kingdom,151,subscription_failed,insufficient_funds,1,60,MEDIUM,59.0,165.07,97.39129999999999,Retry payment + reminder
14553,859.27,5,493,7.604159292035398,2011-11-20 13:20:00,United Kingdom,18,successful,none,0,0,LOW,95.0,859.27,816.3064999999999,No action required
14554,2381.04,4,1478,11.023333333333333,2011-11-29 16:44:00,United Kingdom,9,successful,none,0,0,LOW,95.0,2381.04,2261.988,No action required
14555,324.14,2,130,15.435238095238095,2011-10-13 16:24:00,United Kingdom,56,payment_failed,card_expired,1,40,MEDIUM,71.0,324.14,230.1394,Send payment recovery link
14557,788.38,1,510,49.27375,2011-09-15 15:48:00,United Kingdom,84,payment_failed,card_expired,1,40,MEDIUM,71.0,788.38,559.7498,Send payment recovery link
14560,2237.77,22,1260,30.240135135135134,2011-12-02 15:22:00,United Kingdom,6,successful,none,0,0,LOW,95.0,2237.77,2125.8815,No action required
14561,1080.76,3,1014,15.6631884057971,2011-09-25 12:39:00,United Kingdom,75,payment_failed,card_expired,1,40,MEDIUM,71.0,1080.76,767.3396,Send payment recovery link
14562,5074.77,18,1834,11.997092198581562,2011-12-06 11:05:00,United Kingdom,3,successful,none,0,10,LOW,89.0,5074.77,4516.545300000001,No action required
14565,3099.12,4,1540,24.40251968503937,2011-09-05 09:07:00,United Kingdom,95,subscription_failed,insufficient_funds,1,60,MEDIUM,59.0,3099.12,1828.4807999999998,Retry payment + reminder
14566,1432.0,1,800,358.0,2011-08-21 11:05:00,Channel Islands,110,subscription_failed,insufficient_funds,1,60,MEDIUM,59.0,1432.0,844.88,Retry payment + reminder
14567,1530.3600000000001,2,412,46.374545454545455,2011-10-14 10:21:00,United Kingdom,56,payment_failed,card_expired,1,40,MEDIUM,71.0,1530.3600000000001,1086.5556000000001,Send payment recovery link
14569,227.39,1,79,18.949166666666667,2011-12-08 14:58:00,United Kingdom,0,successful,none,0,0,LOW,95.0,227.39,216.0205,No action required
14570,218.06,2,95,7.519310344827586,2011-03-04 10:58:00,United Kingdom,280,checkout_abandoned,checkout_abandoned,1,55,MEDIUM,62.0,218.06,135.19719999999998,Send checkout reminder
14572,2832.84,7,1428,10.492,2011-12-06 14:40:00,United Kingdom,2,successful,none,0,0,LOW,95.0,2832.84,2691.198,No action required
14573,1653.42,9,544,7.035829787234043,2011-06-13 11:15:00,United Kingdom,179,subscription_failed,insufficient_funds,1,60,MEDIUM,59.0,1653.42,975.5178,Retry payment + reminder
14576,35.400000000000006,1,12,35.400000000000006,2010-12-02 17:51:00,United Kingdom,371,checkout_abandoned,checkout_abandoned,1,55,MEDIUM,62.0,35.400000000000006,21.948,Send checkout reminder
14577,859.71,4,353,6.989512195121952,2011-11-27 12:47:00,United Kingdom,12,successful,none,0,0,LOW,95.0,859.71,816.7244999999999,No action required
14578,168.63,1,240,7.02625,2011-12-06 17:18:00,United Kingdom,2,successful,none,0,0,LOW,95.0,168.63,160.1985,No action required
14581,138.6,1,217,8.152941176470588,2011-11-23 12:39:00,United Kingdom,16,successful,none,0,0,LOW,95.0,138.6,131.67,No action required
14582,114.11,1,73,19.018333333333334,2011-10-30 11:56:00,United Kingdom,40,successful,none,0,0,LOW,95.0,114.11,108.40450000000001,No action required
14583,1052.55,5,792,3.1895454545454545,2011-12-04 12:32:00,United Kingdom,5,successful,none,0,0,LOW,95.0,1052.55,999.9225,No action required
14584,1042.26,4,383,10.4226,2011-06-23 18:33:00,United Kingdom,168,subscription_failed,insufficient_funds,1,60,MEDIUM,59.0,1042.26,614.9334,Retry payment + reminder
14585,157.05,1,91,5.415517241379311,2011-10-20 14:33:00,United Kingdom,49,payment_failed,card_expired,1,40,MEDIUM,71.0,157.05,111.50550000000001,Send payment recovery link
14586,237.36,1,444,12.49263157894737,2011-03-08 10:04:00,United Kingdom,276,checkout_abandoned,checkout_abandoned,1,55,MEDIUM,62.0,237.36,147.16320000000002,Send checkout reminder
14587,1601.14,9,761,4.180522193211488,2011-11-21 11:34:00,United Kingdom,18,successful,none,0,0,LOW,95.0,1601.14,1521.083,No action required
14589,39.75,1,5,13.25,2010-12-03 11:42:00,United Kingdom,371,checkout_abandoned,checkout_abandoned,1,55,MEDIUM,62.0,39.75,24.645,Send checkout reminder
14591,1447.14,4,1297,7.345888324873097,2011-11-24 13:57:00,United Kingdom,14,successful,none,0,0,LOW,95.0,1447.14,1374.7830000000001,No action required
14592,570.46,3,415,3.4784146341463416,2011-11-04 16:35:00,United Kingdom,34,successful,none,0,0,LOW,95.0,570.46,541.937,No action required
14593,617.99,3,332,4.065723684210527,2011-11-18 12:48:00,United Kingdom,21,successful,none,0,0,LOW,95.0,617.99,587.0905,No action required
14594,379.83,2,185,7.166603773584906,2011-12-02 13:28:00,United Kingdom,6,successful,none,0,0,LOW,95.0,379.83,360.8385,No action required
14595,1740.6,6,978,17.06470588235294,2011-11-20 12:12:00,United Kingdom,19,successful,none,0,0,LOW,95.0,1740.6,1653.57,No action required
14597,883.15,2,577,16.05727272727273,2011-11-28 13:13:00,United Kingdom,10,successful,none,0,0,LOW,95.0,883.15,838.9925,No action required
14598,221.97,1,189,4.4394,2011-10-26 13:19:00,United Kingdom,43,successful,none,0,0,LOW,95.0,221.97,210.87150000000003,No action required
14600,393.33000000000004,1,125,15.733200000000002,2011-02-07 09:48:00,United Kingdom,305,checkout_abandoned,checkout_abandoned,1,55,MEDIUM,62.0,393.33000000000004,243.86460000000002,Send checkout reminder
14601,213.96,1,168,30.565714285714286,2011-11-29 09:48:00,United Kingdom,10,successful,none,0,0,LOW,95.0,213.96,203.262,No action required
14603,660.0,1,400,330.0,2011-03-10 10:27:00,United Kingdom,274,checkout_abandoned,checkout_abandoned,1,55,MEDIUM,62.0,660.0,409.2,Send checkout reminder
14606,12156.65,93,6224,4.502462962962963,2011-12-08 19:28:00,United Kingdom,0,successful,none,0,10,LOW,89.0,12156.65,10819.418499999998,No action required
14607,16569.5,14,11766,192.66860465116278,2011-11-24 10:35:00,United Kingdom,15,successful,none,0,10,LOW,89.0,16569.5,14746.855,No action required
14608,1785.15,4,437,89.25750000000001,2011-12-05 16:52:00,United Kingdom,3,successful,none,0,0,LOW,95.0,1785.15,1695.8925,No action required
14609,601.56,4,7026,150.39,2011-09-28 12:54:00,United Kingdom,71,payment_failed,card_expired,1,40,MEDIUM,71.0,601.56,427.10759999999993,Send payment recovery link
14616,406.08000000000004,3,104,135.36,2011-04-11 09:54:00,United Kingdom,242,checkout_abandoned,checkout_abandoned,1,55,MEDIUM,62.0,406.08000000000004,251.76960000000003,Send checkout reminder
14618,553.44,3,264,34.59,2011-11-30 13:45:00,United Kingdom,8,successful,none,0,0,LOW,95.0,553.44,525.768,No action required
14619,394.44,1,152,19.722,2011-04-08 07:37:00,United Kingdom,245,checkout_abandoned,checkout_abandoned,1,55,MEDIUM,62.0,394.44,244.5528,Send checkout reminder
14620,412.78000000000003,2,214,15.876153846153848,2011-05-18 11:58:00,United Kingdom,205,checkout_abandoned,checkout_abandoned,1,55,MEDIUM,62.0,412.78000000000003,255.9236,Send checkout reminder
14621,1788.3600000000001,5,993,19.438695652173916,2011-12-08 16:22:00,United Kingdom,0,successful,none,0,0,LOW,95.0,1788.3600000000001,1698.942,No action required
14622,320.58000000000004,1,146,15.265714285714287,2011-06-08 12:42:00,United Kingdom,184,checkout_abandoned,checkout_abandoned,1,55,MEDIUM,62.0,320.58000000000004,198.75960000000003,Send checkout reminder
14623,889.25,5,419,6.6361940298507465,2011-11-07 13:56:00,United Kingdom,31,successful,none,0,0,LOW,95.0,889.25,844.7875,No action required
14624,225.85,2,162,17.373076923076923,2011-10-13 13:44:00,United Kingdom,56,payment_failed,card_expired,1,40,MEDIUM,71.0,225.85,160.3535,Send payment recovery link
14625,899.63,2,335,16.974150943396225,2011-05-27 15:32:00,United Kingdom,195,checkout_abandoned,checkout_abandoned,1,55,MEDIUM,62.0,899.63,557.7706,Send checkout reminder
14626,2791.27,4,1403,22.87926229508197,2011-11-16 10:37:00,United Kingdom,23,successful,none,0,0,LOW,95.0,2791.27,2651.7065000000002,No action required
14628,671.96,2,272,27.998333333333335,2011-09-09 14:58:00,United Kingdom,90,payment_failed,card_expired,1,40,MEDIUM,71.0,671.96,477.0916,Send payment recovery link
14629,959.01,2,380,6.309276315789473,2011-12-05 16:55:00,United Kingdom,3,successful,none,0,0,LOW,95.0,959.01,911.0595,No action required
14631,1006.98,3,622,24.56048780487805,2011-10-20 11:17:00,United Kingdom,50,payment_failed,card_expired,1,40,MEDIUM,71.0,1006.98,714.9558000000001,Send payment recovery link
14632,114.56,1,96,14.32,2011-03-22 08:49:00,United Kingdom,262,checkout_abandoned,checkout_abandoned,1,55,MEDIUM,62.0,114.56,71.02720000000001,Send checkout reminder
14633,344.90000000000003,1,96,17.245,2011-03-18 17:07:00,United Kingdom,265,checkout_abandoned,checkout_abandoned,1,55,MEDIUM,62.0,344.90000000000003,213.83800000000002,Send checkout reminder
14636,609.85,2,241,21.780357142857145,2011-11-03 16:12:00,United Kingdom,35,successful,none,0,0,LOW,95.0,609.85,579.3575,No action required
14638,443.6,1,166,27.725,2011-10-20 10:10:00,United Kingdom,50,payment_failed,card_expired,1,40,MEDIUM,71.0,443.6,314.956,Send payment recovery link
14639,2984.49,6,1431,17.351686046511627,2011-10-18 15:06:00,United Kingdom,51,payment_failed,card_expired,1,40,MEDIUM,71.0,2984.49,2118.9878999999996,Send payment recovery link
14640,2125.08,6,886,20.047924528301888,2011-11-15 13:07:00,United Kingdom,23,successful,none,0,0,LOW,95.0,2125.08,2018.826,No action required
14641,110.46,1,90,15.78,2011-11-18 10:42:00,United Kingdom,21,successful,none,0,0,LOW,95.0,110.46,104.93699999999998,No action required
14642,96.12,1,76,48.06,2011-10-12 11:08:00,United Kingdom,58,payment_failed,card_expired,1,40,MEDIUM,71.0,96.12,68.24520000000001,Send payment recovery link
14643,693.8100000000001,2,815,22.380967741935486,2011-06-22 14:41:00,United Kingdom,169,subscription_failed,insufficient_funds,1,60,MEDIUM,59.0,693.8100000000001,409.3479,Retry payment + reminder
14644,830.76,2,258,31.95230769230769,2011-10-03 08:30:00,United Kingdom,67,payment_failed,card_expired,1,40,MEDIUM,71.0,830.76,589.8396,Send payment recovery link
14645,597.09,2,381,19.903000000000002,2011-07-06 09:15:00,United Kingdom,156,subscription_failed,insufficient_funds,1,60,MEDIUM,59.0,597.09,352.28310000000005,Retry payment + reminder
14646,280206.02,73,196915,134.97399807321773,2011-12-08 12:12:00,Netherlands,1,successful,none,0,10,LOW,89.0,280206.02,249383.3578,No action required
14647,243.22,1,95,8.107333333333333,2011-05-22 13:40:00,United Kingdom,200,checkout_abandoned,checkout_abandoned,1,55,MEDIUM,62.0,243.22,150.7964,Send checkout reminder
14649,1417.29,4,1018,7.122060301507537,2011-12-05 12:30:00,United Kingdom,4,successful,none,0,0,LOW,95.0,1417.29,1346.4254999999998,No action required
14651,654.6,2,344,6.41764705882353,2011-10-03 15:52:00,United Kingdom,66,payment_failed,card_expired,1,40,MEDIUM,71.0,654.6,464.76599999999996,Send payment recovery link
14652,114.18,1,53,3.937241379310345,2011-09-23 14:21:00,United Kingdom,76,payment_failed,card_expired,1,40,MEDIUM,71.0,114.18,81.0678,Send payment recovery link
14653,1947.55,7,950,8.217510548523206,2011-12-08 13:45:00,United Kingdom,0,successful,none,0,0,LOW,95.0,1947.55,1850.1725,No action required
14655,1932.23,4,1089,39.43326530612245,2011-12-01 16:28:00,United Kingdom,7,successful,none,0,0,LOW,95.0,1932.23,1835.6185,No action required
14656,291.05,2,120,3.638125,2011-06-23 13:51:00,United Kingdom,168,subscription_failed,insufficient_funds,1,60,MEDIUM,59.0,291.05,171.7195,Retry payment + reminder
14657,848.22,4,466,6.7319047619047625,2011-11-22 12:47:00,United Kingdom,17,successful,none,0,0,LOW,95.0,848.22,805.8090000000001,No action required
14658,247.15,2,47,8.522413793103448,2011-12-04 15:35:00,United Kingdom,4,successful,none,0,0,LOW,95.0,247.15,234.7925,No action required
14659,2529.93,9,1195,9.999723320158102,2011-12-01 12:17:00,United Kingdom,8,successful,none,0,0,LOW,95.0,2529.93,2403.4334999999996,No action required
14660,285.74,2,228,9.524666666666667,2011-09-14 11:34:00,United Kingdom,86,payment_failed,card_expired,1,40,MEDIUM,71.0,285.74,202.8754,Send payment recovery link
14661,107.95,1,35,26.9875,2011-11-13 11:51:00,United Kingdom,26,successful,none,0,0,LOW,95.0,107.95,102.5525,No action required
14662,771.17,4,602,4.590297619047619,2011-11-11 12:13:00,United Kingdom,28,successful,none,0,0,LOW,95.0,771.17,732.6115,No action required
14664,637.89,2,466,6.443333333333333,2011-11-20 10:59:00,United Kingdom,19,successful,none,0,0,LOW,95.0,637.89,605.9955,No action required
14665,1835.7,5,740,20.39666666666667,2011-10-10 09:14:00,United Kingdom,60,payment_failed,card_expired,1,40,MEDIUM,71.0,1835.7,1303.347,Send payment recovery link
14666,195.25,1,161,13.946428571428571,2011-11-15 12:57:00,United Kingdom,23,successful,none,0,0,LOW,95.0,195.25,185.4875,No action required
14667,9241.2,25,5385,16.127748691099477,2011-11-29 11:30:00,United Kingdom,10,successful,none,0,10,LOW,89.0,9241.2,8224.668,No action required
14669,1269.99,3,775,7.470529411764706,2011-04-12 11:43:00,United Kingdom,241,checkout_abandoned,checkout_abandoned,1,55,MEDIUM,62.0,1269.99,787.3938,Send checkout reminder
14670,411.53,2,337,3.1176515151515147,2011-03-04 14:13:00,United Kingdom,279,checkout_abandoned,checkout_abandoned,1,55,MEDIUM,62.0,411.53,255.14859999999996,Send checkout reminder
14672,765.55,2,454,12.549999999999999,2011-04-19 10:19:00,United Kingdom,234,checkout_abandoned,checkout_abandoned,1,55,MEDIUM,62.0,765.55,474.64099999999996,Send checkout reminder
14673,1736.4,5,1004,23.464864864864865,2011-12-06 14:31:00,United Kingdom,2,successful,none,0,0,LOW,95.0,1736.4,1649.58,No action required
14675,604.75,1,341,5.928921568627451,2011-11-23 12:58:00,United Kingdom,15,successful,none,0,0,LOW,95.0,604.75,574.5125,No action required
14676,2548.2400000000002,6,2500,60.672380952380955,2011-11-08 13:29:00,United Kingdom,30,successful,none,0,0,LOW,95.0,2548.2400000000002,2420.828,No action required
14680,28754.11,16,13476,111.45003875968993,2011-11-14 16:59:00,United Kingdom,24,successful,none,0,10,LOW,89.0,28754.11,25591.157900000002,No action required
14681,498.95,3,76,71.27857142857142,2011-09-29 15:52:00,United Kingdom,70,payment_failed,card_expired,1,40,MEDIUM,71.0,498.95,354.25449999999995,Send payment recovery link
14682,52.0,2,80,26.0,2011-06-05 12:12:00,United Kingdom,187,checkout_abandoned,checkout_abandoned,1,55,MEDIUM,62.0,52.0,32.24,Send checkout reminder
14684,1236.28,5,853,2.9365320665083137,2011-11-14 11:33:00,United Kingdom,25,successful,none,0,0,LOW,95.0,1236.28,1174.466,No action required
14687,628.38,1,470,41.892,2011-08-25 11:59:00,United Kingdom,106,subscription_failed,insufficient_funds,1,60,MEDIUM,59.0,628.38,370.7442,Retry payment + reminder
14688,5630.87,21,3621,17.219785932721713,2011-12-02 12:26:00,United Kingdom,7,successful,none,0,10,LOW,89.0,5630.87,5011.4743,No action required
14689,112.8,1,76,8.676923076923076,2011-05-15 11:22:00,United Kingdom,208,checkout_abandoned,checkout_abandoned,1,55,MEDIUM,62.0,112.8,69.93599999999999,Send checkout reminder
14690,371.7,2,170,7.434,2011-10-26 15:39:00,United Kingdom,43,successful,none,0,0,LOW,95.0,371.7,353.115,No action required
14691,2114.33,5,707,29.779295774647885,2011-11-09 12:30:00,United Kingdom,30,successful,none,0,0,LOW,95.0,2114.33,2008.6135000000002,No action required
14692,591.55,4,265,8.699264705882353,2011-07-25 15:08:00,United Kingdom,136,subscription_failed,insufficient_funds,1,60,MEDIUM,59.0,591.55,349.0145,Retry payment + reminder
14693,172.9,1,34,21.6125,2011-03-20 12:50:00,United Kingdom,264,checkout_abandoned,checkout_abandoned,1,55,MEDIUM,62.0,172.9,107.19800000000001,Send checkout reminder
14696,2078.95,7,1630,15.991923076923076,2011-12-05 13:43:00,United Kingdom,3,successful,none,0,0,LOW,95.0,2078.95,1975.0024999999996,No action required
14697,188.60999999999999,2,181,8.573181818181817,2011-05-05 15:39:00,United Kingdom,217,checkout_abandoned,checkout_abandoned,1,55,MEDIUM,62.0,188.60999999999999,116.9382,Send checkout reminder
14698,1250.76,5,615,5.9559999999999995,2011-12-08 12:26:00,United Kingdom,1,successful,none,0,0,LOW,95.0,1250.76,1188.222,No action required
14699,109.13000000000001,1,77,13.641250000000001,2011-05-09 14:54:00,United Kingdom,213,checkout_abandoned,checkout_abandoned,1,55,MEDIUM,62.0,109.13000000000001,67.6606,Send checkout reminder
14700,2235.3,3,1342,19.437391304347827,2011-11-07 14:40:00,United Kingdom,31,successful,none,0,0,LOW,95.0,2235.3,2123.5350000000003,No action required
14701,2549.37,9,932,7.610059701492537,2011-11-29 12:38:00,United Kingdom,10,successful,none,0,0,LOW,95.0,2549.37,2421.9015,No action required
14702,3292.14,17,1454,9.487435158501441,2011-12-08 19:29:00,United Kingdom,0,successful,none,0,0,LOW,95.0,3292.14,3127.533,No action required
14703,318.17,1,183,14.462272727272728,2011-11-25 09:23:00,United Kingdom,14,successful,none,0,0,LOW,95.0,318.17,302.2615,No action required
14704,1546.91,9,1082,3.7274939759036148,2011-11-28 12:51:00,United Kingdom,10,successful,none,0,0,LOW,95.0,1546.91,1469.5645000000002,No action required
14705,179.0,1,100,179.0,2011-05-25 12:39:00,United Kingdom,198,checkout_abandoned,checkout_abandoned,1,55,MEDIUM,62.0,179.0,110.98,Send checkout reminder
14708,1126.37,3,621,40.2275,2011-12-07 08:21:00,United Kingdom,2,successful,none,0,0,LOW,95.0,1126.37,1070.0515,No action required
14709,4921.04,13,2484,25.10734693877551,2011-11-24 15:41:00,United Kingdom,14,successful,none,0,0,LOW,95.0,4921.04,4674.988,No action required
14710,606.13,4,378,4.360647482014389,2011-11-25 14:53:00,United Kingdom,13,successful,none,0,0,LOW,95.0,606.13,575.8235,No action required
14711,2868.8,11,978,8.035854341736695,2011-11-29 14:58:00,United Kingdom,9,successful,none,0,0,LOW,95.0,2868.8,2725.36,No action required
14712,917.07,3,315,36.6828,2011-11-10 12:59:00,United Kingdom,28,successful,none,0,0,LOW,95.0,917.07,871.2165000000001,No action required
14713,2666.36,11,1615,7.865368731563422,2011-11-30 16:26:00,United Kingdom,8,successful,none,0,0,LOW,95.0,2666.36,2533.042,No action required
14714,160.19,1,229,16.019,2011-11-15 13:07:00,United Kingdom,23,successful,none,0,0,LOW,95.0,160.19,152.1805,No action required
14715,867.38,4,521,12.21661971830986,2011-11-15 12:10:00,United Kingdom,24,successful,none,0,0,LOW,95.0,867.38,824.0110000000001,No action required
14716,329.68,2,604,5.9941818181818185,2011-10-27 17:29:00,United Kingdom,42,successful,none,0,0,LOW,95.0,329.68,313.196,No action required
14719,1602.13,5,1032,6.7600421940928275,2011-12-08 12:43:00,United Kingdom,1,successful,none,0,0,LOW,95.0,1602.13,1522.0235,No action required
14720,663.81,3,219,17.94081081081081,2011-12-04 12:02:00,United Kingdom,5,successful,none,0,0,LOW,95.0,663.81,630.6195,No action required
14722,187.92000000000002,1,120,6.48,2011-07-15 14:58:00,United Kingdom,146,subscription_failed,insufficient_funds,1,60,MEDIUM,59.0,187.92000000000002,110.87280000000001,Retry payment + reminder
14723,1158.3,6,695,4.1665467625899275,2011-11-29 15:23:00,United Kingdom,9,successful,none,0,0,LOW,95.0,1158.3,1100.385,No action required
14725,718.08,1,593,13.80923076923077,2011-11-15 12:42:00,United Kingdom,24,successful,none,0,0,LOW,95.0,718.08,682.176,No action required
14727,268.58,1,62,26.857999999999997,2011-03-10 14:45:00,United Kingdom,273,checkout_abandoned,checkout_abandoned,1,55,MEDIUM,62.0,268.58,166.5196,Send checkout reminder
14729,313.49,1,197,4.415352112676056,2010-12-01 12:43:00,United Kingdom,373,checkout_abandoned,checkout_abandoned,1,55,MEDIUM,62.0,313.49,194.3638,Send checkout reminder
14730,2005.06,8,1132,4.0021157684630735,2011-12-08 14:39:00,United Kingdom,0,successful,none,0,0,LOW,95.0,2005.06,1904.8069999999998,No action required
14731,380.02,3,256,8.444888888888888,2011-10-23 15:54:00,United Kingdom,46,payment_failed,card_expired,1,40,MEDIUM,71.0,380.02,269.81419999999997,Send payment recovery link
14732,2702.4900000000002,8,1405,18.384285714285717,2011-12-01 14:34:00,United Kingdom,7,successful,none,0,0,LOW,95.0,2702.4900000000002,2567.3655000000003,No action required
14733,9585.91,12,3764,47.455,2011-11-23 15:39:00,United Kingdom,15,successful,none,0,10,LOW,89.0,9585.91,8531.4599,No action required
14735,6065.69,32,2264,31.26644329896907,2011-12-06 12:09:00,United Kingdom,3,successful,none,0,10,LOW,89.0,6065.69,5398.464099999999,No action required
14737,1164.55,3,345,68.50294117647059,2011-12-06 10:16:00,United Kingdom,3,successful,none,0,0,LOW,95.0,1164.55,1106.3225,No action required
14738,1314.45,7,601,24.34166666666667,2011-10-28 08:56:00,United Kingdom,42,successful,none,0,0,LOW,95.0,1314.45,1248.7275,No action required
14739,3902.28,7,3820,65.038,2011-12-05 16:54:00,United Kingdom,3,successful,none,0,0,LOW,95.0,3902.28,3707.166,No action required
14740,1448.21,3,735,16.272022471910113,2011-05-26 18:17:00,United Kingdom,196,checkout_abandoned,checkout_abandoned,1,55,MEDIUM,62.0,1448.21,897.8902,Send checkout reminder
14741,1400.34,6,841,23.73457627118644,2011-11-28 08:48:00,United Kingdom,11,successful,none,0,0,LOW,95.0,1400.34,1330.3229999999999,No action required
14744,1099.98,7,627,42.30692307692308,2011-11-23 12:51:00,United Kingdom,15,successful,none,0,0,LOW,95.0,1099.98,1044.981,No action required
14745,1220.26,5,1038,17.684927536231886,2011-08-19 10:05:00,United Kingdom,112,subscription_failed,insufficient_funds,1,60,MEDIUM,59.0,1220.26,719.9534,Retry payment + reminder
14747,328.2,1,84,18.233333333333334,2011-04-04 14:09:00,United Kingdom,248,checkout_abandoned,checkout_abandoned,1,55,MEDIUM,62.0,328.2,203.48399999999998,Send checkout reminder
14748,1415.75,5,1223,15.907303370786517,2011-11-10 18:33:00,United Kingdom,28,successful,none,0,0,LOW,95.0,1415.75,1344.9625,No action required
14752,389.64,1,260,77.928,2011-10-27 11:55:00,United Kingdom,43,successful,none,0,0,LOW,95.0,389.64,370.15799999999996,No action required
14753,563.15,1,211,18.771666666666665,2011-09-13 14:50:00,United Kingdom,86,payment_failed,card_expired,1,40,MEDIUM,71.0,563.15,399.8365,Send payment recovery link
14754,638.05,2,486,15.562195121951218,2011-10-26 12:01:00,United Kingdom,44,successful,none,0,0,LOW,95.0,638.05,606.1474999999999,No action required
14755,5010.28,11,2219,21.320340425531914,2011-11-30 11:24:00,United Kingdom,9,successful,none,0,10,LOW,89.0,5010.28,4459.1492,No action required
14756,738.96,1,416,19.446315789473687,2011-11-24 18:13:00,United Kingdom,14,successful,none,0,0,LOW,95.0,738.96,702.012,No action required
14757,420.5,1,160,22.13157894736842,2011-09-25 14:36:00,United Kingdom,74,payment_failed,card_expired,1,40,MEDIUM,71.0,420.5,298.555,Send payment recovery link
14758,1484.06,4,419,20.90225352112676,2011-07-18 08:21:00,United Kingdom,144,subscription_failed,insufficient_funds,1,60,MEDIUM,59.0,1484.06,875.5953999999999,Retry payment + reminder
14759,1625.97,3,569,15.940882352941177,2011-12-05 12:03:00,United Kingdom,4,successful,none,0,0,LOW,95.0,1625.97,1544.6715,No action required
14760,89.2,1,40,17.84,2011-02-15 16:27:00,United Kingdom,296,checkout_abandoned,checkout_abandoned,1,55,MEDIUM,62.0,89.2,55.304,Send checkout reminder
14761,255.9,2,118,23.263636363636365,2011-10-12 12:10:00,United Kingdom,58,payment_failed,card_expired,1,40,MEDIUM,71.0,255.9,181.68900000000002,Send payment recovery link
14762,300.52,1,341,14.310476190476189,2011-03-21 08:20:00,United Kingdom,263,checkout_abandoned,checkout_abandoned,1,55,MEDIUM,62.0,300.52,186.3224,Send checkout reminder
14764,278.3,1,190,46.38333333333333,2011-10-24 11:54:00,United Kingdom,46,payment_failed,card_expired,1,40,MEDIUM,71.0,278.3,197.593,Send payment recovery link
14765,254.11,3,135,6.515641025641026,2011-11-10 19:53:00,United Kingdom,28,successful,none,0,0,LOW,95.0,254.11,241.4045,No action required
14766,2473.37,6,1349,18.321259259259257,2011-12-01 16:05:00,United Kingdom,7,successful,none,0,0,LOW,95.0,2473.37,2349.7015,No action required
14768,192.60000000000002,2,52,38.52,2011-11-22 12:54:00,United Kingdom,16,successful,none,0,0,LOW,95.0,192.60000000000002,182.97000000000003,No action required
14769,10674.75,8,7436,9.79334862385321,2011-12-07 10:24:00,United Kingdom,2,successful,none,0,10,LOW,89.0,10674.75,9500.5275,No action required
14770,876.42,2,490,16.854230769230767,2011-04-21 14:21:00,United Kingdom,231,checkout_abandoned,checkout_abandoned,1,55,MEDIUM,62.0,876.42,543.3804,Send checkout reminder
14772,139.26,1,82,15.473333333333333,2011-08-19 15:04:00,United Kingdom,111,subscription_failed,insufficient_funds,1,60,MEDIUM,59.0,139.26,82.1634,Retry payment + reminder
14775,1011.9,3,1174,16.865,2011-10-12 15:27:00,United Kingdom,57,payment_failed,card_expired,1,40,MEDIUM,71.0,1011.9,718.449,Send payment recovery link
14776,2538.3,11,3134,21.694871794871798,2011-10-19 15:34:00,United Kingdom,50,payment_failed,card_expired,1,40,MEDIUM,71.0,2538.3,1802.1930000000002,Send payment recovery link
14778,730.86,2,306,20.881714285714285,2011-08-04 15:23:00,United Kingdom,126,subscription_failed,insufficient_funds,1,60,MEDIUM,59.0,730.86,431.2074,Retry payment + reminder
14779,386.15,3,84,9.418292682926829,2011-03-04 12:42:00,United Kingdom,280,checkout_abandoned,checkout_abandoned,1,55,MEDIUM,62.0,386.15,239.41299999999998,Send checkout reminder
14780,447.68,2,310,16.58074074074074,2011-10-16 12:46:00,United Kingdom,54,payment_failed,card_expired,1,40,MEDIUM,71.0,447.68,317.8528,Send payment recovery link
14782,200.10000000000002,1,114,33.35,2011-01-24 11:12:00,United Kingdom,319,checkout_abandoned,checkout_abandoned,1,55,MEDIUM,62.0,200.10000000000002,124.06200000000001,Send checkout reminder
14784,289.99,2,237,19.332666666666668,2011-11-13 13:30:00,United Kingdom,25,successful,none,0,0,LOW,95.0,289.99,275.4905,No action required
14785,77.4,2,84,25.8,2011-11-29 13:21:00,United Kingdom,9,successful,none,0,0,LOW,95.0,77.4,73.53000000000002,No action required
14788,679.4399999999999,2,421,22.648,2011-12-02 17:06:00,United Kingdom,6,successful,none,0,0,LOW,95.0,679.4399999999999,645.468,No action required
14789,197.64,1,116,32.94,2011-11-11 08:59:00,United Kingdom,28,successful,none,0,0,LOW,95.0,197.64,187.75799999999998,No action required
14790,745.06,4,699,16.19695652173913,2011-11-23 09:28:00,United Kingdom,16,successful,none,0,0,LOW,95.0,745.06,707.807,No action required
14792,6.2,1,2,3.1,2011-10-07 09:19:00,United Kingdom,63,payment_failed,card_expired,1,40,MEDIUM,71.0,6.2,4.402,Send payment recovery link
14793,228.99,1,91,16.356428571428573,2011-11-18 14:50:00,United Kingdom,20,successful,none,0,0,LOW,95.0,228.99,217.54049999999998,No action required
14794,1319.91,7,673,16.498875,2011-12-07 10:11:00,United Kingdom,2,successful,none,0,0,LOW,95.0,1319.91,1253.9145,No action required
14795,131.45000000000002,1,17,21.908333333333335,2011-06-26 13:04:00,United Kingdom,165,subscription_failed,insufficient_funds,1,60,MEDIUM,59.0,131.45000000000002,77.55550000000001,Retry payment + reminder
14796,8022.49,17,6025,7.031104294478528,2011-12-08 15:31:00,United Kingdom,0,successful,none,0,10,LOW,89.0,8022.49,7140.0161,No action required
14798,173.74,3,150,14.478333333333333,2011-10-18 10:58:00,United Kingdom,52,payment_failed,card_expired,1,40,MEDIUM,71.0,173.74,123.3554,Send payment recovery link
14799,157.7,1,146,12.13076923076923,2011-10-19 16:16:00,United Kingdom,50,payment_failed,card_expired,1,40,MEDIUM,71.0,157.7,111.96699999999998,Send payment recovery link
14800,4339.74,12,3655,11.272051948051947,2011-10-23 12:46:00,United Kingdom,47,payment_failed,card_expired,1,40,MEDIUM,71.0,4339.74,3081.2153999999996,Send payment recovery link
14801,193.14,1,175,3.273559322033898,2011-10-09 15:24:00,United Kingdom,60,payment_failed,card_expired,1,40,MEDIUM,71.0,193.14,137.12939999999998,Send payment recovery link
14803,845.55,3,370,19.217045454545453,2011-06-30 13:58:00,United Kingdom,161,subscription_failed,insufficient_funds,1,60,MEDIUM,59.0,845.55,498.87449999999995,Retry payment + reminder
14804,353.27,1,121,29.439166666666665,2011-12-01 11:20:00,United Kingdom,8,successful,none,0,0,LOW,95.0,353.27,335.60650000000004,No action required
14805,554.65,4,115,11.801063829787234,2011-11-24 16:20:00,United Kingdom,14,successful,none,0,0,LOW,95.0,554.65,526.9175,No action required
14806,193.39000000000001,1,330,17.580909090909092,2011-09-25 15:32:00,United Kingdom,74,payment_failed,card_expired,1,40,MEDIUM,71.0,193.39000000000001,137.3069,Send payment recovery link
14808,2741.17,8,2147,11.664553191489363,2011-10-31 12:21:00,United Kingdom,39,successful,none,0,0,LOW,95.0,2741.17,2604.1115,No action required
14810,2087.88,11,1016,8.187764705882353,2011-10-30 11:19:00,United Kingdom,40,successful,none,0,0,LOW,95.0,2087.88,1983.486,No action required
14813,155.43,2,67,5.181,2010-12-05 11:57:00,United Kingdom,369,checkout_abandoned,checkout_abandoned,1,55,MEDIUM,62.0,155.43,96.3666,Send checkout reminder
14815,778.5,2,744,14.68867924528302,2011-11-03 11:36:00,United Kingdom,36,successful,none,0,0,LOW,95.0,778.5,739.575,No action required
14816,271.85,1,5,67.9625,2011-05-26 13:16:00,United Kingdom,196,checkout_abandoned,checkout_abandoned,1,55,MEDIUM,62.0,271.85,168.547,Send checkout reminder
14817,1110.34,2,655,17.624444444444443,2011-05-23 13:35:00,United Kingdom,199,checkout_abandoned,checkout_abandoned,1,55,MEDIUM,62.0,1110.34,688.4108,Send checkout reminder
14818,657.8,3,324,13.704166666666666,2011-09-27 11:01:00,United Kingdom,73,payment_failed,card_expired,1,40,MEDIUM,71.0,657.8,467.03799999999995,Send payment recovery link
14819,272.07,2,109,20.928461538461537,2011-10-06 13:41:00,United Kingdom,63,payment_failed,card_expired,1,40,MEDIUM,71.0,272.07,193.1697,Send payment recovery link
14820,507.29,4,253,17.492758620689656,2011-11-18 15:41:00,United Kingdom,20,successful,none,0,0,LOW,95.0,507.29,481.92550000000006,No action required
14821,48.800000000000004,1,20,24.400000000000002,2010-12-08 08:43:00,United Kingdom,366,checkout_abandoned,checkout_abandoned,1,55,MEDIUM,62.0,48.800000000000004,30.256000000000004,Send checkout reminder
14823,321.43,3,88,4.591857142857143,2011-06-12 13:12:00,United Kingdom,179,subscription_failed,insufficient_funds,1,60,MEDIUM,59.0,321.43,189.6437,Retry payment + reminder
14824,1127.71,4,525,38.88655172413793,2011-11-29 14:20:00,United Kingdom,9,successful,none,0,0,LOW,95.0,1127.71,1071.3245,No action required
14825,2226.91,12,991,18.404214876033056,2011-12-06 11:38:00,United Kingdom,3,successful,none,0,0,LOW,95.0,2226.91,2115.5645,No action required
14828,2139.76,3,2172,125.86823529411765,2011-05-27 10:16:00,United Kingdom,196,checkout_abandoned,checkout_abandoned,1,55,MEDIUM,62.0,2139.76,1326.6512000000002,Send checkout reminder
14829,697.55,4,452,16.60833333333333,2011-11-10 16:16:00,United Kingdom,28,successful,none,0,0,LOW,95.0,697.55,662.6725,No action required
14830,197.13,1,169,4.92825,2011-10-17 14:29:00,United Kingdom,52,payment_failed,card_expired,1,40,MEDIUM,71.0,197.13,139.9623,Send payment recovery link
14834,1720.3,6,734,25.676119402985073,2011-11-22 10:30:00,United Kingdom,17,successful,none,0,0,LOW,95.0,1720.3,1634.285,No action required
14836,102.44999999999999,3,45,17.075,2011-11-29 16:45:00,United Kingdom,9,successful,none,0,0,LOW,95.0,102.44999999999999,97.32749999999999,No action required
14837,1649.5,4,1436,15.273148148148149,2011-09-11 10:58:00,United Kingdom,89,payment_failed,card_expired,1,40,MEDIUM,71.0,1649.5,1171.145,Send payment recovery link
14840,62.85,1,31,15.7125,2011-03-17 12:00:00,United Kingdom,267,checkout_abandoned,checkout_abandoned,1,55,MEDIUM,62.0,62.85,38.967000000000006,Send checkout reminder
14841,3295.76,6,1778,23.88231884057971,2011-10-17 15:03:00,United Kingdom,52,payment_failed,card_expired,1,40,MEDIUM,71.0,3295.76,2339.9896000000003,Send payment recovery link
14842,2824.69,4,1166,19.480620689655172,2011-10-27 12:37:00,United Kingdom,43,successful,none,0,0,LOW,95.0,2824.69,2683.4555,No action required
14844,3189.81,4,1833,24.537,2011-10-07 10:41:00,United Kingdom,63,payment_failed,card_expired,1,40,MEDIUM,71.0,3189.81,2264.7651,Send payment recovery link
14847,309.4,1,120,23.799999999999997,2011-07-14 10:52:00,United Kingdom,148,subscription_failed,insufficient_funds,1,60,MEDIUM,59.0,309.4,182.546,Retry payment + reminder
14849,7930.54,25,5694,20.439536082474227,2011-11-18 10:58:00,United Kingdom,21,successful,none,0,10,LOW,89.0,7930.54,7058.1806,No action required
14850,325.75,1,293,15.511904761904763,2011-02-01 11:21:00,United Kingdom,311,checkout_abandoned,checkout_abandoned,1,55,MEDIUM,62.0,325.75,201.965,Send checkout reminder
14851,511.35,2,325,18.2625,2011-11-16 14:20:00,United Kingdom,22,successful,none,0,0,LOW,95.0,511.35,485.7825,No action required
14852,2836.69,6,1747,19.83699300699301,2011-10-12 13:20:00,United Kingdom,57,payment_failed,card_expired,1,40,MEDIUM,71.0,2836.69,2014.0499,Send payment recovery link
14853,475.8,2,82,52.86666666666667,2011-11-15 16:56:00,United Kingdom,23,successful,none,0,0,LOW,95.0,475.8,452.01,No action required
14854,2759.83,7,1832,21.730944881889762,2011-09-22 17:00:00,United Kingdom,77,payment_failed,card_expired,1,40,MEDIUM,71.0,2759.83,1959.4793,Send payment recovery link
14855,645.65,2,267,32.2825,2011-08-12 14:02:00,United Kingdom,118,subscription_failed,insufficient_funds,1,60,MEDIUM,59.0,645.65,380.9335,Retry payment + reminder
14856,1311.3799999999999,3,714,19.869393939393937,2011-11-03 14:53:00,United Kingdom,35,successful,none,0,0,LOW,95.0,1311.3799999999999,1245.811,No action required
14857,1173.12,2,464,19.552,2011-10-11 09:23:00,United Kingdom,59,payment_failed,card_expired,1,40,MEDIUM,71.0,1173.12,832.9151999999999,Send payment recovery link
14859,1353.74,4,671,23.340344827586208,2011-11-27 11:18:00,United Kingdom,12,successful,none,0,0,LOW,95.0,1353.74,1286.053,No action required
14860,170.32,1,232,15.483636363636363,2011-11-20 14:17:00,United Kingdom,18,successful,none,0,0,LOW,95.0,170.32,161.804,No action required
14861,125.79,1,117,20.965,2011-10-18 12:54:00,United Kingdom,51,payment_failed,card_expired,1,40,MEDIUM,71.0,125.79,89.3109,Send payment recovery link
14862,841.1999999999999,2,772,17.525,2011-11-14 10:01:00,United Kingdom,25,successful,none,0,0,LOW,95.0,841.1999999999999,799.14,No action required
14863,266.76,1,132,24.25090909090909,2011-11-10 15:04:00,United Kingdom,28,successful,none,0,0,LOW,95.0,266.76,253.422,No action required
14865,52.2,2,108,13.05,2011-12-02 16:25:00,United Kingdom,6,successful,none,0,0,LOW,95.0,52.2,49.59,No action required
14866,14389.9,12,6752,145.35252525252525,2011-11-29 11:45:00,United Kingdom,10,successful,none,0,10,LOW,89.0,14389.9,12807.010999999999,No action required
14867,710.28,3,328,19.73,2011-06-07 11:39:00,United Kingdom,185,checkout_abandoned,checkout_abandoned,1,55,MEDIUM,62.0,710.28,440.3736,Send checkout reminder
14868,2953.59,8,1405,20.511041666666667,2011-12-06 14:49:00,United Kingdom,2,successful,none,0,0,LOW,95.0,2953.59,2805.9105,No action required
14869,725.7,2,550,10.221126760563381,2011-12-01 12:36:00,United Kingdom,8,successful,none,0,0,LOW,95.0,725.7,689.415,No action required
14870,327.25,1,119,25.173076923076923,2011-03-23 10:51:00,United Kingdom,261,checkout_abandoned,checkout_abandoned,1,55,MEDIUM,62.0,327.25,202.895,Send checkout reminder
14871,522.38,4,185,5.330408163265306,2011-12-06 13:42:00,United Kingdom,2,successful,none,0,0,LOW,95.0,522.38,496.26099999999997,No action required
14873,519.68,1,168,18.56,2011-05-13 13:52:00,United Kingdom,209,checkout_abandoned,checkout_abandoned,1,55,MEDIUM,62.0,519.68,322.2016,Send checkout reminder
14875,1465.3200000000002,2,558,31.17702127659575,2011-08-24 12:20:00,United Kingdom,107,subscription_failed,insufficient_funds,1,60,MEDIUM,59.0,1465.3200000000002,864.5388,Retry payment + reminder
14878,1485.54,9,802,11.980161290322581,2011-11-27 11:15:00,United Kingdom,12,successful,none,0,0,LOW,95.0,1485.54,1411.263,No action required
14880,706.19,3,373,15.025319148936171,2011-09-23 13:42:00,United Kingdom,76,payment_failed,card_expired,1,40,MEDIUM,71.0,706.19,501.39490000000006,Send payment recovery link
14881,255.4,1,316,15.023529411764706,2011-11-20 11:06:00,United Kingdom,19,successful,none,0,0,LOW,95.0,255.4,242.63,No action required
14882,589.7,2,158,53.60909090909092,2011-11-13 12:47:00,United Kingdom,26,successful,none,0,0,LOW,95.0,589.7,560.215,No action required
14883,761.59,6,790,14.369622641509434,2011-11-21 10:23:00,United Kingdom,18,successful,none,0,0,LOW,95.0,761.59,723.5105,No action required
14885,765.3199999999999,1,724,51.02133333333333,2011-07-31 12:05:00,United Kingdom,131,subscription_failed,insufficient_funds,1,60,MEDIUM,59.0,765.3199999999999,451.5388,Retry payment + reminder
14886,364.8,1,160,20.266666666666666,2011-04-01 08:56:00,United Kingdom,252,checkout_abandoned,checkout_abandoned,1,55,MEDIUM,62.0,364.8,226.17600000000002,Send checkout reminder
14887,1862.0,1,1100,310.3333333333333,2011-09-21 15:32:00,United Kingdom,78,payment_failed,card_expired,1,40,MEDIUM,71.0,1862.0,1322.02,Send payment recovery link
14888,369.2,1,184,18.46,2011-05-16 14:58:00,United Kingdom,206,checkout_abandoned,checkout_abandoned,1,55,MEDIUM,62.0,369.2,228.90399999999997,Send checkout reminder
14889,135.9,1,90,13.59,2011-01-07 15:19:00,United Kingdom,335,checkout_abandoned,checkout_abandoned,1,55,MEDIUM,62.0,135.9,84.25800000000001,Send checkout reminder
14890,125.65,1,51,17.95,2011-03-31 11:57:00,United Kingdom,253,checkout_abandoned,checkout_abandoned,1,55,MEDIUM,62.0,125.65,77.903,Send checkout reminder
14891,554.38,2,505,16.79939393939394,2011-07-14 18:08:00,United Kingdom,147,subscription_failed,insufficient_funds,1,60,MEDIUM,59.0,554.38,327.0842,Retry payment + reminder
14893,1237.8500000000001,2,799,16.956849315068496,2011-11-30 12:31:00,United Kingdom,9,successful,none,0,0,LOW,95.0,1237.8500000000001,1175.9575000000002,No action required
14894,655.75,1,265,28.51086956521739,2011-09-15 13:51:00,United Kingdom,84,payment_failed,card_expired,1,40,MEDIUM,71.0,655.75,465.5825,Send payment recovery link
14895,11138.710000000001,20,4851,22.366887550200804,2011-12-02 09:23:00,United Kingdom,7,successful,none,0,10,LOW,89.0,11138.710000000001,9913.4519,No action required
14896,468.77000000000004,2,279,10.901627906976746,2011-05-19 10:20:00,United Kingdom,204,checkout_abandoned,checkout_abandoned,1,55,MEDIUM,62.0,468.77000000000004,290.6374,Send checkout reminder
14897,1366.38,4,468,24.84327272727273,2011-12-02 10:32:00,United Kingdom,7,successful,none,0,0,LOW,95.0,1366.38,1298.0610000000001,No action required
14898,1303.52,6,1020,11.237241379310344,2011-11-16 14:54:00,United Kingdom,22,successful,none,0,0,LOW,95.0,1303.52,1238.344,No action required
14901,1421.29,9,661,14.805104166666666,2011-11-28 17:09:00,United Kingdom,10,successful,none,0,0,LOW,95.0,1421.29,1350.2254999999998,No action required
14902,332.66,1,218,16.633000000000003,2011-11-14 10:34:00,United Kingdom,25,successful,none,0,0,LOW,95.0,332.66,316.027,No action required
14903,2810.63,5,1536,7.917267605633803,2011-11-18 16:07:00,United Kingdom,20,successful,none,0,0,LOW,95.0,2810.63,2670.0985000000005,No action required
14904,1025.44,2,1985,14.86144927536232,2011-12-07 12:55:00,United Kingdom,1,successful,none,0,0,LOW,95.0,1025.44,974.168,No action required
14905,616.15,2,287,36.24411764705882,2011-07-05 12:41:00,United Kingdom,157,subscription_failed,insufficient_funds,1,60,MEDIUM,59.0,616.15,363.5285,Retry payment + reminder
14907,3501.1,7,1691,21.21878787878788,2011-12-06 14:14:00,United Kingdom,2,successful,none,0,0,LOW,95.0,3501.1,3326.045,No action required
14908,277.8,1,132,30.866666666666667,2011-09-26 12:56:00,United Kingdom,73,payment_failed,card_expired,1,40,MEDIUM,71.0,277.8,197.238,Send payment recovery link
14910,434.35,4,238,14.478333333333333,2011-12-07 10:06:00,United Kingdom,2,successful,none,0,0,LOW,95.0,434.35,412.6325,No action required
14911,143825.06,201,80265,25.343622907488985,2011-12-08 15:54:00,EIRE,0,successful,none,0,10,LOW,89.0,143825.06,128004.3034,No action required
14912,867.85,2,971,32.14259259259259,2011-11-23 09:20:00,Italy,16,successful,none,0,0,LOW,95.0,867.85,824.4575,No action required
14913,1227.43,4,1743,14.108390804597702,2011-11-04 08:29:00,United Kingdom,35,successful,none,0,0,LOW,95.0,1227.43,1166.0585,No action required
14915,307.48,2,112,25.623333333333335,2011-09-09 13:34:00,United Kingdom,90,payment_failed,card_expired,1,40,MEDIUM,71.0,307.48,218.31080000000003,Send payment recovery link
14916,1268.98,4,1136,16.48025974025974,2011-09-30 09:20:00,United Kingdom,70,payment_failed,card_expired,1,40,MEDIUM,71.0,1268.98,900.9758,Send payment recovery link
14918,1610.15,2,675,35.781111111111116,2011-08-16 11:50:00,United Kingdom,115,subscription_failed,insufficient_funds,1,60,MEDIUM,59.0,1610.15,949.9885,Retry payment + reminder
14920,977.77,2,509,17.153859649122808,2011-05-11 10:32:00,United Kingdom,212,checkout_abandoned,checkout_abandoned,1,55,MEDIUM,62.0,977.77,606.2174,Send checkout reminder
14921,1316.07,2,953,16.872692307692308,2011-11-09 13:17:00,United Kingdom,29,successful,none,0,0,LOW,95.0,1316.07,1250.2665,No action required
14923,749.1,1,418,17.025000000000002,2011-10-20 11:51:00,United Kingdom,50,payment_failed,card_expired,1,40,MEDIUM,71.0,749.1,531.861,Send payment recovery link
14924,310.05,1,64,31.005000000000003,2011-04-08 09:25:00,United Kingdom,245,checkout_abandoned,checkout_abandoned,1,55,MEDIUM,62.0,310.05,192.23100000000002,Send checkout reminder
14929,223.88,1,136,20.35272727272727,2011-11-07 17:21:00,United Kingdom,31,successful,none,0,0,LOW,95.0,223.88,212.68599999999998,No action required
14930,2372.86,3,1166,18.53796875,2011-08-23 10:31:00,Channel Islands,108,subscription_failed,insufficient_funds,1,60,MEDIUM,59.0,2372.86,1399.9874000000002,Retry payment + reminder
14931,1257.68,5,417,30.675121951219513,2011-12-05 10:19:00,Channel Islands,4,successful,none,0,0,LOW,95.0,1257.68,1194.796,No action required
14932,363.53,1,80,21.384117647058822,2010-12-09 11:48:00,Channel Islands,365,checkout_abandoned,checkout_abandoned,1,55,MEDIUM,62.0,363.53,225.38859999999997,Send checkout reminder
14934,1890.94,2,1042,21.734942528735633,2011-09-19 10:10:00,Channel Islands,81,payment_failed,card_expired,1,40,MEDIUM,71.0,1890.94,1342.5674,Send payment recovery link
14935,1784.71,1,935,178.471,2011-02-15 14:44:00,Channel Islands,296,checkout_abandoned,checkout_abandoned,1,55,MEDIUM,62.0,1784.71,1106.5202,Send checkout reminder
14936,8137.02,8,4085,22.35445054945055,2011-11-06 10:30:00,Channel Islands,33,successful,none,0,10,LOW,89.0,8137.02,7241.9478,No action required
14937,1621.88,3,484,47.70235294117647,2011-10-14 12:29:00,Channel Islands,56,payment_failed,card_expired,1,40,MEDIUM,71.0,1621.88,1151.5348000000001,Send payment recovery link
14944,5900.25,12,2815,34.707352941176474,2011-11-10 09:10:00,United Kingdom,29,successful,none,0,10,LOW,89.0,5900.25,5251.2225,No action required
14946,100.9,1,22,33.63333333333333,2011-11-25 13:33:00,United Kingdom,13,successful,none,0,0,LOW,95.0,100.9,95.855,No action required
14947,290.82,2,179,20.77285714285714,2011-09-28 15:48:00,United Kingdom,71,payment_failed,card_expired,1,40,MEDIUM,71.0,290.82,206.4822,Send payment recovery link
14948,1101.97,6,673,17.491587301587302,2011-11-16 17:16:00,United Kingdom,22,successful,none,0,0,LOW,95.0,1101.97,1046.8715000000002,No action required
14950,371.2,1,136,19.53684210526316,2011-11-20 13:48:00,United Kingdom,18,successful,none,0,0,LOW,95.0,371.2,352.64,No action required
14951,311.69,1,311,15.5845,2011-09-21 15:15:00,United Kingdom,78,payment_failed,card_expired,1,40,MEDIUM,71.0,311.69,221.2999,Send payment recovery link
14952,8099.49,11,3355,58.69195652173913,2011-10-11 10:33:00,United Kingdom,59,payment_failed,card_expired,1,50,MEDIUM,65.0,8099.49,5264.6685,Send payment recovery link
14953,289.82,1,225,5.269454545454545,2011-11-14 14:59:00,United Kingdom,24,successful,none,0,0,LOW,95.0,289.82,275.32899999999995,No action required
14954,336.17,1,127,3.9549411764705886,2011-11-27 14:30:00,United Kingdom,11,successful,none,0,0,LOW,95.0,336.17,319.36150000000004,No action required
14957,58.49,1,34,4.8741666666666665,2011-03-31 17:59:00,United Kingdom,252,checkout_abandoned,checkout_abandoned,1,55,MEDIUM,62.0,58.49,36.2638,Send checkout reminder
14958,499.68,3,129,11.897142857142857,2011-07-15 14:20:00,United Kingdom,146,subscription_failed,insufficient_funds,1,60,MEDIUM,59.0,499.68,294.8112,Retry payment + reminder
14959,695.42,4,494,11.786779661016949,2011-10-06 18:23:00,United Kingdom,63,payment_failed,card_expired,1,40,MEDIUM,71.0,695.42,493.7482,Send payment recovery link
14960,221.27,2,221,8.195185185185185,2011-12-01 12:54:00,United Kingdom,7,successful,none,0,0,LOW,95.0,221.27,210.2065,No action required
14961,7044.68,9,3708,22.579102564102566,2011-11-29 09:42:00,United Kingdom,10,successful,none,0,10,LOW,89.0,7044.68,6269.7652,No action required
14962,126.7,1,44,25.34,2011-03-14 09:42:00,United Kingdom,270,checkout_abandoned,checkout_abandoned,1,55,MEDIUM,62.0,126.7,78.554,Send checkout reminder
14963,1487.8,5,1176,7.514141414141414,2011-11-30 12:16:00,United Kingdom,9,successful,none,0,0,LOW,95.0,1487.8,1413.41,No action required
14964,206.21,1,143,15.862307692307693,2011-04-06 14:13:00,United Kingdom,246,checkout_abandoned,checkout_abandoned,1,55,MEDIUM,62.0,206.21,127.8502,Send checkout reminder
14965,599.0,2,365,7.216867469879518,2011-09-04 13:20:00,United Kingdom,95,subscription_failed,insufficient_funds,1,60,MEDIUM,59.0,599.0,353.41,Retry payment + reminder
14966,191.32,1,187,5.034736842105263,2011-11-25 12:20:00,United Kingdom,14,successful,none,0,0,LOW,95.0,191.32,181.754,No action required
14967,463.8,1,140,77.3,2011-10-21 11:06:00,United Kingdom,49,payment_failed,card_expired,1,40,MEDIUM,71.0,463.8,329.298,Send payment recovery link
14968,147.59,1,127,3.988918918918919,2011-11-09 13:58:00,United Kingdom,29,successful,none,0,0,LOW,95.0,147.59,140.21050000000002,No action required
14970,1592.06,4,250,46.825294117647054,2011-10-02 13:44:00,United Kingdom,67,payment_failed,card_expired,1,40,MEDIUM,71.0,1592.06,1130.3626,Send payment recovery link
14971,1116.57,3,644,6.9785625,2011-11-04 17:07:00,United Kingdom,34,successful,none,0,0,LOW,95.0,1116.57,1060.7414999999999,No action required
14972,114.77,1,28,6.376111111111111,2011-08-03 14:54:00,United Kingdom,127,subscription_failed,insufficient_funds,1,60,MEDIUM,59.0,114.77,67.7143,Retry payment + reminder
14973,1314.45,3,369,41.0765625,2011-08-24 15:51:00,United Kingdom,106,subscription_failed,insufficient_funds,1,60,MEDIUM,59.0,1314.45,775.5255000000001,Retry payment + reminder
14974,114.39,1,44,5.4471428571428575,2011-11-02 13:01:00,United Kingdom,36,successful,none,0,0,LOW,95.0,114.39,108.67049999999999,No action required
14975,279.94,1,380,25.44909090909091,2011-10-13 14:08:00,United Kingdom,56,payment_failed,card_expired,1,40,MEDIUM,71.0,279.94,198.75740000000002,Send payment recovery link
14976,790.86,7,234,10.984166666666667,2011-10-13 16:37:00,United Kingdom,56,payment_failed,card_expired,1,40,MEDIUM,71.0,790.86,561.5106,Send payment recovery link
14978,1931.42,5,525,8.941759259259259,2011-09-28 13:07:00,United Kingdom,71,payment_failed,card_expired,1,40,MEDIUM,71.0,1931.42,1371.3082000000002,Send payment recovery link
14981,102.12,1,97,12.765,2011-04-07 13:45:00,United Kingdom,245,checkout_abandoned,checkout_abandoned,1,55,MEDIUM,62.0,102.12,63.314400000000006,Send checkout reminder
14984,213.27,2,60,5.201707317073171,2011-11-20 14:28:00,United Kingdom,18,successful,none,0,0,LOW,95.0,213.27,202.6065,No action required
14985,296.75,2,260,3.410919540229885,2011-05-25 14:29:00,United Kingdom,197,checkout_abandoned,checkout_abandoned,1,55,MEDIUM,62.0,296.75,183.985,Send checkout reminder
14987,326.4,2,128,81.6,2011-11-24 09:59:00,United Kingdom,15,successful,none,0,0,LOW,95.0,326.4,310.08,No action required
14988,334.54,1,141,8.3635,2011-05-12 12:05:00,United Kingdom,211,checkout_abandoned,checkout_abandoned,1,55,MEDIUM,62.0,334.54,207.41479999999999,Send checkout reminder
14995,233.23000000000002,2,103,3.82344262295082,2011-11-01 11:39:00,United Kingdom,38,successful,none,0,0,LOW,95.0,233.23000000000002,221.56850000000003,No action required
14997,546.1999999999999,3,1120,21.007692307692306,2011-10-24 13:28:00,United Kingdom,45,successful,none,0,0,LOW,95.0,546.1999999999999,518.8899999999999,No action required
14998,429.87,2,270,5.7316,2011-06-22 17:30:00,United Kingdom,169,subscription_failed,insufficient_funds,1,60,MEDIUM,59.0,429.87,253.62330000000003,Retry payment + reminder
15000,490.52,1,218,6.37038961038961,2011-10-23 11:42:00,United Kingdom,47,payment_failed,card_expired,1,40,MEDIUM,71.0,490.52,348.26919999999996,Send payment recovery link
15002,1641.76,4,862,14.276173913043479,2011-08-16 10:44:00,United Kingdom,115,subscription_failed,insufficient_funds,1,60,MEDIUM,59.0,1641.76,968.6383999999999,Retry payment + reminder
15004,1246.32,1,630,7.888101265822784,2011-07-15 14:05:00,United Kingdom,146,subscription_failed,insufficient_funds,1,60,MEDIUM,59.0,1246.32,735.3287999999999,Retry payment + reminder
15005,6316.57,28,4247,5.6448346738159065,2011-11-24 12:25:00,United Kingdom,15,successful,none,0,10,LOW,89.0,6316.57,5621.7473,No action required
15006,502.09,1,302,3.486736111111111,2011-10-19 15:08:00,United Kingdom,50,payment_failed,card_expired,1,40,MEDIUM,71.0,502.09,356.4839,Send payment recovery link
15007,156.91,1,69,13.075833333333334,2011-07-03 16:00:00,United Kingdom,158,subscription_failed,insufficient_funds,1,60,MEDIUM,59.0,156.91,92.57690000000001,Retry payment + reminder
15009,1261.78,3,642,6.932857142857142,2011-11-27 13:35:00,United Kingdom,11,successful,none,0,0,LOW,95.0,1261.78,1198.6909999999998,No action required
15010,308.94,1,184,15.447,2011-11-04 12:42:00,United Kingdom,35,successful,none,0,0,LOW,95.0,308.94,293.493,No action required
15012,423.04,2,231,3.305,2011-10-17 12:22:00,United Kingdom,53,payment_failed,card_expired,1,40,MEDIUM,71.0,423.04,300.3584,Send payment recovery link
15014,260.17,2,151,7.433428571428572,2011-10-27 20:07:00,United Kingdom,42,successful,none,0,0,LOW,95.0,260.17,247.16150000000002,No action required
15016,170.04,1,76,8.501999999999999,2011-06-20 12:06:00,United Kingdom,172,subscription_failed,insufficient_funds,1,60,MEDIUM,59.0,170.04,100.32359999999998,Retry payment + reminder
15017,125.58,1,63,6.279,2011-11-06 10:33:00,United Kingdom,33,successful,none,0,0,LOW,95.0,125.58,119.301,No action required
15018,496.21000000000004,3,189,16.006774193548388,2011-11-01 12:47:00,United Kingdom,38,successful,none,0,0,LOW,95.0,496.21000000000004,471.39950000000005,No action required
15019,266.0,1,159,3.8,2011-03-18 12:35:00,United Kingdom,266,checkout_abandoned,checkout_abandoned,1,55,MEDIUM,62.0,266.0,164.92,Send checkout reminder
15021,1914.82,9,847,4.056822033898305,2011-12-01 11:53:00,United Kingdom,8,successful,none,0,0,LOW,95.0,1914.82,1819.079,No action required
15022,905.04,4,543,6.704,2011-11-28 12:35:00,United Kingdom,11,successful,none,0,0,LOW,95.0,905.04,859.788,No action required
15023,6802.76,11,2871,12.104555160142349,2011-12-06 17:23:00,United Kingdom,2,successful,none,0,10,LOW,89.0,6802.76,6054.4564,No action required
15024,1661.33,10,920,10.718258064516128,2011-11-30 12:06:00,United Kingdom,9,successful,none,0,0,LOW,95.0,1661.33,1578.2635,No action required
15025,377.01,1,189,5.23625,2011-11-06 15:20:00,United Kingdom,32,successful,none,0,0,LOW,95.0,377.01,358.1595,No action required
15026,469.0,3,285,7.688524590163935,2011-09-20 13:52:00,United Kingdom,79,payment_failed,card_expired,1,40,MEDIUM,71.0,469.0,332.99,Send payment recovery link
15027,1066.1499999999999,4,565,30.461428571428566,2011-11-09 10:16:00,United Kingdom,30,successful,none,0,0,LOW,95.0,1066.1499999999999,1012.8424999999999,No action required
15028,627.13,4,459,13.065208333333333,2011-12-01 14:06:00,United Kingdom,7,successful,none,0,0,LOW,95.0,627.13,595.7735,No action required
15030,518.28,2,372,74.03999999999999,2011-09-29 10:50:00,United Kingdom,71,payment_failed,card_expired,1,40,MEDIUM,71.0,518.28,367.9788,Send payment recovery link
15031,668.14,4,401,6.019279279279279,2011-12-05 14:19:00,United Kingdom,3,successful,none,0,0,LOW,95.0,668.14,634.733,No action required
15032,4959.1,3,2968,95.3673076923077,2011-03-28 15:03:00,United Kingdom,255,checkout_abandoned,checkout_abandoned,1,55,MEDIUM,62.0,4959.1,3074.6420000000003,Send checkout reminder
15033,2586.67,10,1695,5.071901960784314,2011-12-05 12:40:00,United Kingdom,4,successful,none,0,0,LOW,95.0,2586.67,2457.3365,No action required
15034,4308.61,8,2422,10.935558375634518,2011-11-24 12:11:00,United Kingdom,15,successful,none,0,0,LOW,95.0,4308.61,4093.1794999999997,No action required
15035,252.73000000000002,1,245,9.36037037037037,2011-09-11 11:08:00,United Kingdom,89,payment_failed,card_expired,1,40,MEDIUM,71.0,252.73000000000002,179.43830000000003,Send payment recovery link
15036,465.55,3,327,3.665748031496063,2011-09-28 15:42:00,United Kingdom,71,payment_failed,card_expired,1,40,MEDIUM,71.0,465.55,330.5405,Send payment recovery link
15038,705.49,6,217,5.426846153846154,2011-10-12 11:33:00,United Kingdom,58,payment_failed,card_expired,1,40,MEDIUM,71.0,705.49,500.8979,Send payment recovery link
15039,19914.44,47,9209,13.25861517976032,2011-11-30 11:31:00,United Kingdom,9,successful,none,0,10,LOW,89.0,19914.44,17723.851599999998,No action required
15041,180.35,1,104,2.6917910447761195,2011-06-22 16:16:00,United Kingdom,169,subscription_failed,insufficient_funds,1,60,MEDIUM,59.0,180.35,106.4065,Retry payment + reminder
15042,135.93,1,30,27.186,2011-05-24 16:25:00,United Kingdom,198,checkout_abandoned,checkout_abandoned,1,55,MEDIUM,62.0,135.93,84.2766,Send checkout reminder
15043,537.0,1,300,179.0,2011-11-08 14:26:00,United Kingdom,30,successful,none,0,0,LOW,95.0,537.0,510.15,No action required
15044,7700.2300000000005,17,2795,16.998300220750554,2011-11-20 13:20:00,United Kingdom,18,successful,none,0,10,LOW,89.0,7700.2300000000005,6853.204700000001,No action required
15045,735.66,2,114,61.305,2011-07-11 11:33:00,United Kingdom,151,subscription_failed,insufficient_funds,1,60,MEDIUM,59.0,735.66,434.03939999999994,Retry payment + reminder
15046,5213.7699999999995,15,3451,25.309563106796116,2011-11-30 15:50:00,United Kingdom,8,successful,none,0,10,LOW,89.0,5213.7699999999995,4640.2553,No action required
15047,343.62,1,222,15.61909090909091,2011-03-15 10:49:00,United Kingdom,269,checkout_abandoned,checkout_abandoned,1,55,MEDIUM,62.0,343.62,213.0444,Send checkout reminder
15048,384.05,4,195,3.959278350515464,2011-10-05 14:55:00,United Kingdom,64,payment_failed,card_expired,1,40,MEDIUM,71.0,384.05,272.6755,Send payment recovery link
15049,121.17000000000002,1,63,40.39000000000001,2011-03-11 12:13:00,United Kingdom,273,checkout_abandoned,checkout_abandoned,1,55,MEDIUM,62.0,121.17000000000002,75.12540000000001,Send checkout reminder
15050,1782.09,3,1224,22.84730769230769,2011-11-14 16:17:00,United Kingdom,24,successful,none,0,0,LOW,95.0,1782.09,1692.9854999999998,No action required
15051,1391.61,3,1011,9.731538461538461,2011-11-16 15:38:00,United Kingdom,22,successful,none,0,0,LOW,95.0,1391.61,1322.0294999999999,No action required
15052,215.78,1,82,7.192666666666667,2011-01-24 15:52:00,United Kingdom,318,checkout_abandoned,checkout_abandoned,1,55,MEDIUM,62.0,215.78,133.7836,Send checkout reminder
15053,697.79,3,986,9.828028169014084,2011-12-05 12:08:00,United Kingdom,4,successful,none,0,0,LOW,95.0,697.79,662.9005000000001,No action required
15054,302.1,2,198,2.6500000000000004,2011-11-27 15:02:00,United Kingdom,11,successful,none,0,0,LOW,95.0,302.1,286.99500000000006,No action required
15057,1489.5,2,668,59.58,2011-03-09 15:17:00,United Kingdom,274,checkout_abandoned,checkout_abandoned,1,55,MEDIUM,62.0,1489.5,923.49,Send checkout reminder
15058,2124.9900000000002,11,1069,7.699239130434783,2011-11-14 14:57:00,United Kingdom,24,successful,none,0,0,LOW,95.0,2124.9900000000002,2018.7405,No action required
15059,1337.72,9,604,5.644388185654009,2011-10-30 11:35:00,United Kingdom,40,successful,none,0,0,LOW,95.0,1337.72,1270.834,No action required
15060,303.09,4,263,2.504876033057851,2011-12-01 13:47:00,United Kingdom,7,successful,none,0,0,LOW,95.0,303.09,287.9355,No action required
15061,54534.14,48,28920,135.32044665012407,2011-12-06 12:06:00,United Kingdom,3,successful,none,0,10,LOW,89.0,54534.14,48535.3846,No action required
15062,987.86,4,763,17.330877192982456,2011-09-29 16:51:00,United Kingdom,70,payment_failed,card_expired,1,40,MEDIUM,71.0,987.86,701.3806,Send payment recovery link
15063,370.79999999999995,1,56,74.16,2011-05-10 13:25:00,United Kingdom,212,checkout_abandoned,checkout_abandoned,1,55,MEDIUM,62.0,370.79999999999995,229.896,Send checkout reminder
15065,3158.13,4,1383,20.37503225806452,2011-11-02 09:45:00,United Kingdom,37,successful,none,0,0,LOW,95.0,3158.13,3000.2235000000005,No action required
15066,893.59,1,317,21.275952380952383,2011-10-17 13:25:00,United Kingdom,52,payment_failed,card_expired,1,40,MEDIUM,71.0,893.59,634.4489,Send payment recovery link
15067,1744.76,3,954,21.277560975609756,2011-09-22 13:20:00,United Kingdom,77,payment_failed,card_expired,1,40,MEDIUM,71.0,1744.76,1238.7796,Send payment recovery link
15068,553.36,2,364,5.320769230769231,2011-10-24 14:47:00,United Kingdom,45,successful,none,0,0,LOW,95.0,553.36,525.692,No action required
15069,1109.53,1,520,15.850428571428571,2011-06-13 14:16:00,United Kingdom,178,subscription_failed,insufficient_funds,1,60,MEDIUM,59.0,1109.53,654.6227,Retry payment + reminder
15070,106.2,1,36,106.2,2010-12-02 11:23:00,United Kingdom,372,checkout_abandoned,checkout_abandoned,1,55,MEDIUM,62.0,106.2,65.84400000000001,Send checkout reminder
15071,982.07,2,269,37.77192307692308,2011-09-07 11:43:00,United Kingdom,93,subscription_failed,insufficient_funds,1,60,MEDIUM,59.0,982.07,579.4213000000001,Retry payment + reminder
15073,1043.41,3,491,19.322407407407407,2011-11-30 10:44:00,United Kingdom,9,successful,none,0,0,LOW,95.0,1043.41,991.2395000000001,No action required
15074,748.87,1,455,17.830238095238094,2011-08-26 14:45:00,United Kingdom,104,subscription_failed,insufficient_funds,1,60,MEDIUM,59.0,748.87,441.8333,Retry payment + reminder
15075,773.03,1,447,28.63074074074074,2011-09-23 12:27:00,United Kingdom,77,payment_failed,card_expired,1,40,MEDIUM,71.0,773.03,548.8512999999999,Send payment recovery link
15076,880.85,1,571,17.976530612244897,2011-06-20 08:23:00,United Kingdom,172,subscription_failed,insufficient_funds,1,60,MEDIUM,59.0,880.85,519.7015,Retry payment + reminder
15078,9743.11,32,5105,22.14343181818182,2011-12-02 15:41:00,United Kingdom,6,successful,none,0,10,LOW,89.0,9743.11,8671.367900000001,No action required
15079,895.61,4,389,19.055531914893617,2011-05-11 12:45:00,United Kingdom,212,checkout_abandoned,checkout_abandoned,1,55,MEDIUM,62.0,895.61,555.2782,Send checkout reminder
15081,504.8,5,190,15.296969696969697,2011-11-17 17:08:00,United Kingdom,21,successful,none,0,0,LOW,95.0,504.8,479.56,No action required
15083,88.2,1,38,17.64,2011-03-28 12:18:00,United Kingdom,256,checkout_abandoned,checkout_abandoned,1,55,MEDIUM,62.0,88.2,54.684000000000005,Send checkout reminder
15087,306.94,1,470,20.462666666666667,2011-03-03 10:34:00,United Kingdom,281,checkout_abandoned,checkout_abandoned,1,55,MEDIUM,62.0,306.94,190.3028,Send checkout reminder
15088,1160.07,2,460,20.352105263157895,2011-11-18 13:14:00,United Kingdom,20,successful,none,0,0,LOW,95.0,1160.07,1102.0665,No action required
15089,2420.84,6,1359,16.69544827586207,2011-11-29 16:31:00,United Kingdom,9,successful,none,0,0,LOW,95.0,2420.84,2299.7980000000002,No action required
15090,381.32,1,208,16.57913043478261,2011-02-04 14:03:00,United Kingdom,307,checkout_abandoned,checkout_abandoned,1,55,MEDIUM,62.0,381.32,236.4184,Send checkout reminder
15091,480.71,1,346,16.023666666666667,2011-10-03 12:47:00,United Kingdom,67,payment_failed,card_expired,1,40,MEDIUM,71.0,480.71,341.30409999999995,Send payment recovery link
15092,457.81,2,135,17.608076923076922,2011-05-08 14:10:00,United Kingdom,214,checkout_abandoned,checkout_abandoned,1,55,MEDIUM,62.0,457.81,283.8422,Send checkout reminder
15093,4597.02,6,3760,42.565000000000005,2011-11-21 13:09:00,United Kingdom,17,successful,none,0,0,LOW,95.0,4597.02,4367.169,No action required
15095,1370.6,4,1079,29.161702127659574,2011-08-28 12:01:00,United Kingdom,103,subscription_failed,insufficient_funds,1,60,MEDIUM,59.0,1370.6,808.654,Retry payment + reminder
15096,219.39000000000001,1,120,19.944545454545455,2011-10-28 10:27:00,United Kingdom,42,successful,none,0,0,LOW,95.0,219.39000000000001,208.42050000000003,No action required
15097,248.08,1,170,9.923200000000001,2011-12-05 14:03:00,United Kingdom,3,successful,none,0,0,LOW,95.0,248.08,235.67600000000002,No action required
15098,39916.5,3,121,13305.5,2011-06-10 15:33:00,United Kingdom,181,checkout_abandoned,checkout_abandoned,1,65,MEDIUM,56.0,39916.5,22353.24,Send checkout reminder
15099,410.48,1,343,17.84695652173913,2011-09-16 13:13:00,United Kingdom,83,payment_failed,card_expired,1,40,MEDIUM,71.0,410.48,291.4408,Send payment recovery link
15100,876.0,3,80,292.0,2011-01-10 10:35:00,United Kingdom,333,checkout_abandoned,checkout_abandoned,1,55,MEDIUM,62.0,876.0,543.12,Send checkout reminder
15101,317.53,2,241,39.69125,2011-12-01 10:18:00,United Kingdom,8,successful,none,0,0,LOW,95.0,317.53,301.6535,No action required
15103,703.36,2,329,20.096,2011-11-08 14:53:00,United Kingdom,30,successful,none,0,0,LOW,95.0,703.36,668.192,No action required
15104,1027.44,2,637,14.890434782608697,2011-05-27 12:29:00,United Kingdom,196,checkout_abandoned,checkout_abandoned,1,55,MEDIUM,62.0,1027.44,637.0128000000001,Send checkout reminder
15105,2298.93,7,1211,22.76168316831683,2011-11-21 16:54:00,United Kingdom,17,successful,none,0,0,LOW,95.0,2298.93,2183.9835,No action required
15106,1422.52,5,1181,14.2252,2011-11-22 09:16:00,United Kingdom,17,successful,none,0,0,LOW,95.0,1422.52,1351.394,No action required
15107,319.5,6,169,19.96875,2011-02-01 14:46:00,United Kingdom,310,checkout_abandoned,checkout_abandoned,1,55,MEDIUM,62.0,319.5,198.09,Send checkout reminder
15108,1300.25,4,499,21.670833333333334,2011-07-21 10:24:00,European Community,141,subscription_failed,insufficient_funds,1,60,MEDIUM,59.0,1300.25,767.1475,Retry payment + reminder
15109,484.95,1,131,17.319642857142856,2011-04-08 09:58:00,United Kingdom,245,checkout_abandoned,checkout_abandoned,1,55,MEDIUM,62.0,484.95,300.669,Send checkout reminder
15110,996.1,4,246,28.46,2011-11-16 11:16:00,United Kingdom,23,successful,none,0,0,LOW,95.0,996.1,946.295,No action required
15111,1567.48,3,710,18.660476190476192,2011-11-10 16:58:00,United Kingdom,28,successful,none,0,0,LOW,95.0,1567.48,1489.106,No action required
15113,3609.33,3,2386,36.0933,2011-11-30 08:23:00,United Kingdom,9,successful,none,0,0,LOW,95.0,3609.33,3428.8635,No action required
15114,2760.56,10,3096,14.012994923857867,2011-11-09 15:05:00,United Kingdom,29,successful,none,0,0,LOW,95.0,2760.56,2622.532,No action required
15115,340.11,1,157,16.195714285714285,2011-11-21 14:59:00,United Kingdom,17,successful,none,0,0,LOW,95.0,340.11,323.10450000000003,No action required
15116,1352.75,4,648,30.06111111111111,2011-11-22 12:25:00,United Kingdom,17,successful,none,0,0,LOW,95.0,1352.75,1285.1125,No action required
15117,1551.78,5,1948,19.64278481012658,2011-11-25 08:12:00,United Kingdom,14,successful,none,0,0,LOW,95.0,1551.78,1474.191,No action required
15118,244.8,1,1440,244.8,2011-07-28 14:54:00,United Kingdom,133,subscription_failed,insufficient_funds,1,60,MEDIUM,59.0,244.8,144.43200000000002,Retry payment + reminder
15119,266.4,1,88,19.02857142857143,2011-04-08 09:08:00,United Kingdom,245,checkout_abandoned,checkout_abandoned,1,55,MEDIUM,62.0,266.4,165.168,Send checkout reminder
15120,358.82,1,296,17.086666666666666,2011-07-29 09:48:00,United Kingdom,133,subscription_failed,insufficient_funds,1,60,MEDIUM,59.0,358.82,211.7038,Retry payment + reminder
15121,457.72,2,199,16.34714285714286,2011-10-20 14:51:00,United Kingdom,49,payment_failed,card_expired,1,40,MEDIUM,71.0,457.72,324.9812,Send payment recovery link
15122,1633.78,3,800,19.924146341463413,2011-08-17 16:48:00,United Kingdom,113,subscription_failed,insufficient_funds,1,60,MEDIUM,59.0,1633.78,963.9302,Retry payment + reminder
15123,2199.31,2,1195,20.748207547169812,2011-12-02 13:12:00,United Kingdom,6,successful,none,0,0,LOW,95.0,2199.31,2089.3444999999997,No action required
15124,184.19,2,233,12.279333333333334,2011-11-17 10:09:00,United Kingdom,22,successful,none,0,0,LOW,95.0,184.19,174.9805,No action required
15125,11528.48,15,6193,90.77543307086614,2011-11-14 13:57:00,United Kingdom,24,successful,none,0,10,LOW,89.0,11528.48,10260.3472,No action required
15127,406.53,1,251,25.408125,2011-10-05 10:30:00,United Kingdom,65,payment_failed,card_expired,1,40,MEDIUM,71.0,406.53,288.63629999999995,Send payment recovery link
15128,1471.0,4,1343,14.42156862745098,2011-10-10 13:54:00,United Kingdom,59,payment_failed,card_expired,1,40,MEDIUM,71.0,1471.0,1044.41,Send payment recovery link
15129,3447.4,11,1794,41.04047619047619,2011-10-20 14:40:00,United Kingdom,49,payment_failed,card_expired,1,40,MEDIUM,71.0,3447.4,2447.654,Send payment recovery link
15130,330.11,1,197,15.005,2011-06-23 10:15:00,United Kingdom,169,subscription_failed,insufficient_funds,1,60,MEDIUM,59.0,330.11,194.7649,Retry payment + reminder
15132,977.9300000000001,5,679,18.806346153846157,2011-11-21 17:10:00,United Kingdom,17,successful,none,0,0,LOW,95.0,977.9300000000001,929.0335,No action required
15133,982.42,3,680,33.87655172413793,2011-08-04 10:44:00,United Kingdom,127,subscription_failed,insufficient_funds,1,60,MEDIUM,59.0,982.42,579.6278,Retry payment + reminder
15134,1387.99,8,887,19.013561643835615,2011-11-25 08:55:00,United Kingdom,14,successful,none,0,0,LOW,95.0,1387.99,1318.5904999999998,No action required
15135,139.05,1,43,15.450000000000001,2011-04-14 19:16:00,United Kingdom,238,checkout_abandoned,checkout_abandoned,1,55,MEDIUM,62.0,139.05,86.211,Send checkout reminder
15136,1286.7,4,776,18.92205882352941,2011-12-07 12:26:00,United Kingdom,2,successful,none,0,0,LOW,95.0,1286.7,1222.365,No action required
15139,178.96,2,208,13.766153846153847,2011-04-14 11:39:00,United Kingdom,239,checkout_abandoned,checkout_abandoned,1,55,MEDIUM,62.0,178.96,110.9552,Send checkout reminder
15140,2354.25,7,1572,29.428125,2011-10-18 14:07:00,United Kingdom,51,payment_failed,card_expired,1,40,MEDIUM,71.0,2354.25,1671.5175,Send payment recovery link
15142,498.74,1,365,19.182307692307692,2011-10-24 12:51:00,United Kingdom,45,successful,none,0,0,LOW,95.0,498.74,473.80300000000005,No action required
15143,259.45,1,150,18.532142857142855,2011-04-28 12:03:00,United Kingdom,225,checkout_abandoned,checkout_abandoned,1,55,MEDIUM,62.0,259.45,160.859,Send checkout reminder
15144,6580.44,17,3050,30.324608294930872,2011-12-01 15:12:00,United Kingdom,7,successful,none,0,10,LOW,89.0,6580.44,5856.591599999999,No action required
15145,1194.73,4,756,17.83179104477612,2011-12-05 17:21:00,United Kingdom,3,successful,none,0,0,LOW,95.0,1194.73,1134.9935,No action required
15146,1327.16,2,1473,14.584175824175825,2011-06-28 12:09:00,United Kingdom,164,subscription_failed,insufficient_funds,1,60,MEDIUM,59.0,1327.16,783.0244,Retry payment + reminder
15147,623.5,1,366,22.267857142857142,2011-04-13 15:57:00,United Kingdom,239,checkout_abandoned,checkout_abandoned,1,55,MEDIUM,62.0,623.5,386.57,Send checkout reminder
15148,301.29,1,187,15.0645,2011-11-29 08:21:00,United Kingdom,10,successful,none,0,0,LOW,95.0,301.29,286.2255,No action required
15149,520.8000000000001,1,128,22.643478260869568,2011-07-29 10:58:00,United Kingdom,133,subscription_failed,insufficient_funds,1,60,MEDIUM,59.0,520.8000000000001,307.27200000000005,Retry payment + reminder
15150,5314.47,10,3658,15.494081632653062,2011-11-22 12:52:00,United Kingdom,16,successful,none,0,10,LOW,89.0,5314.47,4729.8783,No action required
15152,4745.69,13,2704,17.511771217712177,2011-11-30 12:32:00,United Kingdom,9,successful,none,0,0,LOW,95.0,4745.69,4508.4055,No action required
15153,329.25,1,198,14.965909090909092,2011-11-08 17:09:00,United Kingdom,30,successful,none,0,0,LOW,95.0,329.25,312.7875,No action required
15154,296.42,1,104,3.487294117647059,2011-09-25 16:05:00,United Kingdom,74,payment_failed,card_expired,1,40,MEDIUM,71.0,296.42,210.4582,Send payment recovery link
15156,961.49,3,597,17.481636363636365,2011-12-08 18:22:00,United Kingdom,0,successful,none,0,0,LOW,95.0,961.49,913.4155000000001,No action required
15157,1936.07,3,2392,15.48856,2011-12-06 11:28:00,United Kingdom,3,successful,none,0,0,LOW,95.0,1936.07,1839.2665,No action required
15158,401.40000000000003,1,198,57.34285714285715,2011-10-25 13:53:00,United Kingdom,44,successful,none,0,0,LOW,95.0,401.40000000000003,381.33,No action required
15159,18641.010000000002,30,11441,26.254943661971833,2011-12-08 12:05:00,United Kingdom,1,successful,none,0,10,LOW,89.0,18641.010000000002,16590.498900000002,No action required
15160,158.16,1,84,39.54,2010-12-17 14:15:00,United Kingdom,356,checkout_abandoned,checkout_abandoned,1,55,MEDIUM,62.0,158.16,98.0592,Send checkout reminder
15163,304.47,2,186,10.49896551724138,2011-11-21 13:10:00,United Kingdom,17,successful,none,0,0,LOW,95.0,304.47,289.2465,No action required
15164,843.05,3,360,8.18495145631068,2011-10-02 12:05:00,United Kingdom,68,payment_failed,card_expired,1,40,MEDIUM,71.0,843.05,598.5654999999999,Send payment recovery link
15165,487.75,1,160,18.064814814814813,2010-12-01 14:03:00,United Kingdom,372,checkout_abandoned,checkout_abandoned,1,55,MEDIUM,62.0,487.75,302.405,Send checkout reminder
15167,163.0,1,67,3.975609756097561,2011-01-23 12:41:00,United Kingdom,320,checkout_abandoned,checkout_abandoned,1,55,MEDIUM,62.0,163.0,101.06,Send checkout reminder
15168,106.56,1,52,21.312,2011-11-14 11:26:00,United Kingdom,25,successful,none,0,0,LOW,95.0,106.56,101.23200000000001,No action required
15171,1289.5,1,290,257.9,2011-01-12 15:36:00,United Kingdom,330,checkout_abandoned,checkout_abandoned,1,55,MEDIUM,62.0,1289.5,799.49,Send checkout reminder
15172,1624.05,5,1611,14.764090909090909,2011-12-01 11:51:00,United Kingdom,8,successful,none,0,0,LOW,95.0,1624.05,1542.8475,No action required
15174,135.75,1,145,12.340909090909092,2011-01-21 09:06:00,United Kingdom,322,checkout_abandoned,checkout_abandoned,1,55,MEDIUM,62.0,135.75,84.165,Send checkout reminder
15175,224.14,1,454,9.745217391304347,2011-09-29 11:31:00,United Kingdom,71,payment_failed,card_expired,1,40,MEDIUM,71.0,224.14,159.1394,Send payment recovery link
15178,40.5,1,30,13.5,2011-03-24 15:12:00,United Kingdom,259,checkout_abandoned,checkout_abandoned,1,55,MEDIUM,62.0,40.5,25.11,Send checkout reminder
15179,2206.95,5,1938,23.73064516129032,2011-11-21 12:53:00,United Kingdom,17,successful,none,0,0,LOW,95.0,2206.95,2096.6024999999995,No action required
15180,87.5,1,36,14.583333333333334,2010-12-07 14:57:00,United Kingdom,366,checkout_abandoned,checkout_abandoned,1,55,MEDIUM,62.0,87.5,54.25,Send checkout reminder
15181,689.4799999999999,3,544,43.092499999999994,2011-10-04 13:58:00,United Kingdom,65,payment_failed,card_expired,1,40,MEDIUM,71.0,689.4799999999999,489.53079999999994,Send payment recovery link
15182,622.85,2,253,21.477586206896554,2011-07-08 13:37:00,United Kingdom,153,subscription_failed,insufficient_funds,1,60,MEDIUM,59.0,622.85,367.48150000000004,Retry payment + reminder
15184,406.76,2,223,6.456507936507936,2011-11-10 13:41:00,United Kingdom,28,successful,none,0,0,LOW,95.0,406.76,386.42199999999997,No action required
15185,310.62,1,666,14.791428571428572,2011-09-30 14:06:00,United Kingdom,69,payment_failed,card_expired,1,40,MEDIUM,71.0,310.62,220.5402,Send payment recovery link
15186,411.41,2,215,21.653157894736843,2011-11-25 14:58:00,United Kingdom,13,successful,none,0,0,LOW,95.0,411.41,390.83950000000004,No action required
15187,4777.18,16,1887,52.49648351648352,2011-12-08 11:56:00,United Kingdom,1,successful,none,0,0,LOW,95.0,4777.18,4538.321,No action required
15189,16225.39,41,6149,76.53485849056604,2011-12-08 13:22:00,United Kingdom,0,successful,none,0,10,LOW,89.0,16225.39,14440.597099999999,No action required
15192,1044.32,3,918,20.47686274509804,2011-08-12 11:41:00,United Kingdom,119,subscription_failed,insufficient_funds,1,60,MEDIUM,59.0,1044.32,616.1487999999999,Retry payment + reminder
15193,499.32,1,144,26.28,2011-10-10 08:23:00,United Kingdom,60,payment_failed,card_expired,1,40,MEDIUM,71.0,499.32,354.5172,Send payment recovery link
15194,7616.53,15,5703,24.569451612903226,2011-12-06 15:10:00,United Kingdom,2,successful,none,0,10,LOW,89.0,7616.53,6778.711699999999,No action required
15195,3861.0,1,1404,3861.0,2011-12-07 12:20:00,United Kingdom,2,successful,none,0,0,LOW,95.0,3861.0,3667.95,No action required
15197,1079.6100000000001,3,469,33.737812500000004,2011-11-29 10:00:00,United Kingdom,10,successful,none,0,0,LOW,95.0,1079.6100000000001,1025.6295,No action required
15198,193.64,2,120,19.363999999999997,2011-09-08 14:42:00,United Kingdom,91,subscription_failed,insufficient_funds,1,60,MEDIUM,59.0,193.64,114.24759999999998,Retry payment + reminder
15199,1268.7,4,396,97.5923076923077,2011-10-11 15:12:00,United Kingdom,58,payment_failed,card_expired,1,40,MEDIUM,71.0,1268.7,900.7769999999999,Send payment recovery link
15201,1236.54,5,1210,17.92086956521739,2011-09-13 14:53:00,United Kingdom,86,payment_failed,card_expired,1,40,MEDIUM,71.0,1236.54,877.9434,Send payment recovery link
15203,1827.8,6,1753,12.871830985915492,2011-11-14 08:16:00,United Kingdom,25,successful,none,0,0,LOW,95.0,1827.8,1736.41,No action required
15204,316.58,1,258,35.175555555555555,2010-12-17 13:49:00,United Kingdom,356,checkout_abandoned,checkout_abandoned,1,55,MEDIUM,62.0,316.58,196.2796,Send checkout reminder
15205,653.24,2,378,17.655135135135136,2011-09-15 19:36:00,United Kingdom,84,payment_failed,card_expired,1,40,MEDIUM,71.0,653.24,463.8004,Send payment recovery link
15206,420.29999999999995,4,162,46.699999999999996,2011-11-29 13:41:00,United Kingdom,9,successful,none,0,0,LOW,95.0,420.29999999999995,399.2849999999999,No action required
15208,870.12,5,316,20.717142857142857,2011-12-08 17:24:00,United Kingdom,0,successful,none,0,0,LOW,95.0,870.12,826.6139999999999,No action required
15210,331.18,1,228,16.559,2011-04-28 16:11:00,United Kingdom,224,checkout_abandoned,checkout_abandoned,1,55,MEDIUM,62.0,331.18,205.3316,Send checkout reminder
15211,894.4100000000001,2,240,17.20019230769231,2011-10-10 13:31:00,United Kingdom,59,payment_failed,card_expired,1,40,MEDIUM,71.0,894.4100000000001,635.0311,Send payment recovery link
15212,101.8,1,36,20.36,2011-04-12 13:45:00,United Kingdom,240,checkout_abandoned,checkout_abandoned,1,55,MEDIUM,62.0,101.8,63.11599999999999,Send checkout reminder
15213,328.35,2,272,13.68125,2011-01-25 12:21:00,United Kingdom,318,checkout_abandoned,checkout_abandoned,1,55,MEDIUM,62.0,328.35,203.577,Send checkout reminder
15214,1661.44,8,1254,15.104000000000001,2011-12-08 12:07:00,United Kingdom,1,successful,none,0,0,LOW,95.0,1661.44,1578.3680000000002,No action required
15215,734.94,3,225,20.998285714285714,2011-10-24 11:41:00,United Kingdom,46,payment_failed,card_expired,1,40,MEDIUM,71.0,734.94,521.8074,Send payment recovery link
15216,96.6,1,28,48.3,2011-09-13 11:41:00,United Kingdom,87,payment_failed,card_expired,1,40,MEDIUM,71.0,96.6,68.586,Send payment recovery link
15218,5756.89,11,3329,34.680060240963854,2011-11-29 11:48:00,United Kingdom,10,successful,none,0,10,LOW,89.0,5756.89,5123.6321,No action required
15219,305.75,1,45,33.97222222222222,2011-06-16 16:57:00,United Kingdom,175,subscription_failed,insufficient_funds,1,60,MEDIUM,59.0,305.75,180.3925,Retry payment + reminder
15220,1778.96,6,1393,15.204786324786324,2011-10-19 12:39:00,United Kingdom,51,payment_failed,card_expired,1,40,MEDIUM,71.0,1778.96,1263.0616,Send payment recovery link
15221,403.25,1,43,80.65,2010-12-08 13:08:00,United Kingdom,365,checkout_abandoned,checkout_abandoned,1,55,MEDIUM,62.0,403.25,250.015,Send checkout reminder
15222,585.0,1,440,117.0,2011-01-25 08:03:00,United Kingdom,318,checkout_abandoned,checkout_abandoned,1,55,MEDIUM,62.0,585.0,362.7,Send checkout reminder
15223,755.75,2,213,37.7875,2011-04-28 11:31:00,United Kingdom,225,checkout_abandoned,checkout_abandoned,1,55,MEDIUM,62.0,755.75,468.565,Send checkout reminder
15224,322.08,2,152,23.005714285714284,2010-12-16 15:02:00,United Kingdom,357,checkout_abandoned,checkout_abandoned,1,55,MEDIUM,62.0,322.08,199.68959999999998,Send checkout reminder
15225,409.40000000000003,1,226,17.8,2011-04-19 14:51:00,United Kingdom,233,checkout_abandoned,checkout_abandoned,1,55,MEDIUM,62.0,409.40000000000003,253.82800000000003,Send checkout reminder
15226,154.41,1,71,19.30125,2011-02-02 11:41:00,United Kingdom,310,checkout_abandoned,checkout_abandoned,1,55,MEDIUM,62.0,154.41,95.7342,Send checkout reminder
15227,1219.4,5,750,21.024137931034485,2011-11-03 11:59:00,United Kingdom,36,successful,none,0,0,LOW,95.0,1219.4,1158.43,No action required
15228,3386.71,4,2255,27.09368,2011-10-04 13:56:00,United Kingdom,65,payment_failed,card_expired,1,40,MEDIUM,71.0,3386.71,2404.5641,Send payment recovery link
15230,429.6,2,351,18.678260869565218,2011-04-14 14:39:00,United Kingdom,238,checkout_abandoned,checkout_abandoned,1,55,MEDIUM,62.0,429.6,266.35200000000003,Send checkout reminder
15232,612.06,2,686,19.743870967741934,2011-08-18 16:27:00,United Kingdom,112,subscription_failed,insufficient_funds,1,60,MEDIUM,59.0,612.06,361.1153999999999,Retry payment + reminder
15234,197.0,1,196,14.071428571428571,2011-03-08 08:53:00,United Kingdom,276,checkout_abandoned,checkout_abandoned,1,55,MEDIUM,62.0,197.0,122.14,Send checkout reminder
15235,2247.51,12,1324,15.716853146853149,2011-05-06 09:44:00,United Kingdom,217,checkout_abandoned,checkout_abandoned,1,55,MEDIUM,62.0,2247.51,1393.4562000000003,Send checkout reminder
15236,321.05,1,269,21.403333333333332,2011-02-14 10:52:00,United Kingdom,298,checkout_abandoned,checkout_abandoned,1,55,MEDIUM,62.0,321.05,199.05100000000002,Send checkout reminder
15237,1412.32,4,1071,14.265858585858584,2011-12-08 09:46:00,United Kingdom,1,successful,none,0,0,LOW,95.0,1412.32,1341.704,No action required
15238,1071.99,3,692,21.4398,2011-11-10 14:28:00,United Kingdom,28,successful,none,0,0,LOW,95.0,1071.99,1018.3905,No action required
15239,780.59,2,594,15.930408163265307,2011-11-29 14:14:00,United Kingdom,9,successful,none,0,0,LOW,95.0,780.59,741.5605,No action required
15240,1706.57,5,1369,21.879102564102563,2011-10-26 09:50:00,United Kingdom,44,successful,none,0,0,LOW,95.0,1706.57,1621.2414999999999,No action required
15241,1756.44,8,1818,15.967636363636364,2011-10-04 09:05:00,United Kingdom,66,payment_failed,card_expired,1,40,MEDIUM,71.0,1756.44,1247.0724,Send payment recovery link
15243,316.68,1,185,14.394545454545455,2011-09-26 14:12:00,United Kingdom,73,payment_failed,card_expired,1,40,MEDIUM,71.0,316.68,224.84279999999998,Send payment recovery link
15244,631.57,2,405,18.57558823529412,2011-10-05 13:19:00,United Kingdom,64,payment_failed,card_expired,1,40,MEDIUM,71.0,631.57,448.41470000000004,Send payment recovery link
15245,2515.84,3,1784,28.267865168539327,2011-07-28 18:56:00,United Kingdom,133,subscription_failed,insufficient_funds,1,60,MEDIUM,59.0,2515.84,1484.3455999999999,Retry payment + reminder
15246,514.15,2,247,15.58030303030303,2011-04-15 14:45:00,United Kingdom,237,checkout_abandoned,checkout_abandoned,1,55,MEDIUM,62.0,514.15,318.77299999999997,Send checkout reminder
15247,356.0,1,160,59.333333333333336,2011-08-09 12:52:00,United Kingdom,121,subscription_failed,insufficient_funds,1,60,MEDIUM,59.0,356.0,210.04,Retry payment + reminder
15249,6688.46,13,3577,19.109885714285713,2011-11-08 11:45:00,United Kingdom,31,successful,none,0,10,LOW,89.0,6688.46,5952.7294,No action required
15251,10484.99,11,6171,94.45936936936937,2011-11-30 15:02:00,United Kingdom,8,successful,none,0,10,LOW,89.0,10484.99,9331.6411,No action required
15252,740.78,2,522,16.83590909090909,2011-11-03 13:30:00,United Kingdom,35,successful,none,0,0,LOW,95.0,740.78,703.7409999999999,No action required
15253,918.1999999999999,5,866,17.32452830188679,2011-11-23 16:22:00,United Kingdom,15,successful,none,0,0,LOW,95.0,918.1999999999999,872.29,No action required
15254,300.36,1,275,16.686666666666667,2011-08-04 15:04:00,United Kingdom,126,subscription_failed,insufficient_funds,1,60,MEDIUM,59.0,300.36,177.2124,Retry payment + reminder
15255,890.85,1,489,18.95425531914894,2011-10-04 12:43:00,United Kingdom,66,payment_failed,card_expired,1,40,MEDIUM,71.0,890.85,632.5035,Send payment recovery link
15256,98.45,1,55,16.408333333333335,2011-07-14 11:47:00,United Kingdom,148,subscription_failed,insufficient_funds,1,60,MEDIUM,59.0,98.45,58.0855,Retry payment + reminder
15257,317.15,1,46,45.30714285714286,2011-03-01 12:58:00,United Kingdom,282,checkout_abandoned,checkout_abandoned,1,55,MEDIUM,62.0,317.15,196.63299999999998,Send checkout reminder
15258,623.16,2,142,18.328235294117647,2011-06-24 12:30:00,United Kingdom,168,subscription_failed,insufficient_funds,1,60,MEDIUM,59.0,623.16,367.66439999999994,Retry payment + reminder
15260,1810.77,7,885,23.516493506493507,2011-08-31 13:55:00,United Kingdom,99,subscription_failed,insufficient_funds,1,60,MEDIUM,59.0,1810.77,1068.3543,Retry payment + reminder
15261,254.82,1,270,13.41157894736842,2011-07-27 15:20:00,United Kingdom,134,subscription_failed,insufficient_funds,1,60,MEDIUM,59.0,254.82,150.3438,Retry payment + reminder
15262,178.95000000000002,1,73,17.895000000000003,2011-01-20 12:16:00,United Kingdom,323,checkout_abandoned,checkout_abandoned,1,55,MEDIUM,62.0,178.95000000000002,110.94900000000001,Send checkout reminder
15263,156.51,1,89,13.042499999999999,2011-08-25 10:26:00,United Kingdom,106,subscription_failed,insufficient_funds,1,60,MEDIUM,59.0,156.51,92.3409,Retry payment + reminder
15264,393.74,1,265,17.11913043478261,2011-10-06 13:49:00,United Kingdom,63,payment_failed,card_expired,1,40,MEDIUM,71.0,393.74,279.5554,Send payment recovery link
15265,1506.1200000000001,2,612,18.36731707317073,2011-07-11 14:46:00,United Kingdom,150,subscription_failed,insufficient_funds,1,60,MEDIUM,59.0,1506.1200000000001,888.6108,Retry payment + reminder
15266,119.3,1,18,19.883333333333333,2011-01-05 13:40:00,United Kingdom,337,checkout_abandoned,checkout_abandoned,1,55,MEDIUM,62.0,119.3,73.966,Send checkout reminder
15267,1717.36,5,944,156.12363636363636,2011-11-17 15:59:00,United Kingdom,21,successful,none,0,0,LOW,95.0,1717.36,1631.4919999999997,No action required
15269,408.8,1,26,204.4,2011-11-16 09:32:00,United Kingdom,23,successful,none,0,0,LOW,95.0,408.8,388.36,No action required
15270,2379.49,7,1521,58.03634146341463,2011-11-24 09:24:00,United Kingdom,15,successful,none,0,0,LOW,95.0,2379.49,2260.5155,No action required
15271,2507.07,15,1262,9.149890510948905,2011-12-02 14:11:00,United Kingdom,6,successful,none,0,0,LOW,95.0,2507.07,2381.7165000000005,No action required
15272,721.94,2,310,11.45936507936508,2011-10-13 12:59:00,United Kingdom,56,payment_failed,card_expired,1,40,MEDIUM,71.0,721.94,512.5774,Send payment recovery link
15274,716.57,2,619,15.246170212765959,2011-12-05 16:57:00,United Kingdom,3,successful,none,0,0,LOW,95.0,716.57,680.7415000000001,No action required
15275,615.14,1,498,15.003414634146342,2011-11-02 11:20:00,United Kingdom,37,successful,none,0,0,LOW,95.0,615.14,584.3829999999999,No action required
15276,135.31,1,64,2.602115384615385,2011-10-04 16:39:00,United Kingdom,65,payment_failed,card_expired,1,40,MEDIUM,71.0,135.31,96.0701,Send payment recovery link
15277,255.89999999999998,1,205,21.325,2011-10-24 10:08:00,United Kingdom,46,payment_failed,card_expired,1,40,MEDIUM,71.0,255.89999999999998,181.68899999999996,Send payment recovery link
15279,290.51,1,189,15.29,2010-12-20 10:48:00,United Kingdom,354,checkout_abandoned,checkout_abandoned,1,55,MEDIUM,62.0,290.51,180.1162,Send checkout reminder
15280,113.12,1,154,7.07,2011-06-20 17:14:00,United Kingdom,171,subscription_failed,insufficient_funds,1,60,MEDIUM,59.0,113.12,66.7408,Retry payment + reminder
15281,2332.15,9,1211,16.778057553956835,2011-10-12 09:10:00,United Kingdom,58,payment_failed,card_expired,1,40,MEDIUM,71.0,2332.15,1655.8265,Send payment recovery link
15286,240.55,1,55,80.18333333333334,2011-10-21 11:08:00,United Kingdom,49,payment_failed,card_expired,1,40,MEDIUM,71.0,240.55,170.79049999999998,Send payment recovery link
15287,486.69,2,433,24.3345,2011-11-17 15:34:00,United Kingdom,21,successful,none,0,0,LOW,95.0,486.69,462.3555,No action required
15288,2306.52,5,775,26.210454545454546,2011-10-27 16:58:00,United Kingdom,42,successful,none,0,0,LOW,95.0,2306.52,2191.194,No action required
15289,939.78,3,1008,16.20310344827586,2011-11-10 13:49:00,United Kingdom,28,successful,none,0,0,LOW,95.0,939.78,892.7909999999999,No action required
15290,7943.22,18,4501,38.93735294117647,2011-12-05 11:39:00,United Kingdom,4,successful,none,0,10,LOW,89.0,7943.22,7069.465800000001,No action required
15291,4668.3,15,2103,45.32330097087379,2011-11-14 11:02:00,United Kingdom,25,successful,none,0,0,LOW,95.0,4668.3,4434.885,No action required
15292,180.94,1,56,7.2376,2011-05-22 15:00:00,United Kingdom,200,checkout_abandoned,checkout_abandoned,1,55,MEDIUM,62.0,180.94,112.1828,Send checkout reminder
15296,3672.86,6,1766,18.932268041237116,2011-10-20 11:47:00,United Kingdom,50,payment_failed,card_expired,1,40,MEDIUM,71.0,3672.86,2607.7306,Send payment recovery link
15297,641.94,3,292,16.46,2011-11-29 16:32:00,United Kingdom,9,successful,none,0,0,LOW,95.0,641.94,609.8430000000001,No action required
15298,4799.9,12,3116,24.999479166666664,2011-12-07 17:17:00,United Kingdom,1,successful,none,0,0,LOW,95.0,4799.9,4559.905,No action required
15299,4507.01,7,2948,643.8585714285715,2011-10-03 14:19:00,United Kingdom,66,payment_failed,card_expired,1,40,MEDIUM,71.0,4507.01,3199.9771,Send payment recovery link
15300,496.44,1,292,17.73,2011-10-06 17:08:00,United Kingdom,63,payment_failed,card_expired,1,40,MEDIUM,71.0,496.44,352.4724,Send payment recovery link
15301,5070.35,12,2775,20.865637860082305,2011-10-20 09:57:00,United Kingdom,50,payment_failed,card_expired,1,50,MEDIUM,65.0,5070.35,3295.7275,Send payment recovery link
15303,574.02,1,248,18.516774193548386,2011-02-22 13:59:00,United Kingdom,289,checkout_abandoned,checkout_abandoned,1,55,MEDIUM,62.0,574.02,355.89239999999995,Send checkout reminder
15304,694.4000000000001,8,104,30.19130434782609,2011-10-10 10:23:00,United Kingdom,60,payment_failed,card_expired,1,40,MEDIUM,71.0,694.4000000000001,493.0240000000001,Send payment recovery link
15306,1174.35,3,810,20.247413793103448,2011-10-06 12:56:00,United Kingdom,63,payment_failed,card_expired,1,40,MEDIUM,71.0,1174.35,833.7884999999999,Send payment recovery link
15307,205.3,1,37,17.108333333333334,2011-09-05 11:38:00,United Kingdom,95,subscription_failed,insufficient_funds,1,60,MEDIUM,59.0,205.3,121.12700000000001,Retry payment + reminder
15308,310.47,1,175,16.340526315789475,2011-03-10 13:08:00,United Kingdom,273,checkout_abandoned,checkout_abandoned,1,55,MEDIUM,62.0,310.47,192.49140000000003,Send checkout reminder
15311,60767.9,91,38194,25.543463640184953,2011-12-09 12:00:00,United Kingdom,0,successful,none,0,10,LOW,89.0,60767.9,54083.431000000004,No action required
15312,924.85,4,516,19.677659574468084,2011-09-25 13:10:00,United Kingdom,74,payment_failed,card_expired,1,40,MEDIUM,71.0,924.85,656.6435,Send payment recovery link
15313,52.0,1,25,52.0,2011-08-21 16:02:00,United Kingdom,109,subscription_failed,insufficient_funds,1,60,MEDIUM,59.0,52.0,30.68,Retry payment + reminder
15314,327.97,1,313,13.665416666666667,2011-05-24 14:39:00,United Kingdom,198,checkout_abandoned,checkout_abandoned,1,55,MEDIUM,62.0,327.97,203.34140000000002,Send checkout reminder
15315,570.5,2,862,15.41891891891892,2011-10-06 12:51:00,United Kingdom,63,payment_failed,card_expired,1,40,MEDIUM,71.0,570.5,405.055,Send payment recovery link
15316,165.0,1,100,165.0,2011-01-17 11:34:00,United Kingdom,326,checkout_abandoned,checkout_abandoned,1,55,MEDIUM,62.0,165.0,102.3,Send checkout reminder
15318,312.62,1,642,9.473333333333333,2011-12-06 11:30:00,United Kingdom,3,successful,none,0,0,LOW,95.0,312.62,296.98900000000003,No action required
15319,204.5,1,175,12.78125,2011-03-01 12:48:00,United Kingdom,283,checkout_abandoned,checkout_abandoned,1,55,MEDIUM,62.0,204.5,126.79,Send checkout reminder
15320,267.13,1,326,7.420277777777778,2011-10-26 13:27:00,United Kingdom,43,successful,none,0,0,LOW,95.0,267.13,253.77349999999998,No action required
15321,2748.31,3,1181,28.92957894736842,2011-09-30 09:40:00,United Kingdom,70,payment_failed,card_expired,1,40,MEDIUM,71.0,2748.31,1951.3001000000002,Send payment recovery link
15322,679.68,1,416,16.18285714285714,2011-09-15 09:34:00,United Kingdom,85,payment_failed,card_expired,1,40,MEDIUM,71.0,679.68,482.5728,Send payment recovery link
15325,162.29,1,232,3.3120408163265305,2011-08-28 11:55:00,United Kingdom,103,subscription_failed,insufficient_funds,1,60,MEDIUM,59.0,162.29,95.7511,Retry payment + reminder
15326,311.71,1,386,10.748620689655171,2011-01-10 11:38:00,United Kingdom,333,checkout_abandoned,checkout_abandoned,1,55,MEDIUM,62.0,311.71,193.2602,Send checkout reminder
15327,208.75,1,116,20.875,2011-10-18 11:55:00,United Kingdom,52,payment_failed,card_expired,1,40,MEDIUM,71.0,208.75,148.2125,Send payment recovery link
15329,1049.7,3,486,18.41578947368421,2011-10-31 15:36:00,United Kingdom,38,successful,none,0,0,LOW,95.0,1049.7,997.215,No action required
15330,714.96,2,1312,54.99692307692308,2011-11-07 17:50:00,United Kingdom,31,successful,none,0,0,LOW,95.0,714.96,679.212,No action required
15332,1661.06,4,652,47.45885714285714,2010-12-08 14:43:00,Lithuania,365,checkout_abandoned,checkout_abandoned,1,55,MEDIUM,62.0,1661.06,1029.8572,Send checkout reminder
15333,1028.56,1,344,64.285,2011-05-15 13:27:00,United Kingdom,207,checkout_abandoned,checkout_abandoned,1,55,MEDIUM,62.0,1028.56,637.7072,Send checkout reminder
15334,351.67,3,274,3.5522222222222224,2011-07-06 11:22:00,United Kingdom,156,subscription_failed,insufficient_funds,1,60,MEDIUM,59.0,351.67,207.48530000000002,Retry payment + reminder
15335,173.97,1,80,4.8325,2011-10-17 12:50:00,United Kingdom,53,payment_failed,card_expired,1,40,MEDIUM,71.0,173.97,123.51870000000001,Send payment recovery link
15339,574.07,2,416,6.675232558139536,2011-10-04 12:51:00,United Kingdom,65,payment_failed,card_expired,1,40,MEDIUM,71.0,574.07,407.5897,Send payment recovery link
15341,2020.52,1,812,118.85411764705883,2011-09-20 09:40:00,United Kingdom,80,payment_failed,card_expired,1,40,MEDIUM,71.0,2020.52,1434.5692000000001,Send payment recovery link
15342,406.09,1,283,16.920416666666664,2011-08-02 10:19:00,United Kingdom,129,subscription_failed,insufficient_funds,1,60,MEDIUM,59.0,406.09,239.59309999999996,Retry payment + reminder
15343,364.5,1,84,17.357142857142858,2011-09-13 13:55:00,United Kingdom,86,payment_failed,card_expired,1,40,MEDIUM,71.0,364.5,258.795,Send payment recovery link
15344,563.94,3,116,21.69,2011-12-09 10:45:00,United Kingdom,0,successful,none,0,0,LOW,95.0,563.94,535.743,No action required
15345,393.54,1,81,19.677,2011-10-25 11:28:00,United Kingdom,45,successful,none,0,0,LOW,95.0,393.54,373.86300000000006,No action required
15346,252.42000000000002,1,144,14.848235294117648,2011-01-11 11:18:00,United Kingdom,332,checkout_abandoned,checkout_abandoned,1,55,MEDIUM,62.0,252.42000000000002,156.5004,Send checkout reminder
15347,201.60000000000002,1,130,40.32000000000001,2010-12-08 15:25:00,United Kingdom,365,checkout_abandoned,checkout_abandoned,1,55,MEDIUM,62.0,201.60000000000002,124.992,Send checkout reminder
15348,158.04,1,84,17.56,2011-09-28 13:17:00,United Kingdom,71,payment_failed,card_expired,1,40,MEDIUM,71.0,158.04,112.2084,Send payment recovery link
15349,473.81,2,327,6.580694444444444,2011-07-04 16:06:00,United Kingdom,157,subscription_failed,insufficient_funds,1,60,MEDIUM,59.0,473.81,279.5479,Retry payment + reminder
15350,115.65,1,51,23.130000000000003,2010-12-01 13:33:00,United Kingdom,372,checkout_abandoned,checkout_abandoned,1,55,MEDIUM,62.0,115.65,71.703,Send checkout reminder
15351,1960.1100000000001,7,753,8.7116,2011-11-27 12:52:00,United Kingdom,11,successful,none,0,0,LOW,95.0,1960.1100000000001,1862.1045000000001,No action required
15353,777.02,2,343,12.333650793650794,2011-03-30 12:15:00,United Kingdom,254,checkout_abandoned,checkout_abandoned,1,55,MEDIUM,62.0,777.02,481.75239999999997,Send checkout reminder
15355,277.05,2,45,19.789285714285715,2011-11-10 13:44:00,United Kingdom,28,successful,none,0,0,LOW,95.0,277.05,263.1975,No action required
15356,2766.5,10,1673,5.330443159922929,2011-11-08 13:11:00,United Kingdom,30,successful,none,0,0,LOW,95.0,2766.5,2628.175,No action required
15358,8347.2,22,7050,15.149183303085302,2011-12-05 09:04:00,United Kingdom,4,successful,none,0,10,LOW,89.0,8347.2,7429.008000000001,No action required
15360,427.93,1,223,32.917692307692306,2011-10-31 09:35:00,United Kingdom,39,successful,none,0,0,LOW,95.0,427.93,406.5335,No action required
15361,418.92,1,336,59.84571428571429,2010-12-13 09:52:00,United Kingdom,361,checkout_abandoned,checkout_abandoned,1,55,MEDIUM,62.0,418.92,259.73040000000003,Send checkout reminder
15363,326.0,1,144,20.375,2010-12-02 12:28:00,United Kingdom,372,checkout_abandoned,checkout_abandoned,1,55,MEDIUM,62.0,326.0,202.12,Send checkout reminder
15364,913.19,2,493,31.489310344827587,2011-09-05 09:46:00,United Kingdom,95,subscription_failed,insufficient_funds,1,60,MEDIUM,59.0,913.19,538.7821,Retry payment + reminder
15365,2314.32,7,1084,20.301052631578948,2011-11-14 08:29:00,United Kingdom,25,successful,none,0,0,LOW,95.0,2314.32,2198.6040000000003,No action required
15366,602.51,2,621,13.69340909090909,2011-09-25 15:01:00,United Kingdom,74,payment_failed,card_expired,1,40,MEDIUM,71.0,602.51,427.7821,Send payment recovery link
15367,1877.59,4,1057,19.764105263157894,2011-10-13 14:13:00,United Kingdom,56,payment_failed,card_expired,1,40,MEDIUM,71.0,1877.59,1333.0888999999997,Send payment recovery link
15368,446.94000000000005,1,230,111.73500000000001,2011-11-18 14:42:00,United Kingdom,20,successful,none,0,0,LOW,95.0,446.94000000000005,424.593,No action required
15370,2386.05,7,830,25.383510638297874,2011-10-30 10:58:00,United Kingdom,40,successful,none,0,0,LOW,95.0,2386.05,2266.7475000000004,No action required
15372,2007.3999999999999,1,2924,74.34814814814814,2011-07-25 16:39:00,United Kingdom,136,subscription_failed,insufficient_funds,1,60,MEDIUM,59.0,2007.3999999999999,1184.366,Retry payment + reminder
15373,2415.91,12,500,18.302348484848483,2011-12-01 15:05:00,United Kingdom,7,successful,none,0,0,LOW,95.0,2415.91,2295.1144999999997,No action required
15374,168.0,1,126,56.0,2011-08-03 09:59:00,United Kingdom,128,subscription_failed,insufficient_funds,1,60,MEDIUM,59.0,168.0,99.12,Retry payment + reminder
15376,1233.3600000000001,3,619,10.541538461538462,2011-10-30 15:04:00,United Kingdom,39,successful,none,0,0,LOW,95.0,1233.3600000000001,1171.692,No action required
15379,3703.29,7,2305,19.089123711340207,2011-06-23 13:13:00,United Kingdom,168,subscription_failed,insufficient_funds,1,60,MEDIUM,59.0,3703.29,2184.9411,Retry payment + reminder
15380,1690.2600000000002,5,376,46.951666666666675,2011-12-01 12:13:00,United Kingdom,8,successful,none,0,0,LOW,95.0,1690.2600000000002,1605.747,No action required
15381,596.85,2,171,74.60625,2011-05-10 11:55:00,United Kingdom,213,checkout_abandoned,checkout_abandoned,1,55,MEDIUM,62.0,596.85,370.047,Send checkout reminder
15382,5955.71,6,4012,19.7208940397351,2011-11-25 10:58:00,United Kingdom,14,successful,none,0,10,LOW,89.0,5955.71,5300.581900000001,No action required
15384,642.41,2,596,15.668536585365853,2011-06-23 10:57:00,United Kingdom,169,subscription_failed,insufficient_funds,1,60,MEDIUM,59.0,642.41,379.02189999999996,Retry payment + reminder
15385,316.88,1,161,26.406666666666666,2011-10-30 15:11:00,United Kingdom,39,successful,none,0,0,LOW,95.0,316.88,301.036,No action required
15386,394.14,1,446,12.714193548387096,2011-06-06 13:47:00,United Kingdom,185,checkout_abandoned,checkout_abandoned,1,55,MEDIUM,62.0,394.14,244.3668,Send checkout reminder
15388,140.54,1,88,14.053999999999998,2011-03-14 13:53:00,Canada,269,checkout_abandoned,checkout_abandoned,1,55,MEDIUM,62.0,140.54,87.1348,Send checkout reminder
15389,500.0,1,400,500.0,2011-06-20 16:18:00,United Kingdom,171,subscription_failed,insufficient_funds,1,60,MEDIUM,59.0,500.0,295.0,Retry payment + reminder
15392,1535.53,4,1277,18.280119047619046,2011-12-05 11:01:00,United Kingdom,4,successful,none,0,0,LOW,95.0,1535.53,1458.7535,No action required
15393,231.86,2,150,19.32166666666667,2011-11-23 16:48:00,United Kingdom,15,successful,none,0,0,LOW,95.0,231.86,220.267,No action required
15394,2183.54,4,910,25.68870588235294,2011-11-30 11:49:00,United Kingdom,9,successful,none,0,0,LOW,95.0,2183.54,2074.363,No action required
15395,107.45,1,17,15.35,2011-01-18 12:40:00,United Kingdom,325,checkout_abandoned,checkout_abandoned,1,55,MEDIUM,62.0,107.45,66.619,Send checkout reminder
15396,288.18,1,122,20.584285714285716,2011-08-19 10:56:00,United Kingdom,112,subscription_failed,insufficient_funds,1,60,MEDIUM,59.0,288.18,170.0262,Retry payment + reminder
15397,94.0,1,20,15.666666666666666,2011-02-23 09:25:00,United Kingdom,289,checkout_abandoned,checkout_abandoned,1,55,MEDIUM,62.0,94.0,58.28,Send checkout reminder
15398,1345.53,2,769,18.43191780821918,2011-11-23 16:47:00,United Kingdom,15,successful,none,0,0,LOW,95.0,1345.53,1278.2534999999998,No action required
15399,815.77,3,611,16.3154,2011-12-08 13:04:00,United Kingdom,0,successful,none,0,0,LOW,95.0,815.77,774.9815,No action required
15400,716.2,5,390,59.68333333333334,2011-09-08 13:57:00,United Kingdom,91,subscription_failed,insufficient_funds,1,60,MEDIUM,59.0,716.2,422.55800000000005,Retry payment + reminder
15402,626.77,2,694,14.923095238095238,2011-07-14 12:17:00,United Kingdom,148,subscription_failed,insufficient_funds,1,60,MEDIUM,59.0,626.77,369.7943,Retry payment + reminder
15405,349.1,1,193,43.6375,2011-06-03 14:44:00,United Kingdom,188,checkout_abandoned,checkout_abandoned,1,55,MEDIUM,62.0,349.1,216.442,Send checkout reminder
15406,510.71000000000004,2,254,9.636037735849058,2011-11-08 13:22:00,United Kingdom,30,successful,none,0,0,LOW,95.0,510.71000000000004,485.1745,No action required
15407,1056.44,4,558,6.90483660130719,2011-11-06 11:55:00,United Kingdom,33,successful,none,0,0,LOW,95.0,1056.44,1003.618,No action required
15408,267.18,1,106,7.858235294117647,2011-03-20 15:02:00,United Kingdom,263,checkout_abandoned,checkout_abandoned,1,55,MEDIUM,62.0,267.18,165.6516,Send checkout reminder
15410,3450.84,8,1200,28.285573770491805,2011-09-16 14:47:00,United Kingdom,83,payment_failed,card_expired,1,40,MEDIUM,71.0,3450.84,2450.0964000000004,Send payment recovery link
15411,1358.88,4,530,13.726060606060607,2011-11-13 15:19:00,United Kingdom,25,successful,none,0,0,LOW,95.0,1358.88,1290.9360000000001,No action required
15412,190.53,1,108,19.053,2011-06-21 15:24:00,United Kingdom,170,subscription_failed,insufficient_funds,1,60,MEDIUM,59.0,190.53,112.4127,Retry payment + reminder
15414,774.9000000000001,3,443,19.86923076923077,2011-11-30 09:50:00,United Kingdom,9,successful,none,0,0,LOW,95.0,774.9000000000001,736.1550000000002,No action required
15415,572.8100000000001,1,575,11.933541666666668,2011-01-30 14:13:00,United Kingdom,312,checkout_abandoned,checkout_abandoned,1,55,MEDIUM,62.0,572.8100000000001,355.1422,Send checkout reminder
15416,3984.32,4,2090,20.75166666666667,2011-10-06 09:38:00,United Kingdom,64,payment_failed,card_expired,1,40,MEDIUM,71.0,3984.32,2828.8672,Send payment recovery link
15417,508.8,1,284,18.17142857142857,2011-09-15 15:26:00,United Kingdom,84,payment_failed,card_expired,1,40,MEDIUM,71.0,508.8,361.24800000000005,Send payment recovery link
15419,135.86,1,230,16.9825,2011-11-15 09:23:00,United Kingdom,24,successful,none,0,0,LOW,95.0,135.86,129.067,No action required
15421,950.36,4,500,17.93132075471698,2011-10-12 09:20:00,United Kingdom,58,payment_failed,card_expired,1,40,MEDIUM,71.0,950.36,674.7556,Send payment recovery link
15422,97.7,2,38,16.283333333333335,2011-01-20 16:17:00,United Kingdom,322,checkout_abandoned,checkout_abandoned,1,55,MEDIUM,62.0,97.7,60.574000000000005,Send checkout reminder
15423,43.5,1,101,21.75,2011-11-01 14:01:00,United Kingdom,37,successful,none,0,0,LOW,95.0,43.5,41.325,No action required
15424,383.34,2,554,22.54941176470588,2011-03-30 13:02:00,United Kingdom,253,checkout_abandoned,checkout_abandoned,1,55,MEDIUM,62.0,383.34,237.67079999999999,Send checkout reminder
15426,1447.39,5,674,4.956815068493151,2011-11-20 15:36:00,United Kingdom,18,successful,none,0,0,LOW,95.0,1447.39,1375.0205,No action required
15427,1483.14,3,1013,4.84686274509804,2011-11-06 14:29:00,United Kingdom,32,successful,none,0,0,LOW,95.0,1483.14,1408.9830000000002,No action required
15428,93.78,1,102,15.63,2011-11-24 16:54:00,United Kingdom,14,successful,none,0,0,LOW,95.0,93.78,89.09100000000001,No action required
15429,397.35,2,380,4.845731707317073,2011-11-13 12:28:00,United Kingdom,26,successful,none,0,0,LOW,95.0,397.35,377.4825,No action required
15432,171.19,1,65,17.119,2011-11-16 16:30:00,United Kingdom,22,successful,none,0,0,LOW,95.0,171.19,162.63049999999998,No action required
15433,533.3,2,534,13.00731707317073,2011-05-10 10:45:00,United Kingdom,213,checkout_abandoned,checkout_abandoned,1,55,MEDIUM,62.0,533.3,330.64599999999996,Send checkout reminder
15434,1041.48,5,647,18.936,2011-12-01 13:33:00,United Kingdom,7,successful,none,0,0,LOW,95.0,1041.48,989.4060000000001,No action required
15435,149.29,1,54,5.147931034482759,2011-11-17 16:39:00,United Kingdom,21,successful,none,0,0,LOW,95.0,149.29,141.8255,No action required
15436,1122.53,3,613,3.4119452887537993,2011-11-27 16:05:00,United Kingdom,11,successful,none,0,0,LOW,95.0,1122.53,1066.4035,No action required
15437,200.16,1,79,4.4479999999999995,2011-03-22 13:11:00,United Kingdom,261,checkout_abandoned,checkout_abandoned,1,55,MEDIUM,62.0,200.16,124.0992,Send checkout reminder
15438,156.57999999999998,1,59,6.263199999999999,2011-07-31 14:19:00,United Kingdom,130,subscription_failed,insufficient_funds,1,60,MEDIUM,59.0,156.57999999999998,92.3822,Retry payment + reminder
15440,383.68,3,197,6.188387096774194,2011-10-16 12:16:00,United Kingdom,54,payment_failed,card_expired,1,40,MEDIUM,71.0,383.68,272.4128,Send payment recovery link
15442,594.0,1,120,297.0,2011-04-05 12:24:00,United Kingdom,248,checkout_abandoned,checkout_abandoned,1,55,MEDIUM,62.0,594.0,368.28,Send checkout reminder
15443,3236.91,7,1663,8.473586387434555,2011-12-08 10:40:00,United Kingdom,1,successful,none,0,0,LOW,95.0,3236.91,3075.0645,No action required
15444,1418.26,2,764,6.476073059360731,2011-11-30 17:37:00,United Kingdom,8,successful,none,0,0,LOW,95.0,1418.26,1347.3470000000002,No action required
15445,113.5,1,58,22.7,2011-03-20 15:06:00,United Kingdom,263,checkout_abandoned,checkout_abandoned,1,55,MEDIUM,62.0,113.5,70.37,Send checkout reminder
15447,155.17,1,85,17.24111111111111,2011-01-13 11:26:00,United Kingdom,330,checkout_abandoned,checkout_abandoned,1,55,MEDIUM,62.0,155.17,96.2054,Send checkout reminder
15448,494.64,1,232,17.665714285714284,2011-01-31 10:42:00,United Kingdom,312,checkout_abandoned,checkout_abandoned,1,55,MEDIUM,62.0,494.64,306.6768,Send checkout reminder
15449,974.52,3,812,16.242,2011-11-13 15:02:00,United Kingdom,25,successful,none,0,0,LOW,95.0,974.52,925.794,No action required
15450,429.84,1,376,14.328,2011-11-09 17:11:00,United Kingdom,29,successful,none,0,0,LOW,95.0,429.84,408.34799999999996,No action required
15452,538.73,3,283,9.28844827586207,2011-11-10 12:13:00,United Kingdom,29,successful,none,0,0,LOW,95.0,538.73,511.7935,No action required
15453,1388.37,7,845,4.854440559440559,2011-12-08 10:59:00,United Kingdom,1,successful,none,0,0,LOW,95.0,1388.37,1318.9515,No action required
15454,179.1,1,86,7.164,2010-12-12 14:21:00,United Kingdom,361,checkout_abandoned,checkout_abandoned,1,55,MEDIUM,62.0,179.1,111.04199999999999,Send checkout reminder
15456,447.22,3,660,7.453666666666667,2011-03-01 13:51:00,United Kingdom,282,checkout_abandoned,checkout_abandoned,1,55,MEDIUM,62.0,447.22,277.2764,Send checkout reminder
15457,237.07,1,132,4.087413793103448,2011-03-22 15:31:00,United Kingdom,261,checkout_abandoned,checkout_abandoned,1,55,MEDIUM,62.0,237.07,146.9834,Send checkout reminder
15458,161.64,1,156,23.09142857142857,2011-11-14 13:08:00,United Kingdom,24,successful,none,0,0,LOW,95.0,161.64,153.558,No action required
15460,216.76,1,109,3.7372413793103445,2010-12-20 16:08:00,United Kingdom,353,checkout_abandoned,checkout_abandoned,1,55,MEDIUM,62.0,216.76,134.3912,Send checkout reminder
15462,234.6,3,172,21.327272727272728,2011-09-06 13:11:00,United Kingdom,93,subscription_failed,insufficient_funds,1,60,MEDIUM,59.0,234.6,138.414,Retry payment + reminder
15463,126.14,1,106,18.02,2011-11-10 12:57:00,United Kingdom,28,successful,none,0,0,LOW,95.0,126.14,119.833,No action required
15464,1048.85,1,350,6.680573248407643,2011-01-05 15:56:00,United Kingdom,337,checkout_abandoned,checkout_abandoned,1,55,MEDIUM,62.0,1048.85,650.2869999999999,Send checkout reminder
15465,7354.62,18,1257,75.82082474226804,2011-11-20 10:11:00,United Kingdom,19,successful,none,0,10,LOW,89.0,7354.62,6545.6118,No action required
15466,334.53,1,246,5.868947368421052,2011-09-15 14:08:00,United Kingdom,84,payment_failed,card_expired,1,40,MEDIUM,71.0,334.53,237.51629999999997,Send payment recovery link
15467,524.88,3,310,10.093846153846155,2011-11-30 14:17:00,United Kingdom,8,successful,none,0,0,LOW,95.0,524.88,498.63599999999997,No action required
15468,467.51,2,155,19.479583333333334,2011-10-19 13:49:00,United Kingdom,50,payment_failed,card_expired,1,40,MEDIUM,71.0,467.51,331.9321,Send payment recovery link
15469,538.55,2,153,22.43958333333333,2011-10-20 16:21:00,United Kingdom,49,payment_failed,card_expired,1,40,MEDIUM,71.0,538.55,382.37049999999994,Send payment recovery link
15471,469.48,1,266,6.097142857142857,2011-12-07 14:12:00,United Kingdom,1,successful,none,0,0,LOW,95.0,469.48,446.006,No action required
15472,371.56,1,251,4.888947368421053,2011-08-18 15:17:00,United Kingdom,112,subscription_failed,insufficient_funds,1,60,MEDIUM,59.0,371.56,219.2204,Retry payment + reminder
15473,1771.2,7,672,161.01818181818183,2011-11-25 15:15:00,United Kingdom,13,successful,none,0,0,LOW,95.0,1771.2,1682.64,No action required
15475,454.10999999999996,1,319,15.658965517241377,2011-09-23 15:20:00,United Kingdom,76,payment_failed,card_expired,1,40,MEDIUM,71.0,454.10999999999996,322.4181,Send payment recovery link
15478,1441.42,2,585,31.33521739130435,2011-10-30 14:19:00,United Kingdom,39,successful,none,0,0,LOW,95.0,1441.42,1369.349,No action required
15480,905.5,1,303,20.122222222222224,2011-08-15 14:32:00,Malta,115,subscription_failed,insufficient_funds,1,60,MEDIUM,59.0,905.5,534.245,Retry payment + reminder
15482,11054.96,12,5020,112.80571428571427,2011-11-24 10:46:00,United Kingdom,15,successful,none,0,10,LOW,89.0,11054.96,9838.9144,No action required
15483,233.81,4,295,2.656931818181818,2011-07-01 13:07:00,United Kingdom,160,subscription_failed,insufficient_funds,1,60,MEDIUM,59.0,233.81,137.9479,Retry payment + reminder
15484,3594.31,4,3152,19.118670212765956,2011-12-08 15:03:00,United Kingdom,0,successful,none,0,0,LOW,95.0,3594.31,3414.5945,No action required
15485,2575.0,3,1306,29.941860465116278,2011-11-09 14:31:00,United Kingdom,29,successful,none,0,0,LOW,95.0,2575.0,2446.25,No action required
15488,91.32000000000001,1,73,45.660000000000004,2011-09-08 10:11:00,United Kingdom,92,subscription_failed,insufficient_funds,1,60,MEDIUM,59.0,91.32000000000001,53.8788,Retry payment + reminder
15489,1134.28,3,608,22.6856,2011-11-17 08:53:00,United Kingdom,22,successful,none,0,0,LOW,95.0,1134.28,1077.5659999999998,No action required
15491,3100.09,6,1646,20.130454545454548,2011-09-05 15:56:00,United Kingdom,94,subscription_failed,insufficient_funds,1,60,MEDIUM,59.0,3100.09,1829.0531,Retry payment + reminder
15492,659.4599999999999,2,483,18.841714285714282,2011-11-11 14:53:00,United Kingdom,27,successful,none,0,0,LOW,95.0,659.4599999999999,626.4869999999999,No action required
15493,2001.8,5,560,6.74006734006734,2011-11-07 12:04:00,United Kingdom,32,successful,none,0,0,LOW,95.0,2001.8,1901.71,No action required
15494,1299.23,2,1148,10.39384,2011-11-18 14:51:00,United Kingdom,20,successful,none,0,0,LOW,95.0,1299.23,1234.2685000000001,No action required
15497,1262.2,2,624,84.14666666666668,2011-11-22 11:51:00,United Kingdom,17,successful,none,0,0,LOW,95.0,1262.2,1199.09,No action required
15498,13316.4,27,6105,26.00859375,2011-12-07 12:48:00,United Kingdom,2,successful,none,0,10,LOW,89.0,13316.4,11851.595999999998,No action required
15500,1131.56,4,572,16.640588235294118,2011-12-01 13:47:00,United Kingdom,7,successful,none,0,0,LOW,95.0,1131.56,1074.982,No action required
15502,10384.93,12,4236,48.75553990610329,2011-11-24 12:48:00,United Kingdom,15,successful,none,0,10,LOW,89.0,10384.93,9242.5877,No action required
15503,147.09,1,74,2.1012857142857144,2010-12-12 10:57:00,United Kingdom,362,checkout_abandoned,checkout_abandoned,1,55,MEDIUM,62.0,147.09,91.1958,Send checkout reminder
15504,52.83,1,33,4.063846153846153,2011-09-19 13:45:00,United Kingdom,80,payment_failed,card_expired,1,40,MEDIUM,71.0,52.83,37.509299999999996,Send payment recovery link
15505,3610.96,5,2390,37.22639175257732,2011-10-18 07:56:00,United Kingdom,52,payment_failed,card_expired,1,40,MEDIUM,71.0,3610.96,2563.7816000000003,Send payment recovery link
15506,979.26,3,848,5.971097560975609,2011-11-17 12:11:00,United Kingdom,22,successful,none,0,0,LOW,95.0,979.26,930.297,No action required
15507,492.36,1,162,10.703478260869565,2011-06-21 11:19:00,United Kingdom,171,subscription_failed,insufficient_funds,1,60,MEDIUM,59.0,492.36,290.49240000000003,Retry payment + reminder
15508,1000.27,6,440,10.8725,2011-06-03 15:43:00,United Kingdom,188,checkout_abandoned,checkout_abandoned,1,55,MEDIUM,62.0,1000.27,620.1673999999999,Send checkout reminder
15510,250.0,1,2,250.0,2011-01-13 12:10:00,United Kingdom,330,checkout_abandoned,checkout_abandoned,1,55,MEDIUM,62.0,250.0,155.0,Send checkout reminder
15511,909.23,5,271,5.6826875,2011-11-28 09:43:00,United Kingdom,11,successful,none,0,0,LOW,95.0,909.23,863.7685,No action required
15512,121.0,2,68,17.285714285714285,2011-07-07 10:20:00,United Kingdom,155,subscription_failed,insufficient_funds,1,60,MEDIUM,59.0,121.0,71.39,Retry payment + reminder
15513,14758.220000000001,19,5709,47.91629870129871,2011-11-06 14:36:00,United Kingdom,32,successful,none,0,10,LOW,89.0,14758.220000000001,13134.8158,No action required
15514,4139.46,11,2160,23.255393258426967,2011-11-27 14:40:00,United Kingdom,11,successful,none,0,0,LOW,95.0,4139.46,3932.487,No action required
15516,62.43,3,27,4.162,2011-10-26 10:51:00,United Kingdom,44,successful,none,0,0,LOW,95.0,62.43,59.3085,No action required
15517,267.03,1,293,9.889999999999999,2011-04-20 14:02:00,United Kingdom,232,checkout_abandoned,checkout_abandoned,1,55,MEDIUM,62.0,267.03,165.55859999999996,Send checkout reminder
15518,1942.45,8,1273,9.076869158878505,2011-10-06 13:05:00,United Kingdom,63,payment_failed,card_expired,1,40,MEDIUM,71.0,1942.45,1379.1395000000002,Send payment recovery link
15520,343.5,1,314,19.083333333333332,2011-12-08 10:58:00,United Kingdom,1,successful,none,0,0,LOW,95.0,343.5,326.325,No action required
15521,3000.2,8,1836,16.217297297297296,2011-10-30 13:42:00,United Kingdom,39,successful,none,0,0,LOW,95.0,3000.2,2850.19,No action required
15522,398.84,2,573,6.99719298245614,2011-11-07 11:26:00,United Kingdom,32,successful,none,0,0,LOW,95.0,398.84,378.89799999999997,No action required
15523,412.01000000000005,1,132,41.20100000000001,2011-09-16 16:29:00,United Kingdom,83,payment_failed,card_expired,1,40,MEDIUM,71.0,412.01000000000005,292.5271,Send payment recovery link
15524,440.0,1,4,440.0,2011-11-15 12:09:00,United Kingdom,24,successful,none,0,0,LOW,95.0,440.0,418.0,No action required
15525,825.92,3,416,4.64,2011-12-07 14:43:00,United Kingdom,1,successful,none,0,0,LOW,95.0,825.92,784.6239999999999,No action required
15526,148.44,2,24,37.11,2011-11-06 15:04:00,United Kingdom,32,successful,none,0,0,LOW,95.0,148.44,141.018,No action required
15527,2429.78,8,992,14.906625766871167,2011-11-21 12:17:00,United Kingdom,18,successful,none,0,0,LOW,95.0,2429.78,2308.291,No action required
15528,229.33,1,123,8.820384615384615,2011-03-30 16:14:00,United Kingdom,253,checkout_abandoned,checkout_abandoned,1,55,MEDIUM,62.0,229.33,142.18460000000002,Send checkout reminder
15529,3995.23,11,3496,5.945282738095238,2011-11-17 11:29:00,United Kingdom,22,successful,none,0,0,LOW,95.0,3995.23,3795.4685,No action required
15530,1502.35,4,950,13.910648148148148,2011-11-18 12:25:00,United Kingdom,21,successful,none,0,0,LOW,95.0,1502.35,1427.2325,No action required
15531,2007.44,2,1105,8.804561403508773,2011-12-01 18:43:00,United Kingdom,7,successful,none,0,0,LOW,95.0,2007.44,1907.0680000000002,No action required
15532,1580.93,4,521,6.1755078125,2011-11-14 14:51:00,United Kingdom,24,successful,none,0,0,LOW,95.0,1580.93,1501.8835000000001,No action required
15533,807.57,3,289,9.729759036144578,2011-11-20 15:35:00,United Kingdom,18,successful,none,0,0,LOW,95.0,807.57,767.1915000000001,No action required
15535,536.4,4,143,7.152,2011-06-19 16:02:00,United Kingdom,172,subscription_failed,insufficient_funds,1,60,MEDIUM,59.0,536.4,316.476,Retry payment + reminder
15537,110.92,1,29,4.621666666666667,2011-06-29 13:10:00,United Kingdom,162,subscription_failed,insufficient_funds,1,60,MEDIUM,59.0,110.92,65.44279999999999,Retry payment + reminder
15539,538.46,1,410,13.133170731707319,2011-12-02 13:36:00,United Kingdom,6,successful,none,0,0,LOW,95.0,538.46,511.53700000000003,No action required
15540,213.3,1,200,14.22,2011-11-28 13:51:00,United Kingdom,10,successful,none,0,0,LOW,95.0,213.3,202.635,No action required
15541,85.13000000000001,1,49,2.9355172413793107,2011-08-17 14:58:00,United Kingdom,113,subscription_failed,insufficient_funds,1,60,MEDIUM,59.0,85.13000000000001,50.22670000000001,Retry payment + reminder
15543,127.86,1,86,4.566428571428571,2011-02-24 15:26:00,United Kingdom,287,checkout_abandoned,checkout_abandoned,1,55,MEDIUM,62.0,127.86,79.2732,Send checkout reminder
15544,3546.71,9,3109,13.693861003861004,2011-11-30 16:43:00,United Kingdom,8,successful,none,0,0,LOW,95.0,3546.71,3369.3745,No action required
15545,292.71999999999997,2,163,3.613827160493827,2011-10-16 13:24:00,United Kingdom,53,payment_failed,card_expired,1,40,MEDIUM,71.0,292.71999999999997,207.8312,Send payment recovery link
15547,4954.84,14,4032,7.058176638176638,2011-12-02 12:52:00,United Kingdom,6,successful,none,0,0,LOW,95.0,4954.84,4707.098,No action required
15549,1693.26,3,698,14.724,2011-09-23 16:22:00,United Kingdom,76,payment_failed,card_expired,1,40,MEDIUM,71.0,1693.26,1202.2146,Send payment recovery link
15550,575.63,4,295,9.43655737704918,2011-12-05 15:38:00,United Kingdom,3,successful,none,0,0,LOW,95.0,575.63,546.8485,No action required
15551,436.06,1,218,15.036551724137931,2011-11-03 12:37:00,United Kingdom,36,successful,none,0,0,LOW,95.0,436.06,414.25699999999995,No action required
15552,90.12,1,60,5.301176470588236,2011-05-06 14:47:00,United Kingdom,216,checkout_abandoned,checkout_abandoned,1,55,MEDIUM,62.0,90.12,55.87440000000001,Send checkout reminder
15553,437.23,1,451,7.807678571428572,2011-10-10 14:02:00,United Kingdom,59,payment_failed,card_expired,1,40,MEDIUM,71.0,437.23,310.43330000000003,Send payment recovery link
15554,217.2,1,74,15.514285714285714,2011-03-07 09:00:00,United Kingdom,277,checkout_abandoned,checkout_abandoned,1,55,MEDIUM,62.0,217.2,134.664,Send checkout reminder
15555,4805.17,16,4439,5.345016685205784,2011-11-27 16:19:00,United Kingdom,11,successful,none,0,0,LOW,95.0,4805.17,4564.9115,No action required
15556,279.77,1,236,9.024838709677418,2011-11-15 16:08:00,United Kingdom,23,successful,none,0,0,LOW,95.0,279.77,265.7815,No action required
15557,473.65000000000003,1,219,23.6825,2011-11-11 12:46:00,United Kingdom,28,successful,none,0,0,LOW,95.0,473.65000000000003,449.9675,No action required
15561,800.59,4,267,29.651481481481483,2011-11-28 11:07:00,United Kingdom,11,successful,none,0,0,LOW,95.0,800.59,760.5605,No action required
15562,134.55,1,39,134.55,2010-12-23 09:55:00,United Kingdom,351,checkout_abandoned,checkout_abandoned,1,55,MEDIUM,62.0,134.55,83.421,Send checkout reminder
15563,1400.44,4,1501,12.393274336283186,2011-11-17 14:50:00,United Kingdom,21,successful,none,0,0,LOW,95.0,1400.44,1330.4180000000001,No action required
15565,173.16,2,60,21.645,2011-10-20 14:33:00,United Kingdom,49,payment_failed,card_expired,1,40,MEDIUM,71.0,173.16,122.9436,Send payment recovery link
15567,186.01,1,223,26.572857142857142,2011-11-21 10:48:00,United Kingdom,18,successful,none,0,0,LOW,95.0,186.01,176.70950000000002,No action required
15568,758.29,3,461,14.307358490566036,2011-12-07 11:27:00,United Kingdom,2,successful,none,0,0,LOW,95.0,758.29,720.3755,No action required
15569,1375.71,5,666,44.377741935483876,2011-08-28 10:15:00,United Kingdom,103,subscription_failed,insufficient_funds,1,60,MEDIUM,59.0,1375.71,811.6689,Retry payment + reminder
15570,4165.52,12,2067,12.896346749226007,2011-12-02 14:47:00,United Kingdom,6,successful,none,0,0,LOW,95.0,4165.52,3957.244,No action required
15571,650.4300000000001,4,264,11.411052631578949,2011-11-28 10:02:00,United Kingdom,11,successful,none,0,0,LOW,95.0,650.4300000000001,617.9085,No action required
15572,2552.86,7,1229,11.873767441860466,2011-12-05 10:09:00,United Kingdom,4,successful,none,0,0,LOW,95.0,2552.86,2425.217,No action required
15573,607.45,2,363,5.840865384615385,2011-11-08 11:38:00,United Kingdom,31,successful,none,0,0,LOW,95.0,607.45,577.0775000000001,No action required
15574,702.25,4,349,4.180059523809524,2011-06-15 12:01:00,United Kingdom,177,subscription_failed,insufficient_funds,1,60,MEDIUM,59.0,702.25,414.3275,Retry payment + reminder
15576,940.6700000000001,1,404,20.90377777777778,2011-11-02 12:03:00,United Kingdom,37,successful,none,0,0,LOW,95.0,940.6700000000001,893.6365000000001,No action required
15577,258.88,3,89,6.637948717948718,2011-07-11 17:03:00,United Kingdom,150,subscription_failed,insufficient_funds,1,60,MEDIUM,59.0,258.88,152.7392,Retry payment + reminder
15578,127.1,1,52,9.776923076923076,2011-06-30 13:03:00,United Kingdom,161,subscription_failed,insufficient_funds,1,60,MEDIUM,59.0,127.1,74.98899999999999,Retry payment + reminder
15579,348.6,2,120,6.835294117647059,2011-10-02 12:45:00,United Kingdom,68,payment_failed,card_expired,1,40,MEDIUM,71.0,348.6,247.50600000000003,Send payment recovery link
15581,3679.9700000000003,13,286,24.69778523489933,2011-08-11 09:38:00,United Kingdom,120,subscription_failed,insufficient_funds,1,60,MEDIUM,59.0,3679.9700000000003,2171.1823,Retry payment + reminder
15582,682.9100000000001,3,453,15.52068181818182,2011-11-15 09:55:00,United Kingdom,24,successful,none,0,0,LOW,95.0,682.9100000000001,648.7645,No action required
15584,725.11,4,314,5.895203252032521,2011-11-16 10:55:00,United Kingdom,23,successful,none,0,0,LOW,95.0,725.11,688.8544999999999,No action required
15585,455.3,1,320,14.687096774193549,2011-06-16 08:38:00,United Kingdom,176,subscription_failed,insufficient_funds,1,60,MEDIUM,59.0,455.3,268.627,Retry payment + reminder
15587,913.6800000000001,4,312,101.52000000000001,2011-10-20 13:37:00,United Kingdom,49,payment_failed,card_expired,1,40,MEDIUM,71.0,913.6800000000001,648.7128,Send payment recovery link
15589,478.53000000000003,3,243,16.501034482758623,2011-03-29 09:54:00,United Kingdom,255,checkout_abandoned,checkout_abandoned,1,55,MEDIUM,62.0,478.53000000000003,296.6886,Send checkout reminder
15592,388.58,1,354,16.190833333333334,2011-10-24 08:59:00,United Kingdom,46,payment_failed,card_expired,1,40,MEDIUM,71.0,388.58,275.8918,Send payment recovery link
15593,199.8,1,60,39.96,2011-09-30 11:46:00,United Kingdom,70,payment_failed,card_expired,1,40,MEDIUM,71.0,199.8,141.858,Send payment recovery link
15594,1771.78,5,983,17.201747572815535,2011-11-24 08:53:00,United Kingdom,15,successful,none,0,0,LOW,95.0,1771.78,1683.191,No action required
15596,1406.59,5,561,18.267402597402597,2011-08-31 10:55:00,United Kingdom,100,subscription_failed,insufficient_funds,1,60,MEDIUM,59.0,1406.59,829.8881,Retry payment + reminder
15597,324.57,1,279,14.753181818181817,2011-11-04 13:26:00,United Kingdom,34,successful,none,0,0,LOW,95.0,324.57,308.3415,No action required
15598,240.68,1,160,17.19142857142857,2011-10-17 16:04:00,United Kingdom,52,payment_failed,card_expired,1,40,MEDIUM,71.0,240.68,170.88279999999997,Send payment recovery link
15599,761.74,2,718,14.648846153846154,2011-11-13 11:44:00,United Kingdom,26,successful,none,0,0,LOW,95.0,761.74,723.653,No action required
15601,6776.56,14,4983,16.52819512195122,2011-11-28 15:15:00,United Kingdom,10,successful,none,0,10,LOW,89.0,6776.56,6031.138400000001,No action required
15602,1297.8700000000001,9,1137,28.214565217391307,2011-12-01 14:14:00,United Kingdom,7,successful,none,0,0,LOW,95.0,1297.8700000000001,1232.9765,No action required
15603,48.480000000000004,1,96,24.240000000000002,2011-09-22 10:04:00,United Kingdom,78,payment_failed,card_expired,1,40,MEDIUM,71.0,48.480000000000004,34.42080000000001,Send payment recovery link
15604,216.39,1,159,12.728823529411764,2011-10-18 14:47:00,United Kingdom,51,payment_failed,card_expired,1,40,MEDIUM,71.0,216.39,153.6369,Send payment recovery link
15605,1198.23,5,441,17.88402985074627,2011-11-03 14:17:00,United Kingdom,35,successful,none,0,0,LOW,95.0,1198.23,1138.3185,No action required
15606,2920.16,9,892,37.92415584415584,2011-10-09 15:47:00,United Kingdom,60,payment_failed,card_expired,1,40,MEDIUM,71.0,2920.16,2073.3136,Send payment recovery link
15607,104.76,1,202,8.05846153846154,2011-01-07 12:44:00,United Kingdom,336,checkout_abandoned,checkout_abandoned,1,55,MEDIUM,62.0,104.76,64.9512,Send checkout reminder
15608,1093.68,4,714,18.228,2011-11-11 13:20:00,United Kingdom,27,successful,none,0,0,LOW,95.0,1093.68,1038.996,No action required
15609,298.48,1,148,18.655,2011-06-08 13:00:00,United Kingdom,183,checkout_abandoned,checkout_abandoned,1,55,MEDIUM,62.0,298.48,185.0576,Send checkout reminder
15610,112.46000000000001,1,66,18.743333333333336,2011-10-19 10:36:00,United Kingdom,51,payment_failed,card_expired,1,40,MEDIUM,71.0,112.46000000000001,79.84660000000001,Send payment recovery link
15611,1591.45,13,504,37.01046511627907,2011-11-30 12:36:00,United Kingdom,9,successful,none,0,0,LOW,95.0,1591.45,1511.8775,No action required
15612,195.15,2,52,32.525,2011-11-03 14:52:00,United Kingdom,35,successful,none,0,0,LOW,95.0,195.15,185.3925,No action required
15615,10399.74,23,5508,24.585673758865248,2011-11-29 14:42:00,United Kingdom,9,successful,none,0,10,LOW,89.0,10399.74,9255.7686,No action required
15618,776.851,4,454,17.263355555555556,2011-11-07 08:34:00,United Kingdom,32,successful,none,0,0,LOW,95.0,776.851,738.00845,No action required
15619,336.40000000000003,1,136,112.13333333333334,2011-11-29 08:14:00,United Kingdom,10,successful,none,0,0,LOW,95.0,336.40000000000003,319.58000000000004,No action required
15620,1553.18,3,915,15.5318,2011-10-14 12:41:00,United Kingdom,56,payment_failed,card_expired,1,40,MEDIUM,71.0,1553.18,1102.7578,Send payment recovery link
15621,1293.03,4,501,80.814375,2011-12-05 14:01:00,United Kingdom,3,successful,none,0,0,LOW,95.0,1293.03,1228.3784999999998,No action required
15622,3709.56,9,1674,20.051675675675675,2011-10-27 16:44:00,United Kingdom,42,successful,none,0,0,LOW,95.0,3709.56,3524.0820000000003,No action required
15623,301.03,1,125,15.843684210526314,2011-07-21 17:26:00,United Kingdom,140,subscription_failed,insufficient_funds,1,60,MEDIUM,59.0,301.03,177.60769999999997,Retry payment + reminder
15624,588.13,4,357,17.297941176470587,2011-08-15 11:38:00,United Kingdom,116,subscription_failed,insufficient_funds,1,60,MEDIUM,59.0,588.13,346.9967,Retry payment + reminder
15625,1534.26,4,1188,23.9728125,2011-08-28 10:21:00,United Kingdom,103,subscription_failed,insufficient_funds,1,60,MEDIUM,59.0,1534.26,905.2134,Retry payment + reminder
15626,675.8,2,766,13.791836734693877,2011-09-26 10:03:00,United Kingdom,74,payment_failed,card_expired,1,40,MEDIUM,71.0,675.8,479.818,Send payment recovery link
15628,2870.2400000000002,9,1894,18.51767741935484,2011-12-05 10:24:00,United Kingdom,4,successful,none,0,0,LOW,95.0,2870.2400000000002,2726.7280000000005,No action required
15630,1186.35,2,800,19.772499999999997,2011-10-25 15:36:00,United Kingdom,44,successful,none,0,0,LOW,95.0,1186.35,1127.0324999999998,No action required
15632,3285.31,8,2109,19.67251497005988,2011-11-24 09:51:00,United Kingdom,15,successful,none,0,0,LOW,95.0,3285.31,3121.0445,No action required
15634,243.55,1,99,16.236666666666668,2011-11-22 16:28:00,United Kingdom,16,successful,none,0,0,LOW,95.0,243.55,231.3725,No action required
15636,724.76,2,284,28.9904,2011-09-11 11:17:00,United Kingdom,89,payment_failed,card_expired,1,40,MEDIUM,71.0,724.76,514.5796,Send payment recovery link
15637,223.36,1,128,14.890666666666668,2011-10-18 08:28:00,United Kingdom,52,payment_failed,card_expired,1,40,MEDIUM,71.0,223.36,158.5856,Send payment recovery link
15639,425.32,1,323,17.0128,2011-07-28 14:30:00,United Kingdom,133,subscription_failed,insufficient_funds,1,60,MEDIUM,59.0,425.32,250.93880000000001,Retry payment + reminder
15640,12515.66,15,6607,25.858801652892563,2011-12-05 14:35:00,United Kingdom,3,successful,none,0,10,LOW,89.0,12515.66,11138.9374,No action required
15641,1887.2,4,1562,15.858823529411765,2011-08-26 14:04:00,United Kingdom,104,subscription_failed,insufficient_funds,1,60,MEDIUM,59.0,1887.2,1113.448,Retry payment + reminder
15643,664.0,3,246,20.12121212121212,2011-06-01 07:38:00,United Kingdom,191,checkout_abandoned,checkout_abandoned,1,55,MEDIUM,62.0,664.0,411.68,Send checkout reminder
15644,813.0,4,557,3.4159663865546217,2011-06-26 14:54:00,United Kingdom,165,subscription_failed,insufficient_funds,1,60,MEDIUM,59.0,813.0,479.67,Retry payment + reminder
15645,612.01,1,256,11.769423076923077,2011-11-21 11:55:00,United Kingdom,18,successful,none,0,0,LOW,95.0,612.01,581.4095,No action required
15646,447.64000000000004,3,394,12.789714285714288,2011-07-05 09:53:00,United Kingdom,157,subscription_failed,insufficient_funds,1,60,MEDIUM,59.0,447.64000000000004,264.10760000000005,Retry payment + reminder
15648,657.35,2,221,26.294,2011-05-19 15:53:00,United Kingdom,203,checkout_abandoned,checkout_abandoned,1,55,MEDIUM,62.0,657.35,407.557,Send checkout reminder
15649,816.0,2,192,408.0,2011-01-07 13:34:00,United Kingdom,335,checkout_abandoned,checkout_abandoned,1,55,MEDIUM,62.0,816.0,505.92,Send checkout reminder
15651,646.3,3,479,20.196875,2011-11-03 08:41:00,United Kingdom,36,successful,none,0,0,LOW,95.0,646.3,613.9849999999999,No action required
15652,337.74,1,208,16.082857142857144,2011-09-09 14:22:00,United Kingdom,90,payment_failed,card_expired,1,40,MEDIUM,71.0,337.74,239.7954,Send payment recovery link
15653,877.4399999999999,2,1200,146.23999999999998,2011-09-08 10:49:00,United Kingdom,92,subscription_failed,insufficient_funds,1,60,MEDIUM,59.0,877.4399999999999,517.6896,Retry payment + reminder
15654,922.53,2,475,43.93,2011-11-30 13:08:00,United Kingdom,8,successful,none,0,0,LOW,95.0,922.53,876.4034999999999,No action required
15655,560.67,1,324,16.490294117647057,2011-04-10 15:25:00,United Kingdom,242,checkout_abandoned,checkout_abandoned,1,55,MEDIUM,62.0,560.67,347.6154,Send checkout reminder
15656,748.5,4,343,15.925531914893616,2011-10-25 14:56:00,United Kingdom,44,successful,none,0,0,LOW,95.0,748.5,711.075,No action required
15657,30.0,1,24,30.0,2011-11-17 12:19:00,United Kingdom,22,successful,none,0,0,LOW,95.0,30.0,28.5,No action required
15658,1024.1000000000001,5,242,21.33541666666667,2011-06-02 15:22:00,United Kingdom,189,checkout_abandoned,checkout_abandoned,1,55,MEDIUM,62.0,1024.1000000000001,634.9420000000001,Send checkout reminder
15659,306.45,1,111,27.85909090909091,2011-10-27 09:23:00,United Kingdom,43,successful,none,0,0,LOW,95.0,306.45,291.1275,No action required
15660,1600.86,9,1050,17.787333333333333,2011-11-14 16:58:00,United Kingdom,24,successful,none,0,0,LOW,95.0,1600.86,1520.8169999999998,No action required
15661,309.8,2,236,61.96,2011-01-26 13:56:00,United Kingdom,316,checkout_abandoned,checkout_abandoned,1,55,MEDIUM,62.0,309.8,192.07600000000002,Send checkout reminder
15663,138.14,1,106,15.348888888888887,2011-08-25 15:50:00,United Kingdom,105,subscription_failed,insufficient_funds,1,60,MEDIUM,59.0,138.14,81.50259999999999,Retry payment + reminder
15664,386.43,1,157,22.731176470588235,2011-10-20 10:57:00,United Kingdom,50,payment_failed,card_expired,1,40,MEDIUM,71.0,386.43,274.3653,Send payment recovery link
15665,2242.01,2,1666,19.327672413793106,2011-06-24 14:57:00,United Kingdom,167,subscription_failed,insufficient_funds,1,60,MEDIUM,59.0,2242.01,1322.7859000000003,Retry payment + reminder
15667,301.32,1,240,23.178461538461537,2011-10-31 10:56:00,United Kingdom,39,successful,none,0,0,LOW,95.0,301.32,286.25399999999996,No action required
15668,76.32000000000001,1,72,76.32000000000001,2011-05-06 10:39:00,United Kingdom,217,checkout_abandoned,checkout_abandoned,1,55,MEDIUM,62.0,76.32000000000001,47.318400000000004,Send checkout reminder
15669,684.34,4,342,20.737575757575758,2011-10-30 16:03:00,United Kingdom,39,successful,none,0,0,LOW,95.0,684.34,650.123,No action required
15670,173.05,1,91,14.420833333333334,2011-02-16 10:50:00,United Kingdom,296,checkout_abandoned,checkout_abandoned,1,55,MEDIUM,62.0,173.05,107.291,Send checkout reminder
15671,2657.13,7,1699,34.065769230769234,2011-11-21 12:43:00,United Kingdom,18,successful,none,0,0,LOW,95.0,2657.13,2524.2735000000002,No action required
15673,2881.02,4,1514,18.587225806451613,2011-09-12 16:12:00,United Kingdom,87,payment_failed,card_expired,1,40,MEDIUM,71.0,2881.02,2045.5242,Send payment recovery link
15674,2446.6,5,1275,21.46140350877193,2011-09-27 15:17:00,United Kingdom,72,payment_failed,card_expired,1,40,MEDIUM,71.0,2446.6,1737.086,Send payment recovery link
15675,323.69,3,527,15.413809523809524,2011-09-19 13:48:00,United Kingdom,80,payment_failed,card_expired,1,40,MEDIUM,71.0,323.69,229.81990000000002,Send payment recovery link
15676,3435.76,3,2252,17.00871287128713,2011-11-21 12:40:00,United Kingdom,18,successful,none,0,0,LOW,95.0,3435.76,3263.972,No action required
15677,657.23,1,319,19.916060606060608,2011-10-21 15:36:00,United Kingdom,48,payment_failed,card_expired,1,40,MEDIUM,71.0,657.23,466.6333,Send payment recovery link
15678,352.7,1,184,29.391666666666666,2011-10-18 09:25:00,United Kingdom,52,payment_failed,card_expired,1,40,MEDIUM,71.0,352.7,250.417,Send payment recovery link
15679,781.28,4,1170,7.102545454545455,2011-11-15 16:19:00,United Kingdom,23,successful,none,0,0,LOW,95.0,781.28,742.2159999999999,No action required
15680,1333.68,3,952,17.09846153846154,2011-11-30 13:46:00,United Kingdom,8,successful,none,0,0,LOW,95.0,1333.68,1266.996,No action required
15681,1426.16,5,816,26.90867924528302,2011-11-14 16:30:00,United Kingdom,24,successful,none,0,0,LOW,95.0,1426.16,1354.852,No action required
15683,193.75,1,131,19.375,2011-08-14 12:56:00,United Kingdom,116,subscription_failed,insufficient_funds,1,60,MEDIUM,59.0,193.75,114.3125,Retry payment + reminder
15687,2993.1,9,1310,18.030722891566263,2011-12-01 08:33:00,United Kingdom,8,successful,none,0,0,LOW,95.0,2993.1,2843.445,No action required
15689,254.1,2,84,28.233333333333334,2011-08-12 09:37:00,United Kingdom,119,subscription_failed,insufficient_funds,1,60,MEDIUM,59.0,254.1,149.91899999999998,Retry payment + reminder
15690,239.76,2,408,12.618947368421052,2011-12-05 15:59:00,United Kingdom,3,successful,none,0,0,LOW,95.0,239.76,227.77200000000002,No action required
15691,136.8,1,72,68.4,2011-04-01 15:13:00,United Kingdom,251,checkout_abandoned,checkout_abandoned,1,55,MEDIUM,62.0,136.8,84.816,Send checkout reminder
15692,191.04,1,138,15.92,2011-11-11 14:12:00,United Kingdom,27,successful,none,0,0,LOW,95.0,191.04,181.488,No action required
15694,6479.4,14,1677,83.06923076923077,2011-12-09 09:44:00,United Kingdom,0,successful,none,0,10,LOW,89.0,6479.4,5766.666,No action required
15695,409.98,2,212,18.635454545454547,2011-03-18 08:32:00,United Kingdom,266,checkout_abandoned,checkout_abandoned,1,55,MEDIUM,62.0,409.98,254.18760000000003,Send checkout reminder
15696,2736.46,8,1028,16.002690058479534,2011-11-06 14:02:00,United Kingdom,32,successful,none,0,0,LOW,95.0,2736.46,2599.637,No action required
15699,309.65,1,113,17.202777777777776,2011-11-22 08:26:00,United Kingdom,17,successful,none,0,0,LOW,95.0,309.65,294.16749999999996,No action required
15700,696.68,2,357,8.10093023255814,2011-06-20 16:53:00,United Kingdom,171,subscription_failed,insufficient_funds,1,60,MEDIUM,59.0,696.68,411.04119999999995,Retry payment + reminder
15701,1542.14,4,923,6.506919831223629,2011-12-07 14:39:00,United Kingdom,1,successful,none,0,0,LOW,95.0,1542.14,1465.0330000000001,No action required
15703,211.5,1,66,42.3,2011-03-20 10:51:00,United Kingdom,264,checkout_abandoned,checkout_abandoned,1,55,MEDIUM,62.0,211.5,131.13,Send checkout reminder
15704,2293.62,4,1028,19.603589743589744,2011-07-22 13:35:00,United Kingdom,139,subscription_failed,insufficient_funds,1,60,MEDIUM,59.0,2293.62,1353.2358,Retry payment + reminder
15705,143.1,1,62,23.849999999999998,2011-05-22 15:37:00,United Kingdom,200,checkout_abandoned,checkout_abandoned,1,55,MEDIUM,62.0,143.1,88.722,Send checkout reminder
15706,1060.56,4,321,19.28290909090909,2011-10-07 10:09:00,United Kingdom,63,payment_failed,card_expired,1,40,MEDIUM,71.0,1060.56,752.9975999999999,Send payment recovery link
15707,945.58,4,605,4.418598130841121,2011-11-04 14:35:00,United Kingdom,34,successful,none,0,0,LOW,95.0,945.58,898.301,No action required
15708,3364.2400000000002,7,1267,11.68138888888889,2011-10-30 10:54:00,United Kingdom,40,successful,none,0,0,LOW,95.0,3364.2400000000002,3196.0280000000002,No action required
15709,133.25,1,121,22.208333333333332,2011-03-01 10:38:00,United Kingdom,283,checkout_abandoned,checkout_abandoned,1,55,MEDIUM,62.0,133.25,82.615,Send checkout reminder
15712,1072.3600000000001,5,486,20.233207547169815,2011-11-30 14:09:00,United Kingdom,8,successful,none,0,0,LOW,95.0,1072.3600000000001,1018.7420000000001,No action required
15713,356.7,2,150,18.773684210526316,2011-07-19 13:34:00,United Kingdom,142,subscription_failed,insufficient_funds,1,60,MEDIUM,59.0,356.7,210.453,Retry payment + reminder
15714,330.88,2,187,9.453714285714286,2011-11-28 11:26:00,United Kingdom,11,successful,none,0,0,LOW,95.0,330.88,314.336,No action required
15716,1118.81,4,744,9.481440677966102,2011-07-17 11:59:00,United Kingdom,145,subscription_failed,insufficient_funds,1,60,MEDIUM,59.0,1118.81,660.0979,Retry payment + reminder
15717,150.3,1,70,21.47142857142857,2011-04-19 13:21:00,United Kingdom,233,checkout_abandoned,checkout_abandoned,1,55,MEDIUM,62.0,150.3,93.186,Send checkout reminder
15719,5045.61,13,2725,5.384855923159018,2011-11-07 12:29:00,United Kingdom,32,successful,none,0,10,LOW,89.0,5045.61,4490.5929,No action required
15720,598.73,1,281,4.677578125,2011-11-15 14:48:00,United Kingdom,23,successful,none,0,0,LOW,95.0,598.73,568.7935,No action required
15721,507.08,1,409,5.572307692307692,2011-11-28 12:14:00,United Kingdom,11,successful,none,0,0,LOW,95.0,507.08,481.726,No action required
15722,2222.56,5,1026,32.21101449275362,2011-11-04 11:43:00,United Kingdom,35,successful,none,0,0,LOW,95.0,2222.56,2111.432,No action required
15723,203.1,1,87,4.953658536585365,2010-12-10 11:12:00,United Kingdom,364,checkout_abandoned,checkout_abandoned,1,55,MEDIUM,62.0,203.1,125.92199999999998,Send checkout reminder
15724,218.25,2,73,19.84090909090909,2011-05-22 14:40:00,United Kingdom,200,checkout_abandoned,checkout_abandoned,1,55,MEDIUM,62.0,218.25,135.315,Send checkout reminder
15725,415.25,1,221,12.9765625,2011-11-24 14:51:00,United Kingdom,14,successful,none,0,0,LOW,95.0,415.25,394.4875,No action required
15727,5178.96,7,3065,17.14887417218543,2011-11-23 12:36:00,United Kingdom,16,successful,none,0,10,LOW,89.0,5178.96,4609.2744,No action required
15729,85.0,1,28,17.0,2011-05-11 12:36:00,United Kingdom,212,checkout_abandoned,checkout_abandoned,1,55,MEDIUM,62.0,85.0,52.7,Send checkout reminder
15730,1120.88,3,689,16.01257142857143,2011-10-05 12:31:00,United Kingdom,65,payment_failed,card_expired,1,40,MEDIUM,71.0,1120.88,795.8248000000001,Send payment recovery link
15732,294.12,2,215,21.00857142857143,2011-05-11 14:24:00,United Kingdom,211,checkout_abandoned,checkout_abandoned,1,55,MEDIUM,62.0,294.12,182.3544,Send checkout reminder
15733,162.3,1,62,16.23,2011-03-02 09:05:00,United Kingdom,282,checkout_abandoned,checkout_abandoned,1,55,MEDIUM,62.0,162.3,100.626,Send checkout reminder
15734,1339.45,2,346,51.517307692307696,2011-08-17 10:50:00,United Kingdom,114,subscription_failed,insufficient_funds,1,60,MEDIUM,59.0,1339.45,790.2755000000001,Retry payment + reminder
15737,1205.1200000000001,8,599,16.73777777777778,2011-11-25 11:21:00,United Kingdom,14,successful,none,0,0,LOW,95.0,1205.1200000000001,1144.864,No action required
15738,4812.42,16,2982,27.817456647398846,2011-11-21 08:26:00,United Kingdom,18,successful,none,0,0,LOW,95.0,4812.42,4571.799,No action required
15739,449.12,1,472,56.14,2011-10-04 13:42:00,United Kingdom,65,payment_failed,card_expired,1,40,MEDIUM,71.0,449.12,318.8752,Send payment recovery link
15740,154.88,1,152,17.20888888888889,2011-10-21 14:29:00,United Kingdom,48,payment_failed,card_expired,1,40,MEDIUM,71.0,154.88,109.9648,Send payment recovery link
15743,784.46,4,216,8.914318181818182,2011-11-23 17:19:00,United Kingdom,15,successful,none,0,0,LOW,95.0,784.46,745.237,No action required
15744,34.8,1,120,11.6,2011-09-23 09:52:00,United Kingdom,77,payment_failed,card_expired,1,40,MEDIUM,71.0,34.8,24.708,Send payment recovery link
15745,1094.59,4,421,17.654677419354837,2011-11-20 13:45:00,United Kingdom,18,successful,none,0,0,LOW,95.0,1094.59,1039.8604999999998,No action required
15746,196.88,1,178,7.031428571428571,2011-07-28 15:21:00,United Kingdom,133,subscription_failed,insufficient_funds,1,60,MEDIUM,59.0,196.88,116.1592,Retry payment + reminder
15747,974.04,3,480,10.473548387096773,2011-11-27 12:26:00,United Kingdom,12,successful,none,0,0,LOW,95.0,974.04,925.3380000000001,No action required
15748,149.31,1,51,7.11,2011-10-30 12:51:00,United Kingdom,39,successful,none,0,0,LOW,95.0,149.31,141.8445,No action required
15749,44534.3,3,18028,4453.43,2011-04-18 13:20:00,United Kingdom,234,checkout_abandoned,checkout_abandoned,1,65,MEDIUM,56.0,44534.3,24939.208000000002,Send checkout reminder
15750,2465.48,8,1786,8.414607508532423,2011-12-07 12:34:00,United Kingdom,2,successful,none,0,0,LOW,95.0,2465.48,2342.206,No action required
15752,2637.38,7,1978,6.41698296836983,2011-10-31 11:37:00,United Kingdom,39,successful,none,0,0,LOW,95.0,2637.38,2505.511,No action required
15753,79.2,1,144,79.2,2011-02-08 12:41:00,United Kingdom,304,checkout_abandoned,checkout_abandoned,1,55,MEDIUM,62.0,79.2,49.104000000000006,Send checkout reminder
15754,458.57,3,199,16.3775,2011-10-19 14:40:00,United Kingdom,50,payment_failed,card_expired,1,40,MEDIUM,71.0,458.57,325.5847,Send payment recovery link
15755,2364.25,6,1427,16.7677304964539,2011-11-29 14:57:00,United Kingdom,9,successful,none,0,0,LOW,95.0,2364.25,2246.0375,No action required
15756,532.96,4,242,2.7758333333333334,2011-10-09 13:30:00,United Kingdom,60,payment_failed,card_expired,1,40,MEDIUM,71.0,532.96,378.40160000000003,Send payment recovery link
15757,714.42,2,491,15.876,2011-10-05 12:14:00,United Kingdom,65,payment_failed,card_expired,1,40,MEDIUM,71.0,714.42,507.2382,Send payment recovery link
15758,205.25,1,47,22.805555555555557,2011-11-15 10:48:00,United Kingdom,24,successful,none,0,0,LOW,95.0,205.25,194.9875,No action required
15759,253.04,3,60,36.14857142857143,2011-05-05 15:13:00,United Kingdom,217,checkout_abandoned,checkout_abandoned,1,55,MEDIUM,62.0,253.04,156.88479999999998,Send checkout reminder
15762,583.75,2,251,15.777027027027026,2011-10-05 16:15:00,United Kingdom,64,payment_failed,card_expired,1,40,MEDIUM,71.0,583.75,414.4625,Send payment recovery link
15763,1086.92,2,271,17.818360655737706,2011-11-08 09:44:00,United Kingdom,31,successful,none,0,0,LOW,95.0,1086.92,1032.574,No action required
15764,3279.97,6,2050,18.222055555555553,2011-09-12 17:58:00,United Kingdom,87,payment_failed,card_expired,1,40,MEDIUM,71.0,3279.97,2328.7787,Send payment recovery link
15766,315.06,1,170,28.64181818181818,2011-10-06 17:03:00,United Kingdom,63,payment_failed,card_expired,1,40,MEDIUM,71.0,315.06,223.69259999999997,Send payment recovery link
15768,621.8299999999999,3,244,23.03074074074074,2011-08-16 10:48:00,United Kingdom,115,subscription_failed,insufficient_funds,1,60,MEDIUM,59.0,621.8299999999999,366.87969999999996,Retry payment + reminder
15769,56252.72,26,29672,432.7132307692308,2011-12-02 13:52:00,United Kingdom,6,successful,none,0,10,LOW,89.0,56252.72,50064.9208,No action required
15773,635.6800000000001,1,311,63.568000000000005,2011-12-04 12:48:00,United Kingdom,5,successful,none,0,0,LOW,95.0,635.6800000000001,603.8960000000001,No action required
15774,270.8,1,87,10.832,2011-10-02 12:04:00,United Kingdom,68,payment_failed,card_expired,1,40,MEDIUM,71.0,270.8,192.268,Send payment recovery link
15775,104.9,1,68,14.985714285714286,2011-04-08 12:56:00,United Kingdom,244,checkout_abandoned,checkout_abandoned,1,55,MEDIUM,62.0,104.9,65.038,Send checkout reminder
15776,241.62,1,138,13.423333333333334,2011-07-29 13:46:00,United Kingdom,132,subscription_failed,insufficient_funds,1,60,MEDIUM,59.0,241.62,142.5558,Retry payment + reminder
15777,1047.11,4,378,49.862380952380946,2011-04-12 16:43:00,United Kingdom,240,checkout_abandoned,checkout_abandoned,1,55,MEDIUM,62.0,1047.11,649.2081999999999,Send checkout reminder
15780,475.28000000000003,3,220,16.38896551724138,2011-06-09 12:01:00,United Kingdom,183,checkout_abandoned,checkout_abandoned,1,55,MEDIUM,62.0,475.28000000000003,294.6736,Send checkout reminder
15781,345.46,3,180,17.273,2011-11-14 14:57:00,United Kingdom,24,successful,none,0,0,LOW,95.0,345.46,328.18699999999995,No action required
15782,2614.7400000000002,3,864,60.80790697674419,2011-11-30 10:49:00,United Kingdom,9,successful,none,0,0,LOW,95.0,2614.7400000000002,2484.003,No action required
15783,246.3,1,212,17.592857142857145,2011-11-29 09:50:00,United Kingdom,10,successful,none,0,0,LOW,95.0,246.3,233.985,No action required
15785,2328.9700000000003,5,1612,28.059879518072293,2011-11-07 11:33:00,United Kingdom,32,successful,none,0,0,LOW,95.0,2328.9700000000003,2212.5215000000003,No action required
15786,4932.2,3,3364,18.47265917602996,2011-10-24 14:13:00,United Kingdom,45,successful,none,0,0,LOW,95.0,4932.2,4685.59,No action required
15787,948.05,3,540,4.602184466019417,2011-11-13 14:55:00,United Kingdom,25,successful,none,0,0,LOW,95.0,948.05,900.6475,No action required
15789,351.3,1,438,14.052,2010-12-16 14:35:00,United Kingdom,357,checkout_abandoned,checkout_abandoned,1,55,MEDIUM,62.0,351.3,217.806,Send checkout reminder
15790,220.85,1,114,6.31,2011-11-29 14:53:00,United Kingdom,9,successful,none,0,0,LOW,95.0,220.85,209.8075,No action required
15791,1612.69,2,731,21.502533333333336,2011-10-27 10:14:00,United Kingdom,43,successful,none,0,0,LOW,95.0,1612.69,1532.0555000000002,No action required
15793,965.61,3,553,80.4675,2011-11-25 09:31:00,United Kingdom,14,successful,none,0,0,LOW,95.0,965.61,917.3294999999999,No action required
15795,610.01,1,581,14.524047619047618,2011-07-13 10:43:00,United Kingdom,149,subscription_failed,insufficient_funds,1,60,MEDIUM,59.0,610.01,359.9059,Retry payment + reminder
15796,2711.56,8,861,20.38766917293233,2011-12-08 19:55:00,United Kingdom,0,successful,none,0,0,LOW,95.0,2711.56,2575.982,No action required
15797,2207.4,4,873,275.925,2011-08-18 17:04:00,United Kingdom,112,subscription_failed,insufficient_funds,1,60,MEDIUM,59.0,2207.4,1302.366,Retry payment + reminder
15799,884.14,3,955,9.021836734693878,2011-09-25 12:46:00,United Kingdom,75,payment_failed,card_expired,1,40,MEDIUM,71.0,884.14,627.7394,Send payment recovery link
15800,699.08,2,335,5.874621848739496,2011-08-24 14:23:00,United Kingdom,106,subscription_failed,insufficient_funds,1,60,MEDIUM,59.0,699.08,412.4572,Retry payment + reminder
15801,1063.95,3,570,16.62421875,2011-10-24 13:52:00,United Kingdom,45,successful,none,0,0,LOW,95.0,1063.95,1010.7525,No action required
15802,451.42,1,1,451.42,2011-07-20 11:38:00,United Kingdom,142,subscription_failed,insufficient_funds,1,60,MEDIUM,59.0,451.42,266.3378,Retry payment + reminder
15803,415.82000000000005,1,290,51.977500000000006,2011-10-19 14:56:00,United Kingdom,50,payment_failed,card_expired,1,40,MEDIUM,71.0,415.82000000000005,295.23220000000003,Send payment recovery link
15804,4206.39,13,2565,16.05492366412214,2011-12-09 12:31:00,United Kingdom,0,successful,none,0,0,LOW,95.0,4206.39,3996.0705000000003,No action required
15805,5528.4800000000005,17,3387,18.367043189368772,2011-11-16 16:32:00,United Kingdom,22,successful,none,0,10,LOW,89.0,5528.4800000000005,4920.3472,No action required
15806,784.58,3,602,25.309032258064516,2011-10-24 14:35:00,United Kingdom,45,successful,none,0,0,LOW,95.0,784.58,745.3510000000001,No action required
15807,903.9,3,430,18.83125,2011-10-20 14:10:00,United Kingdom,49,payment_failed,card_expired,1,40,MEDIUM,71.0,903.9,641.769,Send payment recovery link
15808,3734.9700000000003,4,1343,17.95658653846154,2011-02-06 14:33:00,United Kingdom,305,checkout_abandoned,checkout_abandoned,1,55,MEDIUM,62.0,3734.9700000000003,2315.6814,Send checkout reminder
15809,515.77,5,301,14.736285714285714,2011-11-03 16:40:00,United Kingdom,35,successful,none,0,0,LOW,95.0,515.77,489.98150000000004,No action required
15810,1391.98,4,861,15.640224719101123,2011-09-22 09:38:00,United Kingdom,78,payment_failed,card_expired,1,40,MEDIUM,71.0,1391.98,988.3058,Send payment recovery link
15811,2218.62,6,1071,16.681353383458646,2011-11-17 15:31:00,United Kingdom,21,successful,none,0,0,LOW,95.0,2218.62,2107.689,No action required
15812,1801.14,5,922,43.930243902439024,2011-08-24 14:19:00,United Kingdom,106,subscription_failed,insufficient_funds,1,60,MEDIUM,59.0,1801.14,1062.6726,Retry payment + reminder
15813,1303.9099999999999,2,603,32.59775,2011-05-16 08:13:00,United Kingdom,207,checkout_abandoned,checkout_abandoned,1,55,MEDIUM,62.0,1303.9099999999999,808.4241999999998,Send checkout reminder
15814,1945.33,4,1271,27.018472222222222,2011-11-23 08:17:00,United Kingdom,16,successful,none,0,0,LOW,95.0,1945.33,1848.0635,No action required
15815,2100.6,5,1856,42.86938775510204,2011-10-07 12:42:00,United Kingdom,63,payment_failed,card_expired,1,40,MEDIUM,71.0,2100.6,1491.4260000000002,Send payment recovery link
15819,1905.45,4,1357,15.491463414634147,2011-10-21 14:50:00,United Kingdom,48,payment_failed,card_expired,1,40,MEDIUM,71.0,1905.45,1352.8695,Send payment recovery link
15820,206.98,1,128,12.175294117647057,2011-01-24 12:00:00,United Kingdom,319,checkout_abandoned,checkout_abandoned,1,55,MEDIUM,62.0,206.98,128.3276,Send checkout reminder
15821,570.96,2,202,9.209032258064516,2011-10-26 15:48:00,United Kingdom,43,successful,none,0,0,LOW,95.0,570.96,542.412,No action required
15822,885.47,2,375,26.832424242424242,2011-12-06 14:50:00,United Kingdom,2,successful,none,0,0,LOW,95.0,885.47,841.1965000000001,No action required
15823,15.0,1,1,15.0,2010-12-02 15:08:00,United Kingdom,371,checkout_abandoned,checkout_abandoned,1,55,MEDIUM,62.0,15.0,9.3,Send checkout reminder
15825,532.94,1,220,26.647000000000002,2011-06-20 13:27:00,United Kingdom,171,subscription_failed,insufficient_funds,1,60,MEDIUM,59.0,532.94,314.43460000000005,Retry payment + reminder
15826,1654.31,3,963,24.328088235294118,2011-10-14 16:05:00,United Kingdom,55,payment_failed,card_expired,1,40,MEDIUM,71.0,1654.31,1174.5601,Send payment recovery link
15827,1836.0900000000001,14,882,15.966000000000001,2011-09-27 15:35:00,United Kingdom,72,payment_failed,card_expired,1,40,MEDIUM,71.0,1836.0900000000001,1303.6239,Send payment recovery link
15829,636.14,2,996,12.473333333333333,2011-09-01 16:45:00,United Kingdom,98,subscription_failed,insufficient_funds,1,60,MEDIUM,59.0,636.14,375.3226,Retry payment + reminder
15830,576.0,1,415,14.76923076923077,2011-11-02 10:40:00,United Kingdom,37,successful,none,0,0,LOW,95.0,576.0,547.2,No action required
15831,801.76,3,1105,11.790588235294118,2011-10-12 13:14:00,United Kingdom,57,payment_failed,card_expired,1,40,MEDIUM,71.0,801.76,569.2496,Send payment recovery link
15832,836.79,1,465,15.49611111111111,2011-03-30 15:29:00,United Kingdom,253,checkout_abandoned,checkout_abandoned,1,55,MEDIUM,62.0,836.79,518.8098,Send checkout reminder
15834,2233.75,4,965,8.182234432234432,2011-09-30 14:41:00,United Kingdom,69,payment_failed,card_expired,1,40,MEDIUM,71.0,2233.75,1585.9625,Send payment recovery link
15835,954.09,4,439,19.0818,2011-10-26 15:47:00,United Kingdom,43,successful,none,0,0,LOW,95.0,954.09,906.3855,No action required
15836,137.37,1,26,13.737,2011-10-20 17:13:00,United Kingdom,49,payment_failed,card_expired,1,40,MEDIUM,71.0,137.37,97.5327,Send payment recovery link
15837,391.98,1,189,16.3325,2011-10-06 09:01:00,United Kingdom,64,payment_failed,card_expired,1,40,MEDIUM,71.0,391.98,278.30580000000003,Send payment recovery link
15838,33643.08,19,18368,201.45556886227547,2011-11-28 14:00:00,United Kingdom,10,successful,none,0,10,LOW,89.0,33643.08,29942.341200000003,No action required
15839,1048.49,3,675,16.911129032258064,2011-11-06 13:54:00,United Kingdom,32,successful,none,0,0,LOW,95.0,1048.49,996.0655,No action required
15840,355.56,2,396,13.168888888888889,2011-10-12 09:08:00,United Kingdom,58,payment_failed,card_expired,1,40,MEDIUM,71.0,355.56,252.4476,Send payment recovery link
15841,1224.06,4,942,26.043829787234042,2011-09-28 12:15:00,United Kingdom,72,payment_failed,card_expired,1,40,MEDIUM,71.0,1224.06,869.0826,Send payment recovery link
15843,118.95000000000002,1,27,14.868750000000002,2011-02-09 10:19:00,United Kingdom,303,checkout_abandoned,checkout_abandoned,1,55,MEDIUM,62.0,118.95000000000002,73.74900000000001,Send checkout reminder
15844,130.73999999999998,1,134,11.885454545454543,2011-10-24 15:19:00,United Kingdom,45,successful,none,0,0,LOW,95.0,130.73999999999998,124.20299999999997,No action required
15845,3711.77,8,1926,26.896884057971015,2011-11-22 09:42:00,United Kingdom,17,successful,none,0,0,LOW,95.0,3711.77,3526.1815,No action required
15847,389.27,2,449,17.694090909090907,2011-11-01 14:41:00,United Kingdom,37,successful,none,0,0,LOW,95.0,389.27,369.8065,No action required
15850,238.85,2,302,2.4623711340206187,2011-11-20 14:14:00,United Kingdom,18,successful,none,0,0,LOW,95.0,238.85,226.9075,No action required
15852,160.71,2,48,7.305000000000001,2011-06-06 11:22:00,United Kingdom,186,checkout_abandoned,checkout_abandoned,1,55,MEDIUM,62.0,160.71,99.64020000000001,Send checkout reminder
15853,110.8,1,135,3.6933333333333334,2011-10-19 10:38:00,United Kingdom,51,payment_failed,card_expired,1,40,MEDIUM,71.0,110.8,78.668,Send payment recovery link
15854,2974.65,12,939,21.247500000000002,2011-12-05 13:39:00,United Kingdom,3,successful,none,0,0,LOW,95.0,2974.65,2825.9175,No action required
15855,712.24,5,470,8.903,2011-07-26 10:20:00,United Kingdom,136,subscription_failed,insufficient_funds,1,60,MEDIUM,59.0,712.24,420.2216,Retry payment + reminder
15856,16387.57,27,11005,25.40708527131783,2011-12-05 17:09:00,United Kingdom,3,successful,none,0,10,LOW,89.0,16387.57,14584.9373,No action required
15857,297.0,1,308,21.214285714285715,2011-11-21 12:18:00,United Kingdom,18,successful,none,0,0,LOW,95.0,297.0,282.15,No action required
15858,1438.85,5,1167,7.533246073298429,2011-11-24 12:48:00,United Kingdom,15,successful,none,0,0,LOW,95.0,1438.85,1366.9075,No action required
15860,977.21,8,440,6.881760563380282,2011-10-30 11:25:00,United Kingdom,40,successful,none,0,0,LOW,95.0,977.21,928.3494999999999,No action required
15861,3165.36,8,2544,5.797362637362638,2011-11-27 15:59:00,United Kingdom,11,successful,none,0,0,LOW,95.0,3165.36,3007.092,No action required
15862,832.88,4,585,5.665850340136054,2011-12-01 13:28:00,United Kingdom,7,successful,none,0,0,LOW,95.0,832.88,791.2360000000001,No action required
15863,68.84,2,19,3.8244444444444445,2011-11-14 12:49:00,United Kingdom,25,successful,none,0,0,LOW,95.0,68.84,65.398,No action required
15864,1936.3200000000002,6,1192,96.816,2011-11-17 13:32:00,United Kingdom,21,successful,none,0,0,LOW,95.0,1936.3200000000002,1839.5040000000001,No action required
15865,895.13,3,368,22.37825,2011-10-30 12:43:00,United Kingdom,40,successful,none,0,0,LOW,95.0,895.13,850.3735,No action required
15866,230.53,1,126,5.122888888888889,2011-08-30 14:09:00,United Kingdom,100,subscription_failed,insufficient_funds,1,60,MEDIUM,59.0,230.53,136.0127,Retry payment + reminder
15867,3812.64,15,2054,8.270368763557483,2011-12-04 13:32:00,United Kingdom,4,successful,none,0,0,LOW,95.0,3812.64,3622.008,No action required
15869,149.64,2,175,9.975999999999999,2011-03-07 17:23:00,United Kingdom,276,checkout_abandoned,checkout_abandoned,1,55,MEDIUM,62.0,149.64,92.77679999999998,Send checkout reminder
15870,354.09000000000003,1,335,4.659078947368421,2011-11-07 10:58:00,United Kingdom,32,successful,none,0,0,LOW,95.0,354.09000000000003,336.38550000000004,No action required
15872,360.93,2,212,2.819765625,2011-11-25 11:55:00,United Kingdom,14,successful,none,0,0,LOW,95.0,360.93,342.88349999999997,No action required
15874,4405.88,7,2534,36.71566666666667,2011-10-07 12:31:00,United Kingdom,63,payment_failed,card_expired,1,40,MEDIUM,71.0,4405.88,3128.1748,Send payment recovery link
15877,493.28,2,371,3.823875968992248,2011-12-08 11:53:00,United Kingdom,1,successful,none,0,0,LOW,95.0,493.28,468.616,No action required
15880,343.28000000000003,1,211,3.2693333333333334,2010-12-05 13:00:00,United Kingdom,368,checkout_abandoned,checkout_abandoned,1,55,MEDIUM,62.0,343.28000000000003,212.83360000000002,Send checkout reminder
15881,501.39000000000004,5,260,17.289310344827587,2011-01-31 16:59:00,United Kingdom,311,checkout_abandoned,checkout_abandoned,1,55,MEDIUM,62.0,501.39000000000004,310.8618,Send checkout reminder
15882,516.36,4,276,22.450434782608696,2011-05-25 11:35:00,United Kingdom,198,checkout_abandoned,checkout_abandoned,1,55,MEDIUM,62.0,516.36,320.1432,Send checkout reminder
15883,396.48,2,223,8.091428571428573,2011-12-07 17:05:00,United Kingdom,1,successful,none,0,0,LOW,95.0,396.48,376.656,No action required
15885,379.35,3,111,21.075000000000003,2011-09-08 10:43:00,United Kingdom,92,subscription_failed,insufficient_funds,1,60,MEDIUM,59.0,379.35,223.81650000000002,Retry payment + reminder
15886,181.09,1,147,15.090833333333334,2011-10-10 14:25:00,United Kingdom,59,payment_failed,card_expired,1,40,MEDIUM,71.0,181.09,128.57389999999998,Send payment recovery link
15888,168.31,1,76,14.025833333333333,2011-09-20 12:30:00,United Kingdom,80,payment_failed,card_expired,1,40,MEDIUM,71.0,168.31,119.5001,Send payment recovery link
15889,446.87,2,215,4.80505376344086,2011-07-06 11:10:00,United Kingdom,156,subscription_failed,insufficient_funds,1,60,MEDIUM,59.0,446.87,263.6533,Retry payment + reminder
15891,524.52,1,442,8.459999999999999,2011-04-27 12:35:00,United Kingdom,226,checkout_abandoned,checkout_abandoned,1,55,MEDIUM,62.0,524.52,325.20239999999995,Send checkout reminder
15894,263.55,2,168,6.4280487804878055,2011-03-31 13:50:00,United Kingdom,252,checkout_abandoned,checkout_abandoned,1,55,MEDIUM,62.0,263.55,163.401,Send checkout reminder
15895,179.17,1,94,16.288181818181815,2011-07-13 10:27:00,United Kingdom,149,subscription_failed,insufficient_funds,1,60,MEDIUM,59.0,179.17,105.71029999999999,Retry payment + reminder
15897,222.05,2,261,9.252083333333333,2011-05-29 13:50:00,United Kingdom,193,checkout_abandoned,checkout_abandoned,1,55,MEDIUM,62.0,222.05,137.671,Send checkout reminder
15898,1388.88,5,570,16.149767441860465,2011-12-08 15:23:00,United Kingdom,0,successful,none,0,0,LOW,95.0,1388.88,1319.4360000000001,No action required
15899,56.25,1,39,14.0625,2010-12-06 10:36:00,United Kingdom,368,checkout_abandoned,checkout_abandoned,1,55,MEDIUM,62.0,56.25,34.875,Send checkout reminder
15900,351.11,1,221,6.884509803921569,2011-11-16 12:19:00,United Kingdom,23,successful,none,0,0,LOW,95.0,351.11,333.5545,No action required
15901,363.88,3,384,3.136896551724138,2011-11-23 12:43:00,United Kingdom,16,successful,none,0,0,LOW,95.0,363.88,345.686,No action required
15903,5126.76,7,2410,69.28054054054054,2011-11-30 08:08:00,United Kingdom,9,successful,none,0,10,LOW,89.0,5126.76,4562.8164,No action required
15904,164.68,1,84,5.489333333333334,2011-12-01 14:50:00,United Kingdom,7,successful,none,0,0,LOW,95.0,164.68,156.446,No action required
15906,1567.69,7,544,10.451266666666667,2011-11-20 12:24:00,United Kingdom,19,successful,none,0,0,LOW,95.0,1567.69,1489.3055000000002,No action required
15907,967.45,3,509,3.8853413654618474,2011-12-06 12:21:00,United Kingdom,3,successful,none,0,0,LOW,95.0,967.45,919.0775,No action required
15909,191.94,1,98,27.419999999999998,2011-06-19 10:38:00,United Kingdom,173,subscription_failed,insufficient_funds,1,60,MEDIUM,59.0,191.94,113.24459999999999,Retry payment + reminder
15910,1232.18,8,1015,4.614906367041199,2011-12-09 10:51:00,United Kingdom,0,successful,none,0,0,LOW,95.0,1232.18,1170.5710000000001,No action required
15912,264.62,2,185,13.927368421052632,2011-06-14 14:29:00,United Kingdom,177,subscription_failed,insufficient_funds,1,60,MEDIUM,59.0,264.62,156.1258,Retry payment + reminder
15916,1528.09,8,757,9.858645161290323,2011-11-23 13:46:00,United Kingdom,15,successful,none,0,0,LOW,95.0,1528.09,1451.6854999999998,No action required
15917,123.1,1,42,10.258333333333333,2011-04-06 10:40:00,United Kingdom,247,checkout_abandoned,checkout_abandoned,1,55,MEDIUM,62.0,123.1,76.322,Send checkout reminder
15918,334.23,2,153,8.35575,2011-06-02 11:42:00,United Kingdom,190,checkout_abandoned,checkout_abandoned,1,55,MEDIUM,62.0,334.23,207.22260000000003,Send checkout reminder
15919,639.89,2,545,4.4747552447552446,2011-11-20 11:28:00,United Kingdom,19,successful,none,0,0,LOW,95.0,639.89,607.8955,No action required
15920,167.5,4,99,2.7916666666666665,2011-07-08 15:31:00,United Kingdom,153,subscription_failed,insufficient_funds,1,60,MEDIUM,59.0,167.5,98.825,Retry payment + reminder
15921,336.03000000000003,1,166,13.441200000000002,2011-06-20 11:03:00,United Kingdom,172,subscription_failed,insufficient_funds,1,60,MEDIUM,59.0,336.03000000000003,198.2577,Retry payment + reminder
15922,369.5,1,138,33.59090909090909,2010-12-01 13:51:00,United Kingdom,372,checkout_abandoned,checkout_abandoned,1,55,MEDIUM,62.0,369.5,229.09,Send checkout reminder
15923,127.08,1,122,6.051428571428572,2010-12-02 12:16:00,United Kingdom,372,checkout_abandoned,checkout_abandoned,1,55,MEDIUM,62.0,127.08,78.78960000000001,Send checkout reminder
15925,207.15,1,93,17.2625,2011-05-29 15:35:00,United Kingdom,193,checkout_abandoned,checkout_abandoned,1,55,MEDIUM,62.0,207.15,128.43300000000002,Send checkout reminder
15930,426.63,1,139,20.315714285714286,2011-10-03 14:52:00,United Kingdom,66,payment_failed,card_expired,1,40,MEDIUM,71.0,426.63,302.9073,Send payment recovery link
15932,2495.87,8,2325,21.703217391304346,2011-12-05 17:13:00,United Kingdom,3,successful,none,0,0,LOW,95.0,2495.87,2371.0765,No action required
15933,1107.46,3,885,14.965675675675676,2011-11-18 13:14:00,United Kingdom,20,successful,none,0,0,LOW,95.0,1107.46,1052.087,No action required
15935,416.86,2,115,34.73833333333334,2011-04-14 13:27:00,United Kingdom,238,checkout_abandoned,checkout_abandoned,1,55,MEDIUM,62.0,416.86,258.4532,Send checkout reminder
15937,145.35,1,73,20.764285714285712,2011-10-06 15:48:00,United Kingdom,63,payment_failed,card_expired,1,40,MEDIUM,71.0,145.35,103.19850000000001,Send payment recovery link
15938,404.58,5,240,22.476666666666667,2011-08-19 12:56:00,United Kingdom,111,subscription_failed,insufficient_funds,1,60,MEDIUM,59.0,404.58,238.70219999999998,Retry payment + reminder
15939,6115.01,15,4728,80.46065789473684,2011-09-11 11:30:00,United Kingdom,89,payment_failed,card_expired,1,50,MEDIUM,65.0,6115.01,3974.7565000000004,Send payment recovery link
15940,35.8,1,4,35.8,2011-02-01 16:18:00,United Kingdom,310,checkout_abandoned,checkout_abandoned,1,55,MEDIUM,62.0,35.8,22.195999999999998,Send checkout reminder
15942,337.44,1,232,24.102857142857143,2011-07-29 09:01:00,United Kingdom,133,subscription_failed,insufficient_funds,1,60,MEDIUM,59.0,337.44,199.0896,Retry payment + reminder
15944,325.1,1,50,54.18333333333334,2011-03-08 10:33:00,United Kingdom,276,checkout_abandoned,checkout_abandoned,1,55,MEDIUM,62.0,325.1,201.562,Send checkout reminder
15945,181.0,1,52,90.5,2010-12-09 13:14:00,United Kingdom,364,checkout_abandoned,checkout_abandoned,1,55,MEDIUM,62.0,181.0,112.22,Send checkout reminder
15947,1708.24,1,898,58.9048275862069,2011-09-18 10:46:00,United Kingdom,82,payment_failed,card_expired,1,40,MEDIUM,71.0,1708.24,1212.8504,Send payment recovery link
15948,955.24,2,567,15.920666666666667,2011-12-01 15:32:00,United Kingdom,7,successful,none,0,0,LOW,95.0,955.24,907.4780000000001,No action required
15949,364.72,2,284,19.19578947368421,2011-11-23 09:09:00,United Kingdom,16,successful,none,0,0,LOW,95.0,364.72,346.48400000000004,No action required
15950,1765.51,4,729,18.015408163265306,2011-11-08 11:09:00,United Kingdom,31,successful,none,0,0,LOW,95.0,1765.51,1677.2345,No action required
15951,708.22,2,313,17.273658536585366,2011-12-01 08:34:00,United Kingdom,8,successful,none,0,0,LOW,95.0,708.22,672.8090000000001,No action required
15952,806.57,4,399,8.863406593406594,2011-11-06 11:18:00,United Kingdom,33,successful,none,0,0,LOW,95.0,806.57,766.2415000000001,No action required
15953,1659.3799999999999,8,892,16.932448979591836,2011-11-24 15:32:00,United Kingdom,14,successful,none,0,0,LOW,95.0,1659.3799999999999,1576.4109999999998,No action required
15955,4416.26,14,2135,24.13256830601093,2011-11-15 14:15:00,United Kingdom,23,successful,none,0,0,LOW,95.0,4416.26,4195.447,No action required
15957,428.89,1,211,10.211666666666666,2011-11-08 12:14:00,United Kingdom,31,successful,none,0,0,LOW,95.0,428.89,407.4455,No action required
15958,104.35,1,33,14.907142857142857,2011-09-26 13:41:00,United Kingdom,73,payment_failed,card_expired,1,40,MEDIUM,71.0,104.35,74.0885,Send payment recovery link
15963,470.76,2,298,16.812857142857144,2011-11-20 11:33:00,United Kingdom,19,successful,none,0,0,LOW,95.0,470.76,447.222,No action required
15965,845.64,4,453,6.931475409836065,2011-11-22 16:44:00,United Kingdom,16,successful,none,0,0,LOW,95.0,845.64,803.3580000000001,No action required
15967,418.83,2,211,4.986071428571428,2011-11-16 15:41:00,United Kingdom,22,successful,none,0,0,LOW,95.0,418.83,397.88849999999996,No action required
15969,666.1,3,124,33.305,2011-12-07 11:06:00,United Kingdom,2,successful,none,0,0,LOW,95.0,666.1,632.795,No action required
15970,314.1,1,116,28.55454545454546,2011-02-09 12:08:00,United Kingdom,303,checkout_abandoned,checkout_abandoned,1,55,MEDIUM,62.0,314.1,194.74200000000002,Send checkout reminder
15971,4199.85,12,1717,119.9957142857143,2011-11-22 12:50:00,United Kingdom,17,successful,none,0,0,LOW,95.0,4199.85,3989.8575000000005,No action required
15973,307.82000000000005,1,106,76.95500000000001,2010-12-08 11:42:00,United Kingdom,366,checkout_abandoned,checkout_abandoned,1,55,MEDIUM,62.0,307.82000000000005,190.84840000000003,Send checkout reminder
15974,3442.15,7,2262,19.557670454545455,2011-10-31 13:13:00,United Kingdom,38,successful,none,0,0,LOW,95.0,3442.15,3270.0425,No action required
15975,371.01,1,243,15.45875,2011-09-16 13:33:00,United Kingdom,83,payment_failed,card_expired,1,40,MEDIUM,71.0,371.01,263.4171,Send payment recovery link
15976,430.94,2,277,4.39734693877551,2011-06-27 13:00:00,United Kingdom,164,subscription_failed,insufficient_funds,1,60,MEDIUM,59.0,430.94,254.25459999999998,Retry payment + reminder
15977,1054.73,2,1016,16.226615384615386,2011-11-22 13:29:00,United Kingdom,16,successful,none,0,0,LOW,95.0,1054.73,1001.9935,No action required
15978,1098.78,1,888,22.42408163265306,2011-09-23 15:21:00,United Kingdom,76,payment_failed,card_expired,1,40,MEDIUM,71.0,1098.78,780.1338000000001,Send payment recovery link
15980,2398.86,3,1560,55.78744186046512,2011-09-12 09:41:00,United Kingdom,88,payment_failed,card_expired,1,40,MEDIUM,71.0,2398.86,1703.1906,Send payment recovery link
15981,3408.48,8,1866,35.13896907216495,2011-11-15 08:00:00,United Kingdom,24,successful,none,0,0,LOW,95.0,3408.48,3238.0559999999996,No action required
15983,1475.02,4,892,13.053274336283186,2011-11-17 17:34:00,United Kingdom,21,successful,none,0,0,LOW,95.0,1475.02,1401.269,No action required
15984,2837.67,10,1843,10.50988888888889,2011-12-07 12:16:00,United Kingdom,2,successful,none,0,0,LOW,95.0,2837.67,2695.7865,No action required
15985,1142.42,2,1086,30.876216216216218,2011-08-08 16:31:00,United Kingdom,122,subscription_failed,insufficient_funds,1,60,MEDIUM,59.0,1142.42,674.0278,Retry payment + reminder
15986,168.12,1,268,12.008571428571429,2011-11-09 15:17:00,United Kingdom,29,successful,none,0,0,LOW,95.0,168.12,159.714,No action required
15987,1451.28,7,1556,10.366285714285715,2011-11-27 15:38:00,United Kingdom,11,successful,none,0,0,LOW,95.0,1451.28,1378.7160000000001,No action required
15988,158.03,1,181,5.852962962962963,2011-11-20 13:23:00,United Kingdom,18,successful,none,0,0,LOW,95.0,158.03,150.1285,No action required
15990,792.11,2,443,15.232884615384616,2011-10-26 15:58:00,United Kingdom,43,successful,none,0,0,LOW,95.0,792.11,752.5045,No action required
15992,41.989999999999995,1,17,13.996666666666664,2011-12-06 11:00:00,United Kingdom,3,successful,none,0,0,LOW,95.0,41.989999999999995,39.890499999999996,No action required
15993,2797.57,7,2051,5.068061594202899,2011-12-01 10:45:00,United Kingdom,8,successful,none,0,0,LOW,95.0,2797.57,2657.6915000000004,No action required
15994,427.07,1,177,12.202,2011-10-16 12:28:00,United Kingdom,54,payment_failed,card_expired,1,40,MEDIUM,71.0,427.07,303.2197,Send payment recovery link
15996,1060.68,6,384,8.159076923076924,2011-09-12 15:14:00,United Kingdom,87,payment_failed,card_expired,1,40,MEDIUM,71.0,1060.68,753.0828,Send payment recovery link
15998,3089.97,5,2041,6.106660079051383,2011-11-03 12:45:00,United Kingdom,36,successful,none,0,0,LOW,95.0,3089.97,2935.4714999999997,No action required
16000,12393.7,3,5110,1377.0777777777778,2011-12-07 12:17:00,United Kingdom,2,successful,none,0,10,LOW,89.0,12393.7,11030.393,No action required
16003,2735.37,5,1185,26.556990291262135,2011-11-10 09:57:00,United Kingdom,29,successful,none,0,0,LOW,95.0,2735.37,2598.6014999999998,No action required
16005,615.39,4,300,2.822889908256881,2011-11-27 13:47:00,United Kingdom,11,successful,none,0,0,LOW,95.0,615.39,584.6205,No action required
16006,101.4,1,84,12.675,2011-05-12 13:12:00,United Kingdom,210,checkout_abandoned,checkout_abandoned,1,55,MEDIUM,62.0,101.4,62.868,Send checkout reminder
16007,1701.94,4,1393,4.420623376623377,2011-10-23 11:05:00,United Kingdom,47,payment_failed,card_expired,1,40,MEDIUM,71.0,1701.94,1208.3774,Send payment recovery link
16008,478.78,3,323,14.508484848484848,2011-11-16 10:32:00,United Kingdom,23,successful,none,0,0,LOW,95.0,478.78,454.841,No action required
16009,992.71,4,378,11.030111111111111,2011-11-17 16:51:00,United Kingdom,21,successful,none,0,0,LOW,95.0,992.71,943.0745,No action required
16010,407.5,3,210,4.738372093023256,2011-04-08 10:14:00,United Kingdom,245,checkout_abandoned,checkout_abandoned,1,55,MEDIUM,62.0,407.5,252.65,Send checkout reminder
16011,3362.71,16,2042,15.86183962264151,2011-12-01 16:31:00,United Kingdom,7,successful,none,0,0,LOW,95.0,3362.71,3194.5745,No action required
16012,1415.29,3,799,15.05627659574468,2011-11-04 13:25:00,United Kingdom,34,successful,none,0,0,LOW,95.0,1415.29,1344.5255,No action required
16013,37130.6,47,15536,267.126618705036,2011-12-06 10:36:00,United Kingdom,3,successful,none,0,10,LOW,89.0,37130.6,33046.234,No action required
16014,662.38,3,265,4.5681379310344825,2011-11-02 12:04:00,United Kingdom,37,successful,none,0,0,LOW,95.0,662.38,629.261,No action required
16015,705.39,3,909,3.875769230769231,2011-12-06 10:58:00,United Kingdom,3,successful,none,0,0,LOW,95.0,705.39,670.1205,No action required
16016,1508.76,8,620,6.420255319148936,2011-12-06 14:35:00,United Kingdom,2,successful,none,0,0,LOW,95.0,1508.76,1433.3220000000001,No action required
16017,211.88,1,102,6.62125,2011-10-23 12:56:00,United Kingdom,46,payment_failed,card_expired,1,40,MEDIUM,71.0,211.88,150.4348,Send payment recovery link
16018,408.90000000000003,2,190,14.60357142857143,2011-10-31 14:13:00,United Kingdom,38,successful,none,0,0,LOW,95.0,408.90000000000003,388.455,No action required
16019,3786.2400000000002,9,1733,23.664,2011-10-24 11:51:00,United Kingdom,46,payment_failed,card_expired,1,40,MEDIUM,71.0,3786.2400000000002,2688.2304000000004,Send payment recovery link
16020,851.01,3,487,18.500217391304346,2011-11-23 11:18:00,United Kingdom,16,successful,none,0,0,LOW,95.0,851.01,808.4594999999999,No action required
16022,628.28,1,261,8.266842105263157,2011-03-24 13:16:00,United Kingdom,259,checkout_abandoned,checkout_abandoned,1,55,MEDIUM,62.0,628.28,389.5336,Send checkout reminder
16023,719.81,3,358,7.126831683168317,2011-10-24 16:34:00,United Kingdom,45,successful,none,0,0,LOW,95.0,719.81,683.8195,No action required
16024,251.24,1,398,3.925625,2011-11-27 13:26:00,United Kingdom,11,successful,none,0,0,LOW,95.0,251.24,238.678,No action required
16025,439.65999999999997,1,338,15.702142857142857,2011-11-10 11:45:00,United Kingdom,29,successful,none,0,0,LOW,95.0,439.65999999999997,417.67699999999996,No action required
16026,236.09,1,243,7.3778125,2011-10-27 13:53:00,United Kingdom,42,successful,none,0,0,LOW,95.0,236.09,224.28549999999998,No action required
16027,934.62,6,1147,58.41375,2011-09-09 10:47:00,United Kingdom,91,subscription_failed,insufficient_funds,1,60,MEDIUM,59.0,934.62,551.4258,Retry payment + reminder
16029,81024.84,63,40208,334.813388429752,2011-11-01 10:27:00,United Kingdom,38,successful,none,0,10,LOW,89.0,81024.84,72112.1076,No action required
16030,331.24,1,283,11.422068965517242,2011-02-03 11:28:00,United Kingdom,309,checkout_abandoned,checkout_abandoned,1,55,MEDIUM,62.0,331.24,205.36880000000002,Send checkout reminder
16031,548.94,2,423,5.489400000000001,2011-09-08 13:07:00,United Kingdom,91,subscription_failed,insufficient_funds,1,60,MEDIUM,59.0,548.94,323.87460000000004,Retry payment + reminder
16033,8816.4,20,3539,7.754089709762533,2011-12-04 12:44:00,United Kingdom,5,successful,none,0,10,LOW,89.0,8816.4,7846.596,No action required
16034,437.7,3,242,19.895454545454545,2011-05-27 16:17:00,United Kingdom,195,checkout_abandoned,checkout_abandoned,1,55,MEDIUM,62.0,437.7,271.37399999999997,Send checkout reminder
16036,758.92,2,716,13.798545454545454,2011-09-13 14:53:00,United Kingdom,86,payment_failed,card_expired,1,40,MEDIUM,71.0,758.92,538.8332,Send payment recovery link
16037,855.02,3,428,21.923589743589744,2011-03-15 09:13:00,United Kingdom,269,checkout_abandoned,checkout_abandoned,1,55,MEDIUM,62.0,855.02,530.1124,Send checkout reminder
16038,471.78000000000003,3,244,18.145384615384618,2011-12-02 12:40:00,United Kingdom,7,successful,none,0,0,LOW,95.0,471.78000000000003,448.19100000000003,No action required
16040,1313.55,3,684,20.20846153846154,2011-10-05 13:47:00,United Kingdom,64,payment_failed,card_expired,1,40,MEDIUM,71.0,1313.55,932.6205,Send payment recovery link
16041,3166.4,3,1584,527.7333333333333,2011-11-09 12:25:00,United Kingdom,30,successful,none,0,0,LOW,95.0,3166.4,3008.08,No action required
16042,1197.27,5,755,16.862957746478873,2011-11-17 17:50:00,United Kingdom,21,successful,none,0,0,LOW,95.0,1197.27,1137.4065,No action required
16043,773.99,4,503,19.845897435897434,2011-11-02 12:50:00,United Kingdom,37,successful,none,0,0,LOW,95.0,773.99,735.2905000000001,No action required
16045,1340.7,4,897,16.15301204819277,2011-08-12 12:41:00,United Kingdom,119,subscription_failed,insufficient_funds,1,60,MEDIUM,59.0,1340.7,791.013,Retry payment + reminder
16048,256.44,2,144,32.055,2010-12-01 15:28:00,United Kingdom,372,checkout_abandoned,checkout_abandoned,1,55,MEDIUM,62.0,256.44,158.99280000000002,Send checkout reminder
16049,1111.79,3,793,3.563429487179487,2011-10-30 13:19:00,United Kingdom,39,successful,none,0,0,LOW,95.0,1111.79,1056.2005,No action required
16050,137.9,1,278,13.790000000000001,2011-06-19 11:44:00,United Kingdom,173,subscription_failed,insufficient_funds,1,60,MEDIUM,59.0,137.9,81.361,Retry payment + reminder
16052,362.06,1,282,10.648823529411764,2011-10-16 15:13:00,United Kingdom,53,payment_failed,card_expired,1,40,MEDIUM,71.0,362.06,257.0626,Send payment recovery link
16053,1511.95,2,1793,17.999404761904763,2011-11-07 11:21:00,United Kingdom,32,successful,none,0,0,LOW,95.0,1511.95,1436.3525,No action required
16054,783.9,1,380,11.198571428571428,2011-07-17 13:08:00,United Kingdom,144,subscription_failed,insufficient_funds,1,60,MEDIUM,59.0,783.9,462.501,Retry payment + reminder
16055,134.8,1,22,16.85,2011-05-03 09:26:00,United Kingdom,220,checkout_abandoned,checkout_abandoned,1,55,MEDIUM,62.0,134.8,83.57600000000001,Send checkout reminder
16056,664.85,1,347,9.777205882352941,2011-10-25 15:19:00,United Kingdom,44,successful,none,0,0,LOW,95.0,664.85,631.6075,No action required
16057,2263.12,7,863,18.703471074380165,2011-11-23 15:23:00,United Kingdom,15,successful,none,0,0,LOW,95.0,2263.12,2149.964,No action required
16059,1459.8600000000001,6,643,8.110333333333333,2011-10-05 09:56:00,United Kingdom,65,payment_failed,card_expired,1,40,MEDIUM,71.0,1459.8600000000001,1036.5006,Send payment recovery link
16062,1153.62,4,800,18.0253125,2011-11-30 12:15:00,United Kingdom,9,successful,none,0,0,LOW,95.0,1153.62,1095.9389999999999,No action required
16063,335.32,1,262,14.57913043478261,2011-03-24 14:56:00,United Kingdom,259,checkout_abandoned,checkout_abandoned,1,55,MEDIUM,62.0,335.32,207.8984,Send checkout reminder
16065,372.09,1,231,5.028243243243243,2010-12-09 13:03:00,United Kingdom,364,checkout_abandoned,checkout_abandoned,1,55,MEDIUM,62.0,372.09,230.6958,Send checkout reminder
16066,1521.87,5,936,14.920294117647058,2011-11-23 11:54:00,United Kingdom,16,successful,none,0,0,LOW,95.0,1521.87,1445.7765,No action required
16070,852.15,2,457,25.82272727272727,2011-11-17 15:50:00,United Kingdom,21,successful,none,0,0,LOW,95.0,852.15,809.5425,No action required
16071,326.24,1,180,15.535238095238096,2011-10-26 11:14:00,United Kingdom,44,successful,none,0,0,LOW,95.0,326.24,309.928,No action required
16072,584.3199999999999,1,140,25.405217391304344,2011-02-24 14:32:00,United Kingdom,287,checkout_abandoned,checkout_abandoned,1,55,MEDIUM,62.0,584.3199999999999,362.2784,Send checkout reminder
16073,122.39999999999999,1,48,122.39999999999999,2011-02-15 15:41:00,United Kingdom,296,checkout_abandoned,checkout_abandoned,1,55,MEDIUM,62.0,122.39999999999999,75.88799999999999,Send checkout reminder
16076,2234.73,10,1435,17.323488372093024,2011-12-06 14:59:00,United Kingdom,2,successful,none,0,0,LOW,95.0,2234.73,2122.9935,No action required
16078,79.2,1,16,79.2,2011-03-01 09:47:00,United Kingdom,283,checkout_abandoned,checkout_abandoned,1,55,MEDIUM,62.0,79.2,49.104000000000006,Send checkout reminder
16079,1352.0,3,864,64.38095238095238,2011-11-23 12:48:00,United Kingdom,16,successful,none,0,0,LOW,95.0,1352.0,1284.4,No action required
16080,217.16,2,128,21.716,2011-09-19 10:42:00,United Kingdom,81,payment_failed,card_expired,1,40,MEDIUM,71.0,217.16,154.1836,Send payment recovery link
16081,2806.9,5,1477,12.365198237885464,2011-10-14 13:06:00,United Kingdom,55,payment_failed,card_expired,1,40,MEDIUM,71.0,2806.9,1992.899,Send payment recovery link
16083,1317.62,2,908,42.50387096774193,2011-08-31 10:47:00,United Kingdom,100,subscription_failed,insufficient_funds,1,60,MEDIUM,59.0,1317.62,777.3957999999999,Retry payment + reminder
16084,436.18,1,216,11.47842105263158,2011-02-13 16:05:00,United Kingdom,298,checkout_abandoned,checkout_abandoned,1,55,MEDIUM,62.0,436.18,270.4316,Send checkout reminder
16085,981.51,5,636,5.877305389221557,2011-11-16 13:24:00,United Kingdom,22,successful,none,0,0,LOW,95.0,981.51,932.4345,No action required
16086,1121.39,5,511,28.753589743589746,2011-10-11 13:09:00,United Kingdom,58,payment_failed,card_expired,1,40,MEDIUM,71.0,1121.39,796.1869,Send payment recovery link
16091,315.06,2,154,17.503333333333334,2011-07-08 08:45:00,United Kingdom,154,subscription_failed,insufficient_funds,1,60,MEDIUM,59.0,315.06,185.8854,Retry payment + reminder
16092,817.86,3,628,16.036470588235293,2011-08-17 10:46:00,United Kingdom,114,subscription_failed,insufficient_funds,1,60,MEDIUM,59.0,817.86,482.5374,Retry payment + reminder
16093,17.0,1,20,17.0,2011-08-25 11:09:00,United Kingdom,106,subscription_failed,insufficient_funds,1,60,MEDIUM,59.0,17.0,10.03,Retry payment + reminder
16094,1078.23,4,647,17.114761904761906,2011-11-28 12:45:00,United Kingdom,11,successful,none,0,0,LOW,95.0,1078.23,1024.3185,No action required
16096,320.62,1,155,26.718333333333334,2011-03-20 13:38:00,United Kingdom,263,checkout_abandoned,checkout_abandoned,1,55,MEDIUM,62.0,320.62,198.78439999999998,Send checkout reminder
16097,185.04999999999998,1,87,18.505,2011-04-13 13:47:00,United Kingdom,239,checkout_abandoned,checkout_abandoned,1,55,MEDIUM,62.0,185.04999999999998,114.73099999999998,Send checkout reminder
16098,2005.63,7,613,29.934776119402986,2011-09-13 09:59:00,United Kingdom,87,payment_failed,card_expired,1,40,MEDIUM,71.0,2005.63,1423.9973,Send payment recovery link
16099,731.9,3,434,18.766666666666666,2011-10-20 13:13:00,United Kingdom,49,payment_failed,card_expired,1,40,MEDIUM,71.0,731.9,519.649,Send payment recovery link
16101,1290.7,1,757,16.982894736842105,2011-09-30 10:18:00,United Kingdom,70,payment_failed,card_expired,1,40,MEDIUM,71.0,1290.7,916.3969999999999,Send payment recovery link
16102,1842.14,3,942,32.31824561403509,2011-10-28 13:19:00,United Kingdom,41,successful,none,0,0,LOW,95.0,1842.14,1750.0330000000001,No action required
16103,1429.64,6,558,29.784166666666668,2011-12-02 14:16:00,United Kingdom,6,successful,none,0,0,LOW,95.0,1429.64,1358.1580000000001,No action required
16104,302.36,1,123,10.426206896551724,2011-10-09 10:23:00,United Kingdom,61,payment_failed,card_expired,1,40,MEDIUM,71.0,302.36,214.6756,Send payment recovery link
16105,336.96,1,330,25.919999999999998,2011-04-05 10:13:00,United Kingdom,248,checkout_abandoned,checkout_abandoned,1,55,MEDIUM,62.0,336.96,208.9152,Send checkout reminder
16106,108.38,1,74,18.063333333333333,2011-10-05 10:37:00,United Kingdom,65,payment_failed,card_expired,1,40,MEDIUM,71.0,108.38,76.9498,Send payment recovery link
16107,3204.1600000000003,7,1176,103.36000000000001,2011-11-22 09:40:00,United Kingdom,17,successful,none,0,0,LOW,95.0,3204.1600000000003,3043.952,No action required
16108,842.5,1,615,17.552083333333332,2011-09-16 11:48:00,United Kingdom,84,payment_failed,card_expired,1,40,MEDIUM,71.0,842.5,598.175,Send payment recovery link
16109,611.88,2,612,33.99333333333333,2011-05-05 09:17:00,United Kingdom,218,checkout_abandoned,checkout_abandoned,1,55,MEDIUM,62.0,611.88,379.3656,Send checkout reminder
16110,1337.48,3,733,3.77819209039548,2011-10-25 14:35:00,United Kingdom,44,successful,none,0,0,LOW,95.0,1337.48,1270.606,No action required
16112,195.73999999999998,4,574,12.233749999999999,2011-07-19 14:28:00,United Kingdom,142,subscription_failed,insufficient_funds,1,60,MEDIUM,59.0,195.73999999999998,115.48659999999998,Retry payment + reminder
16113,161.38,1,176,5.379333333333333,2011-06-09 16:16:00,United Kingdom,182,checkout_abandoned,checkout_abandoned,1,55,MEDIUM,62.0,161.38,100.0556,Send checkout reminder
16114,135.75000000000003,1,43,16.968750000000004,2011-06-22 10:13:00,United Kingdom,170,subscription_failed,insufficient_funds,1,60,MEDIUM,59.0,135.75000000000003,80.09250000000002,Retry payment + reminder
16115,1667.97,8,1001,5.873133802816901,2011-11-30 11:32:00,United Kingdom,9,successful,none,0,0,LOW,95.0,1667.97,1584.5715,No action required
16116,612.78,1,248,18.02294117647059,2011-05-12 12:01:00,United Kingdom,211,checkout_abandoned,checkout_abandoned,1,55,MEDIUM,62.0,612.78,379.9236,Send checkout reminder
16117,232.21,1,130,7.740333333333334,2011-06-03 11:42:00,United Kingdom,189,checkout_abandoned,checkout_abandoned,1,55,MEDIUM,62.0,232.21,143.9702,Send checkout reminder
16119,423.36,2,240,26.46,2011-12-01 15:11:00,United Kingdom,7,successful,none,0,0,LOW,95.0,423.36,402.19200000000006,No action required
16120,1309.14,4,878,43.638000000000005,2011-10-11 14:22:00,United Kingdom,58,payment_failed,card_expired,1,40,MEDIUM,71.0,1309.14,929.4894,Send payment recovery link
16121,867.11,2,586,4.090141509433963,2011-10-13 12:59:00,United Kingdom,56,payment_failed,card_expired,1,40,MEDIUM,71.0,867.11,615.6481,Send payment recovery link
16122,684.4200000000001,4,1128,18.01105263157895,2011-09-27 15:34:00,United Kingdom,72,payment_failed,card_expired,1,40,MEDIUM,71.0,684.4200000000001,485.93820000000005,Send payment recovery link
16123,307.78,1,170,19.23625,2011-10-19 09:18:00,United Kingdom,51,payment_failed,card_expired,1,40,MEDIUM,71.0,307.78,218.52379999999997,Send payment recovery link
16124,249.0,1,48,22.636363636363637,2011-01-26 14:45:00,United Kingdom,316,checkout_abandoned,checkout_abandoned,1,55,MEDIUM,62.0,249.0,154.38,Send checkout reminder
16125,289.35,1,124,22.25769230769231,2010-12-07 15:48:00,United Kingdom,366,checkout_abandoned,checkout_abandoned,1,55,MEDIUM,62.0,289.35,179.39700000000002,Send checkout reminder
16126,6287.77,4,2125,53.741623931623934,2011-11-10 16:03:00,United Kingdom,28,successful,none,0,10,LOW,89.0,6287.77,5596.1153,No action required
16127,656.25,1,323,16.40625,2011-10-31 13:58:00,United Kingdom,38,successful,none,0,0,LOW,95.0,656.25,623.4375,No action required
16128,1880.22,5,988,21.126067415730336,2011-11-22 11:14:00,United Kingdom,17,successful,none,0,0,LOW,95.0,1880.22,1786.2089999999998,No action required
16131,3506.54,6,1802,44.95564102564102,2011-10-19 11:53:00,United Kingdom,51,payment_failed,card_expired,1,40,MEDIUM,71.0,3506.54,2489.6434,Send payment recovery link
16133,14589.04,33,8887,43.16284023668639,2011-12-06 11:24:00,United Kingdom,3,successful,none,0,10,LOW,89.0,14589.04,12984.2456,No action required
16134,618.09,2,371,17.659714285714287,2011-11-18 10:05:00,United Kingdom,21,successful,none,0,0,LOW,95.0,618.09,587.1855,No action required
16135,517.55,1,209,24.645238095238092,2011-03-22 12:30:00,United Kingdom,262,checkout_abandoned,checkout_abandoned,1,55,MEDIUM,62.0,517.55,320.881,Send checkout reminder
16136,709.38,3,440,19.172432432432434,2011-10-11 09:10:00,United Kingdom,59,payment_failed,card_expired,1,40,MEDIUM,71.0,709.38,503.6598,Send payment recovery link
16139,635.41,3,330,20.497096774193547,2011-11-21 08:37:00,United Kingdom,18,successful,none,0,0,LOW,95.0,635.41,603.6395,No action required
16140,725.18,2,730,20.71942857142857,2011-10-05 12:15:00,United Kingdom,65,payment_failed,card_expired,1,40,MEDIUM,71.0,725.18,514.8778,Send payment recovery link
16141,620.4,1,238,20.68,2011-09-12 13:11:00,United Kingdom,87,payment_failed,card_expired,1,40,MEDIUM,71.0,620.4,440.48400000000004,Send payment recovery link
16142,535.34,1,422,14.46864864864865,2011-04-04 10:16:00,United Kingdom,249,checkout_abandoned,checkout_abandoned,1,55,MEDIUM,62.0,535.34,331.9108,Send checkout reminder
16143,2424.94,6,919,20.725982905982907,2011-12-06 14:13:00,United Kingdom,2,successful,none,0,0,LOW,95.0,2424.94,2303.693,No action required
16144,175.2,1,16,175.2,2011-04-07 10:09:00,United Kingdom,246,checkout_abandoned,checkout_abandoned,1,55,MEDIUM,62.0,175.2,108.624,Send checkout reminder
16145,3799.4900000000002,11,3123,16.96200892857143,2011-12-01 10:33:00,United Kingdom,8,successful,none,0,0,LOW,95.0,3799.4900000000002,3609.5155000000004,No action required
16146,734.13,3,427,25.314827586206896,2011-07-05 14:20:00,United Kingdom,156,subscription_failed,insufficient_funds,1,60,MEDIUM,59.0,734.13,433.13669999999996,Retry payment + reminder
16147,375.0,1,246,17.045454545454547,2011-07-29 09:57:00,United Kingdom,133,subscription_failed,insufficient_funds,1,60,MEDIUM,59.0,375.0,221.25,Retry payment + reminder
16148,76.32000000000001,1,72,76.32000000000001,2011-02-16 14:01:00,United Kingdom,295,checkout_abandoned,checkout_abandoned,1,55,MEDIUM,62.0,76.32000000000001,47.318400000000004,Send checkout reminder
16149,280.52,2,308,15.584444444444443,2011-12-05 11:29:00,United Kingdom,4,successful,none,0,0,LOW,95.0,280.52,266.49399999999997,No action required
16150,2053.02,5,1047,17.547179487179488,2011-10-28 12:39:00,United Kingdom,42,successful,none,0,0,LOW,95.0,2053.02,1950.369,No action required
16152,1829.04,1,642,63.070344827586204,2011-03-16 09:47:00,United Kingdom,268,checkout_abandoned,checkout_abandoned,1,55,MEDIUM,62.0,1829.04,1134.0048,Send checkout reminder
16153,1824.23,5,1073,20.496966292134832,2011-10-21 10:50:00,United Kingdom,49,payment_failed,card_expired,1,40,MEDIUM,71.0,1824.23,1295.2033000000001,Send payment recovery link
16156,3122.04,9,1308,24.01569230769231,2011-12-01 12:42:00,United Kingdom,8,successful,none,0,0,LOW,95.0,3122.04,2965.938,No action required
16157,656.69,3,347,36.482777777777784,2011-11-24 11:41:00,United Kingdom,15,successful,none,0,0,LOW,95.0,656.69,623.8555,No action required
16159,348.2,1,236,24.87142857142857,2011-03-03 12:27:00,United Kingdom,281,checkout_abandoned,checkout_abandoned,1,55,MEDIUM,62.0,348.2,215.884,Send checkout reminder
16160,1025.44,2,1162,51.272000000000006,2011-10-05 14:19:00,United Kingdom,64,payment_failed,card_expired,1,40,MEDIUM,71.0,1025.44,728.0624,Send payment recovery link
16161,5575.56,19,2599,11.762784810126583,2011-12-08 12:10:00,United Kingdom,1,successful,none,0,10,LOW,89.0,5575.56,4962.2484,No action required
16162,37.4,1,4,18.7,2011-04-01 15:03:00,United Kingdom,251,checkout_abandoned,checkout_abandoned,1,55,MEDIUM,62.0,37.4,23.188,Send checkout reminder
16163,856.6,2,192,142.76666666666668,2011-04-21 15:15:00,United Kingdom,231,checkout_abandoned,checkout_abandoned,1,55,MEDIUM,62.0,856.6,531.0920000000001,Send checkout reminder
16164,822.48,3,433,24.19058823529412,2011-11-22 15:04:00,United Kingdom,16,successful,none,0,0,LOW,95.0,822.48,781.3560000000001,No action required
16168,3787.6,27,1892,38.648979591836735,2011-11-29 12:45:00,United Kingdom,10,successful,none,0,0,LOW,95.0,3787.6,3598.22,No action required
16169,1822.97,4,1325,21.44670588235294,2011-12-01 15:28:00,United Kingdom,7,successful,none,0,0,LOW,95.0,1822.97,1731.8215,No action required
16170,1885.05,6,1770,15.0804,2011-10-20 08:21:00,United Kingdom,50,payment_failed,card_expired,1,40,MEDIUM,71.0,1885.05,1338.3854999999999,Send payment recovery link
16171,73.2,1,24,24.400000000000002,2011-10-11 14:51:00,United Kingdom,58,payment_failed,card_expired,1,40,MEDIUM,71.0,73.2,51.972,Send payment recovery link
16172,1140.21,5,787,16.524782608695652,2011-09-05 13:22:00,United Kingdom,94,subscription_failed,insufficient_funds,1,60,MEDIUM,59.0,1140.21,672.7239,Retry payment + reminder
16173,1418.32,6,575,16.884761904761906,2011-11-24 10:53:00,United Kingdom,15,successful,none,0,0,LOW,95.0,1418.32,1347.404,No action required
16174,1009.5500000000001,3,651,43.89347826086957,2011-08-05 13:26:00,United Kingdom,125,subscription_failed,insufficient_funds,1,60,MEDIUM,59.0,1009.5500000000001,595.6345,Retry payment + reminder
16175,1037.59,4,533,17.889482758620687,2011-09-06 14:32:00,United Kingdom,93,subscription_failed,insufficient_funds,1,60,MEDIUM,59.0,1037.59,612.1781,Retry payment + reminder
16177,331.95,1,95,22.13,2011-10-20 12:57:00,United Kingdom,49,payment_failed,card_expired,1,40,MEDIUM,71.0,331.95,235.6845,Send payment recovery link
16178,197.9,1,94,24.7375,2011-07-24 16:05:00,United Kingdom,137,subscription_failed,insufficient_funds,1,60,MEDIUM,59.0,197.9,116.76100000000001,Retry payment + reminder
16179,215.83,1,99,19.62090909090909,2011-10-10 09:41:00,United Kingdom,60,payment_failed,card_expired,1,40,MEDIUM,71.0,215.83,153.23930000000001,Send payment recovery link
16180,10254.18,8,5867,63.29740740740741,2011-08-31 16:28:00,United Kingdom,99,subscription_failed,insufficient_funds,1,70,HIGH,53.0,10254.18,5434.7154,Retry payment + reminder
16181,305.54,1,152,27.776363636363637,2011-09-27 13:38:00,United Kingdom,72,payment_failed,card_expired,1,40,MEDIUM,71.0,305.54,216.9334,Send payment recovery link
16182,6617.65,4,3791,236.34464285714284,2011-09-28 13:23:00,United Kingdom,71,payment_failed,card_expired,1,50,MEDIUM,65.0,6617.65,4301.4725,Send payment recovery link
16183,338.71000000000004,1,113,22.58066666666667,2011-10-03 14:59:00,United Kingdom,66,payment_failed,card_expired,1,40,MEDIUM,71.0,338.71000000000004,240.48410000000004,Send payment recovery link
16184,1158.79,6,561,25.750888888888888,2011-10-06 17:43:00,United Kingdom,63,payment_failed,card_expired,1,40,MEDIUM,71.0,1158.79,822.7409,Send payment recovery link
16185,529.41,2,260,17.07774193548387,2011-11-23 09:41:00,United Kingdom,16,successful,none,0,0,LOW,95.0,529.41,502.93949999999995,No action required
16186,4006.94,12,3020,18.38045871559633,2011-11-17 12:43:00,United Kingdom,22,successful,none,0,0,LOW,95.0,4006.94,3806.593,No action required
16187,6911.4400000000005,15,5048,23.428610169491527,2011-11-08 09:50:00,United Kingdom,31,successful,none,0,10,LOW,89.0,6911.4400000000005,6151.1816,No action required
16188,981.86,4,782,14.654626865671641,2011-10-26 12:19:00,United Kingdom,44,successful,none,0,0,LOW,95.0,981.86,932.7669999999999,No action required
16189,215.48,2,134,19.58909090909091,2011-11-24 11:47:00,United Kingdom,15,successful,none,0,0,LOW,95.0,215.48,204.706,No action required
16190,215.08,1,88,35.84666666666667,2011-10-30 15:59:00,United Kingdom,39,successful,none,0,0,LOW,95.0,215.08,204.32600000000002,No action required
16191,5180.52,13,3351,38.66059701492538,2011-12-07 11:26:00,United Kingdom,2,successful,none,0,10,LOW,89.0,5180.52,4610.6628,No action required
16193,314.45,1,219,16.55,2011-04-17 11:45:00,United Kingdom,236,checkout_abandoned,checkout_abandoned,1,55,MEDIUM,62.0,314.45,194.95899999999997,Send checkout reminder
16198,400.68100000000004,1,129,26.71206666666667,2011-09-25 14:58:00,United Kingdom,74,payment_failed,card_expired,1,40,MEDIUM,71.0,400.68100000000004,284.48351,Send payment recovery link
16200,1080.6200000000001,2,523,6.036983240223464,2011-12-05 14:40:00,United Kingdom,3,successful,none,0,0,LOW,95.0,1080.6200000000001,1026.5890000000002,No action required
16201,1863.47,4,1286,16.78801801801802,2011-12-06 16:02:00,United Kingdom,2,successful,none,0,0,LOW,95.0,1863.47,1770.2965,No action required
16202,365.27,1,191,20.292777777777776,2010-12-14 10:43:00,United Kingdom,360,checkout_abandoned,checkout_abandoned,1,55,MEDIUM,62.0,365.27,226.46739999999997,Send checkout reminder
16203,592.9,4,262,16.939999999999998,2011-10-12 12:31:00,United Kingdom,58,payment_failed,card_expired,1,40,MEDIUM,71.0,592.9,420.959,Send payment recovery link
16204,405.71,1,231,7.117719298245614,2011-11-16 13:40:00,United Kingdom,22,successful,none,0,0,LOW,95.0,405.71,385.42449999999997,No action required
16205,761.38,4,517,7.769183673469388,2011-11-09 09:32:00,United Kingdom,30,successful,none,0,0,LOW,95.0,761.38,723.311,No action required
16206,537.0600000000001,4,272,8.524761904761906,2011-10-16 10:41:00,United Kingdom,54,payment_failed,card_expired,1,40,MEDIUM,71.0,537.0600000000001,381.31260000000003,Send payment recovery link
16207,394.38,1,140,20.756842105263157,2011-11-14 13:51:00,United Kingdom,24,successful,none,0,0,LOW,95.0,394.38,374.661,No action required
16208,664.26,2,333,10.064545454545454,2011-10-26 11:36:00,United Kingdom,44,successful,none,0,0,LOW,95.0,664.26,631.047,No action required
16209,2262.62,5,1179,49.18739130434783,2011-09-12 11:58:00,United Kingdom,88,payment_failed,card_expired,1,40,MEDIUM,71.0,2262.62,1606.4602,Send payment recovery link
16210,21086.3,18,7559,171.43333333333334,2011-12-08 12:36:00,United Kingdom,1,successful,none,0,10,LOW,89.0,21086.3,18766.807,No action required
16211,547.02,1,154,23.783478260869565,2011-09-12 12:11:00,United Kingdom,88,payment_failed,card_expired,1,40,MEDIUM,71.0,547.02,388.38419999999996,Send payment recovery link
16212,690.34,2,244,16.837560975609758,2011-11-20 13:00:00,United Kingdom,18,successful,none,0,0,LOW,95.0,690.34,655.823,No action required
16213,159.0,1,48,26.5,2011-09-22 10:03:00,United Kingdom,78,payment_failed,card_expired,1,40,MEDIUM,71.0,159.0,112.89,Send payment recovery link
16214,1062.75,3,420,24.15340909090909,2011-06-22 11:30:00,United Kingdom,170,subscription_failed,insufficient_funds,1,60,MEDIUM,59.0,1062.75,627.0225,Retry payment + reminder
16215,242.35,1,104,17.310714285714287,2011-09-20 10:18:00,United Kingdom,80,payment_failed,card_expired,1,40,MEDIUM,71.0,242.35,172.06849999999997,Send payment recovery link
16216,914.9300000000001,1,254,24.72783783783784,2011-03-17 15:34:00,United Kingdom,266,checkout_abandoned,checkout_abandoned,1,55,MEDIUM,62.0,914.9300000000001,567.2566,Send checkout reminder
16217,304.25,2,91,20.283333333333335,2011-04-18 13:31:00,United Kingdom,234,checkout_abandoned,checkout_abandoned,1,55,MEDIUM,62.0,304.25,188.635,Send checkout reminder
16218,3084.68,7,2088,36.72238095238095,2011-11-10 09:59:00,United Kingdom,29,successful,none,0,0,LOW,95.0,3084.68,2930.446,No action required
16221,864.86,3,717,8.916082474226805,2011-11-03 11:43:00,United Kingdom,36,successful,none,0,0,LOW,95.0,864.86,821.617,No action required
16222,846.72,1,365,6.18043795620438,2011-01-25 13:38:00,United Kingdom,317,checkout_abandoned,checkout_abandoned,1,55,MEDIUM,62.0,846.72,524.9664,Send checkout reminder
16224,1295.3,4,1116,13.492708333333333,2011-10-13 17:51:00,United Kingdom,56,payment_failed,card_expired,1,40,MEDIUM,71.0,1295.3,919.663,Send payment recovery link
16225,1096.32,5,493,8.181492537313432,2011-10-26 08:30:00,United Kingdom,44,successful,none,0,0,LOW,95.0,1096.32,1041.504,No action required
16226,255.12,3,192,31.89,2011-05-20 14:41:00,United Kingdom,202,checkout_abandoned,checkout_abandoned,1,55,MEDIUM,62.0,255.12,158.1744,Send checkout reminder
16227,314.22,1,90,52.370000000000005,2011-04-28 13:33:00,United Kingdom,224,checkout_abandoned,checkout_abandoned,1,55,MEDIUM,62.0,314.22,194.81640000000004,Send checkout reminder
16229,1010.6,2,318,21.50212765957447,2011-09-13 17:16:00,United Kingdom,86,payment_failed,card_expired,1,40,MEDIUM,71.0,1010.6,717.5260000000001,Send payment recovery link
16230,542.03,2,365,15.486571428571429,2011-06-03 10:06:00,United Kingdom,189,checkout_abandoned,checkout_abandoned,1,55,MEDIUM,62.0,542.03,336.0586,Send checkout reminder
16232,990.88,4,550,26.78054054054054,2011-10-27 12:16:00,United Kingdom,43,successful,none,0,0,LOW,95.0,990.88,941.336,No action required
16233,536.6800000000001,3,174,24.394545454545458,2011-09-29 17:27:00,United Kingdom,70,payment_failed,card_expired,1,40,MEDIUM,71.0,536.6800000000001,381.04280000000006,Send payment recovery link
16235,867.31,5,330,18.854565217391304,2011-10-30 10:56:00,United Kingdom,40,successful,none,0,0,LOW,95.0,867.31,823.9445,No action required
16236,432.2,1,184,21.61,2011-09-22 14:10:00,United Kingdom,77,payment_failed,card_expired,1,40,MEDIUM,71.0,432.2,306.862,Send payment recovery link
16239,414.2,2,228,21.8,2011-10-14 08:29:00,United Kingdom,56,payment_failed,card_expired,1,40,MEDIUM,71.0,414.2,294.082,Send payment recovery link
16240,3718.8,2,1641,27.546666666666667,2011-11-15 14:30:00,United Kingdom,23,successful,none,0,0,LOW,95.0,3718.8,3532.86,No action required
16241,2607.87,13,1453,3.939380664652568,2011-11-30 11:08:00,United Kingdom,9,successful,none,0,0,LOW,95.0,2607.87,2477.4764999999998,No action required
16242,3603.21,7,1982,12.255816326530612,2011-12-01 15:12:00,United Kingdom,7,successful,none,0,0,LOW,95.0,3603.21,3423.0495,No action required
16243,409.1,2,110,8.02156862745098,2011-11-06 12:32:00,United Kingdom,33,successful,none,0,0,LOW,95.0,409.1,388.645,No action required
16244,1522.75,2,855,16.733516483516482,2011-05-12 10:18:00,United Kingdom,211,checkout_abandoned,checkout_abandoned,1,55,MEDIUM,62.0,1522.75,944.105,Send checkout reminder
16245,1413.66,3,1014,15.707333333333334,2011-11-16 10:14:00,United Kingdom,23,successful,none,0,0,LOW,95.0,1413.66,1342.977,No action required
16247,114.56,1,182,7.16,2011-06-22 14:23:00,United Kingdom,169,subscription_failed,insufficient_funds,1,60,MEDIUM,59.0,114.56,67.5904,Retry payment + reminder
16248,152.94,1,78,21.84857142857143,2011-10-09 11:32:00,United Kingdom,61,payment_failed,card_expired,1,40,MEDIUM,71.0,152.94,108.5874,Send payment recovery link
16249,1800.07,5,950,26.08797101449275,2011-10-18 10:07:00,United Kingdom,52,payment_failed,card_expired,1,40,MEDIUM,71.0,1800.07,1278.0497,Send payment recovery link
16250,389.44,2,208,16.226666666666667,2011-03-23 15:07:00,United Kingdom,260,checkout_abandoned,checkout_abandoned,1,55,MEDIUM,62.0,389.44,241.4528,Send checkout reminder
16253,3683.86,2,3233,29.95008130081301,2011-10-04 09:09:00,United Kingdom,66,payment_failed,card_expired,1,40,MEDIUM,71.0,3683.86,2615.5406,Send payment recovery link
16255,2619.91,8,1767,9.70337037037037,2011-11-23 12:40:00,United Kingdom,16,successful,none,0,0,LOW,95.0,2619.91,2488.9145,No action required
16256,752.4300000000001,1,581,57.87923076923077,2011-03-18 12:18:00,United Kingdom,266,checkout_abandoned,checkout_abandoned,1,55,MEDIUM,62.0,752.4300000000001,466.50660000000005,Send checkout reminder
16257,46.95,1,2,23.475,2011-06-16 10:11:00,United Kingdom,176,subscription_failed,insufficient_funds,1,60,MEDIUM,59.0,46.95,27.7005,Retry payment + reminder
16258,5203.51,5,2994,38.54451851851852,2011-10-25 13:30:00,United Kingdom,44,successful,none,0,10,LOW,89.0,5203.51,4631.1239000000005,No action required
16260,1035.45,1,311,57.525000000000006,2011-10-20 09:40:00,United Kingdom,50,payment_failed,card_expired,1,40,MEDIUM,71.0,1035.45,735.1695,Send payment recovery link
16261,746.83,4,306,6.022822580645162,2011-11-22 17:23:00,United Kingdom,16,successful,none,0,0,LOW,95.0,746.83,709.4885,No action required
16265,5447.0,9,2646,21.112403100775193,2011-11-30 16:41:00,United Kingdom,8,successful,none,0,10,LOW,89.0,5447.0,4847.83,No action required
16266,861.89,7,398,14.129344262295081,2011-09-27 12:08:00,United Kingdom,73,payment_failed,card_expired,1,40,MEDIUM,71.0,861.89,611.9419,Send payment recovery link
16268,667.65,2,533,14.836666666666666,2011-09-29 18:30:00,United Kingdom,70,payment_failed,card_expired,1,40,MEDIUM,71.0,667.65,474.0315,Send payment recovery link
16270,1141.24,1,688,21.134074074074075,2010-12-21 14:26:00,United Kingdom,352,checkout_abandoned,checkout_abandoned,1,55,MEDIUM,62.0,1141.24,707.5688,Send checkout reminder
16271,1429.24,5,1038,10.746165413533834,2011-12-07 12:45:00,United Kingdom,2,successful,none,0,0,LOW,95.0,1429.24,1357.7779999999998,No action required
16272,411.7,1,224,16.468,2011-08-15 10:54:00,United Kingdom,116,subscription_failed,insufficient_funds,1,60,MEDIUM,59.0,411.7,242.903,Retry payment + reminder
16274,357.95,1,155,5.342537313432835,2010-12-01 15:35:00,United Kingdom,372,checkout_abandoned,checkout_abandoned,1,55,MEDIUM,62.0,357.95,221.92899999999997,Send checkout reminder
16275,559.87,1,336,16.965757575757575,2011-05-27 12:41:00,United Kingdom,196,checkout_abandoned,checkout_abandoned,1,55,MEDIUM,62.0,559.87,347.11940000000004,Send checkout reminder
16276,810.6000000000001,1,420,135.10000000000002,2011-06-16 09:34:00,United Kingdom,176,subscription_failed,insufficient_funds,1,60,MEDIUM,59.0,810.6000000000001,478.2540000000001,Retry payment + reminder
16278,566.38,1,114,24.625217391304346,2011-08-31 17:12:00,United Kingdom,99,subscription_failed,insufficient_funds,1,60,MEDIUM,59.0,566.38,334.1642,Retry payment + reminder
16279,1509.58,3,1054,14.10822429906542,2011-11-18 15:00:00,United Kingdom,20,successful,none,0,0,LOW,95.0,1509.58,1434.101,No action required
16281,2062.06,1,934,121.29764705882353,2011-09-28 14:57:00,United Kingdom,71,payment_failed,card_expired,1,40,MEDIUM,71.0,2062.06,1464.0626000000002,Send payment recovery link
16282,168.3,1,114,15.3,2011-01-04 11:42:00,United Kingdom,339,checkout_abandoned,checkout_abandoned,1,55,MEDIUM,62.0,168.3,104.346,Send checkout reminder
16283,1570.81,5,1236,9.462710843373493,2011-12-04 12:08:00,United Kingdom,5,successful,none,0,0,LOW,95.0,1570.81,1492.2694999999999,No action required
16284,823.97,2,544,7.559357798165138,2011-11-08 16:12:00,United Kingdom,30,successful,none,0,0,LOW,95.0,823.97,782.7715000000001,No action required
16287,142.5,1,298,17.8125,2011-06-23 09:08:00,United Kingdom,169,subscription_failed,insufficient_funds,1,60,MEDIUM,59.0,142.5,84.075,Retry payment + reminder
16292,302.25,1,191,17.779411764705884,2011-08-10 12:24:00,United Kingdom,121,subscription_failed,insufficient_funds,1,60,MEDIUM,59.0,302.25,178.3275,Retry payment + reminder
16293,2248.9900000000002,10,982,19.059237288135595,2011-11-18 09:58:00,United Kingdom,21,successful,none,0,0,LOW,95.0,2248.9900000000002,2136.5405,No action required
16295,1328.55,4,841,16.817088607594936,2011-11-30 08:17:00,United Kingdom,9,successful,none,0,0,LOW,95.0,1328.55,1262.1225,No action required
16297,301.9,1,206,15.094999999999999,2011-03-16 08:29:00,United Kingdom,268,checkout_abandoned,checkout_abandoned,1,55,MEDIUM,62.0,301.9,187.178,Send checkout reminder
16298,598.2,3,198,22.15555555555556,2011-11-17 11:59:00,United Kingdom,22,successful,none,0,0,LOW,95.0,598.2,568.2900000000001,No action required
16302,233.22,1,158,21.201818181818183,2011-08-05 09:44:00,United Kingdom,126,subscription_failed,insufficient_funds,1,60,MEDIUM,59.0,233.22,137.5998,Retry payment + reminder
16303,5360.63,3,2659,33.09030864197531,2011-11-14 10:49:00,United Kingdom,25,successful,none,0,10,LOW,89.0,5360.63,4770.9607,No action required
16305,361.21999999999997,1,256,16.419090909090908,2011-07-24 12:18:00,United Kingdom,138,subscription_failed,insufficient_funds,1,60,MEDIUM,59.0,361.21999999999997,213.1198,Retry payment + reminder
16306,632.27,6,487,15.42121951219512,2011-05-10 12:12:00,United Kingdom,213,checkout_abandoned,checkout_abandoned,1,55,MEDIUM,62.0,632.27,392.00739999999996,Send checkout reminder
16308,2560.0,4,8000,640.0,2011-11-02 11:24:00,United Kingdom,37,successful,none,0,0,LOW,95.0,2560.0,2432.0,No action required
16309,706.57,2,467,16.823095238095238,2011-08-25 15:35:00,United Kingdom,105,subscription_failed,insufficient_funds,1,60,MEDIUM,59.0,706.57,416.87630000000007,Retry payment + reminder
16311,616.26,2,394,16.655675675675674,2011-11-22 08:54:00,United Kingdom,17,successful,none,0,0,LOW,95.0,616.26,585.447,No action required
16313,274.15000000000003,2,165,17.134375000000002,2011-12-06 13:02:00,United Kingdom,2,successful,none,0,0,LOW,95.0,274.15000000000003,260.44250000000005,No action required
16315,226.37,1,75,16.169285714285714,2011-01-13 11:57:00,United Kingdom,330,checkout_abandoned,checkout_abandoned,1,55,MEDIUM,62.0,226.37,140.3494,Send checkout reminder
16316,2938.91,8,1484,19.46298013245033,2011-10-06 13:48:00,United Kingdom,63,payment_failed,card_expired,1,40,MEDIUM,71.0,2938.91,2086.6261,Send payment recovery link
16317,1341.65,3,890,19.444202898550724,2011-08-12 12:46:00,United Kingdom,119,subscription_failed,insufficient_funds,1,60,MEDIUM,59.0,1341.65,791.5735000000001,Retry payment + reminder
16318,328.15,1,199,17.271052631578947,2011-11-04 13:05:00,United Kingdom,34,successful,none,0,0,LOW,95.0,328.15,311.74249999999995,No action required
16319,404.40000000000003,1,72,134.8,2011-05-06 11:27:00,United Kingdom,217,checkout_abandoned,checkout_abandoned,1,55,MEDIUM,62.0,404.40000000000003,250.72800000000004,Send checkout reminder
16320,1038.46,2,732,18.543928571428573,2011-06-20 15:25:00,Unspecified,171,subscription_failed,insufficient_funds,1,60,MEDIUM,59.0,1038.46,612.6914,Retry payment + reminder
16321,373.65000000000003,5,135,31.137500000000003,2011-09-28 14:55:00,Australia,71,payment_failed,card_expired,1,40,MEDIUM,71.0,373.65000000000003,265.29150000000004,Send payment recovery link
16322,326.75,2,231,8.83108108108108,2011-12-08 15:41:00,United Kingdom,0,successful,none,0,0,LOW,95.0,326.75,310.4125,No action required
16323,207.50000000000003,1,50,207.50000000000003,2011-05-27 14:48:00,United Kingdom,195,checkout_abandoned,checkout_abandoned,1,55,MEDIUM,62.0,207.50000000000003,128.65,Send checkout reminder
16324,428.68,3,282,3.6328813559322035,2011-08-03 12:58:00,United Kingdom,127,subscription_failed,insufficient_funds,1,60,MEDIUM,59.0,428.68,252.9212,Retry payment + reminder
16325,594.24,3,194,33.013333333333335,2011-10-24 08:48:00,United Kingdom,46,payment_failed,card_expired,1,40,MEDIUM,71.0,594.24,421.9104,Send payment recovery link
16326,3110.96,14,709,9.752225705329154,2011-12-04 10:11:00,United Kingdom,5,successful,none,0,0,LOW,95.0,3110.96,2955.4120000000003,No action required
16327,3844.22,6,2571,12.050846394984326,2011-11-25 13:23:00,United Kingdom,13,successful,none,0,0,LOW,95.0,3844.22,3652.0089999999996,No action required
16330,251.91,3,147,6.4592307692307696,2011-11-22 12:24:00,United Kingdom,17,successful,none,0,0,LOW,95.0,251.91,239.3145,No action required
16332,1593.2,7,801,10.413071895424837,2011-11-11 14:22:00,United Kingdom,27,successful,none,0,0,LOW,95.0,1593.2,1513.54,No action required
16333,26626.8,22,32184,591.7066666666667,2011-12-02 12:19:00,United Kingdom,7,successful,none,0,10,LOW,89.0,26626.8,23697.852,No action required
16337,151.05,1,87,15.105,2011-11-03 10:03:00,United Kingdom,36,successful,none,0,0,LOW,95.0,151.05,143.49750000000003,No action required
16338,214.79999999999998,1,94,19.527272727272727,2011-07-05 13:56:00,United Kingdom,156,subscription_failed,insufficient_funds,1,60,MEDIUM,59.0,214.79999999999998,126.73199999999999,Retry payment + reminder
16339,109.95,1,23,5.4975000000000005,2011-02-28 13:41:00,United Kingdom,283,checkout_abandoned,checkout_abandoned,1,55,MEDIUM,62.0,109.95,68.16900000000001,Send checkout reminder
16340,549.07,1,501,3.5886928104575166,2011-08-24 14:53:00,United Kingdom,106,subscription_failed,insufficient_funds,1,60,MEDIUM,59.0,549.07,323.95130000000006,Retry payment + reminder
16341,1971.87,4,1398,25.6087012987013,2011-11-15 09:12:00,United Kingdom,24,successful,none,0,0,LOW,95.0,1971.87,1873.2765,No action required
16342,322.41,4,157,21.494000000000003,2011-09-25 14:36:00,United Kingdom,74,payment_failed,card_expired,1,40,MEDIUM,71.0,322.41,228.9111,Send payment recovery link
16343,370.47999999999996,2,195,7.882553191489361,2011-11-23 17:45:00,United Kingdom,15,successful,none,0,0,LOW,95.0,370.47999999999996,351.95599999999996,No action required
16344,101.10000000000001,1,18,50.550000000000004,2011-07-04 15:50:00,United Kingdom,157,subscription_failed,insufficient_funds,1,60,MEDIUM,59.0,101.10000000000001,59.64900000000001,Retry payment + reminder
16345,575.41,1,289,15.14236842105263,2011-10-26 16:03:00,United Kingdom,43,successful,none,0,0,LOW,95.0,575.41,546.6395,No action required
16347,887.65,2,353,9.648369565217392,2011-11-28 13:14:00,United Kingdom,10,successful,none,0,0,LOW,95.0,887.65,843.2675,No action required
16348,1469.45,7,819,6.252978723404255,2011-11-07 15:44:00,United Kingdom,31,successful,none,0,0,LOW,95.0,1469.45,1395.9775,No action required
16349,53.5,1,9,5.944444444444445,2011-02-22 12:40:00,United Kingdom,290,checkout_abandoned,checkout_abandoned,1,55,MEDIUM,62.0,53.5,33.17,Send checkout reminder
16350,1116.47,4,545,19.58719298245614,2011-11-18 15:53:00,United Kingdom,20,successful,none,0,0,LOW,95.0,1116.47,1060.6465,No action required
16351,153.9,1,90,19.2375,2011-01-11 10:26:00,United Kingdom,332,checkout_abandoned,checkout_abandoned,1,55,MEDIUM,62.0,153.9,95.418,Send checkout reminder
16352,494.44,2,300,17.658571428571427,2011-11-22 10:32:00,United Kingdom,17,successful,none,0,0,LOW,95.0,494.44,469.718,No action required
16353,6675.71,23,2006,71.0181914893617,2011-12-06 12:23:00,United Kingdom,3,successful,none,0,10,LOW,89.0,6675.71,5941.3819,No action required
16354,395.8,2,150,10.148717948717948,2011-10-07 14:28:00,United Kingdom,62,payment_failed,card_expired,1,40,MEDIUM,71.0,395.8,281.018,Send payment recovery link
16356,211.77,3,93,6.831290322580646,2011-05-26 11:51:00,United Kingdom,197,checkout_abandoned,checkout_abandoned,1,55,MEDIUM,62.0,211.77,131.2974,Send checkout reminder
16357,658.88,3,246,19.378823529411765,2011-11-06 16:04:00,United Kingdom,32,successful,none,0,0,LOW,95.0,658.88,625.936,No action required
16358,2027.5,4,1302,18.60091743119266,2011-12-08 15:09:00,United Kingdom,0,successful,none,0,0,LOW,95.0,2027.5,1926.125,No action required
16359,1750.92,9,1183,26.52909090909091,2011-12-02 17:04:00,United Kingdom,6,successful,none,0,0,LOW,95.0,1750.92,1663.374,No action required
16360,3512.53,6,2144,5.305936555891239,2011-12-05 12:16:00,United Kingdom,4,successful,none,0,0,LOW,95.0,3512.53,3336.9035000000003,No action required
16361,896.66,4,421,8.459056603773584,2011-11-30 12:32:00,United Kingdom,9,successful,none,0,0,LOW,95.0,896.66,851.827,No action required
16362,734.77,5,351,9.071234567901234,2011-11-07 13:01:00,United Kingdom,31,successful,none,0,0,LOW,95.0,734.77,698.0314999999999,No action required
16363,109.36000000000001,1,52,21.872000000000003,2011-10-17 14:14:00,United Kingdom,52,payment_failed,card_expired,1,40,MEDIUM,71.0,109.36000000000001,77.64560000000002,Send payment recovery link
16364,707.04,2,280,13.340377358490565,2011-11-28 11:27:00,United Kingdom,11,successful,none,0,0,LOW,95.0,707.04,671.688,No action required
16365,1540.42,9,504,30.2043137254902,2011-11-22 11:24:00,United Kingdom,17,successful,none,0,0,LOW,95.0,1540.42,1463.399,No action required
16366,327.3,1,256,18.183333333333334,2011-11-21 08:19:00,United Kingdom,18,successful,none,0,0,LOW,95.0,327.3,310.935,No action required
16367,804.49,2,647,6.188384615384615,2011-11-02 13:13:00,United Kingdom,36,successful,none,0,0,LOW,95.0,804.49,764.2655,No action required
16368,497.43,2,260,6.545131578947369,2011-12-07 13:12:00,United Kingdom,1,successful,none,0,0,LOW,95.0,497.43,472.5585,No action required
16369,1553.66,3,1035,13.166610169491527,2011-11-21 16:25:00,United Kingdom,17,successful,none,0,0,LOW,95.0,1553.66,1475.977,No action required
16370,1320.56,4,647,5.791929824561404,2011-09-18 15:55:00,United Kingdom,81,payment_failed,card_expired,1,40,MEDIUM,71.0,1320.56,937.5975999999999,Send payment recovery link
16372,367.93,2,166,3.7930927835051547,2011-11-06 13:08:00,United Kingdom,32,successful,none,0,0,LOW,95.0,367.93,349.5335,No action required
16374,473.03000000000003,2,240,4.261531531531531,2011-10-04 15:21:00,United Kingdom,65,payment_failed,card_expired,1,40,MEDIUM,71.0,473.03000000000003,335.85130000000004,Send payment recovery link
16376,987.01,2,694,7.8960799999999995,2011-12-01 11:38:00,United Kingdom,8,successful,none,0,0,LOW,95.0,987.01,937.6595,No action required
16377,676.2,1,1500,135.24,2011-03-17 15:41:00,United Kingdom,266,checkout_abandoned,checkout_abandoned,1,55,MEDIUM,62.0,676.2,419.244,Send checkout reminder
16378,362.95,3,267,15.780434782608696,2011-04-06 15:07:00,United Kingdom,246,checkout_abandoned,checkout_abandoned,1,55,MEDIUM,62.0,362.95,225.02899999999997,Send checkout reminder
16379,2157.4,4,1410,19.975925925925928,2011-12-05 15:38:00,United Kingdom,3,successful,none,0,0,LOW,95.0,2157.4,2049.53,No action required
16380,1780.59,1,1524,55.6434375,2011-10-09 15:40:00,United Kingdom,60,payment_failed,card_expired,1,40,MEDIUM,71.0,1780.59,1264.2189,Send payment recovery link
16383,668.36,2,475,6.552549019607843,2011-09-26 12:45:00,United Kingdom,74,payment_failed,card_expired,1,40,MEDIUM,71.0,668.36,474.5356,Send payment recovery link
16384,584.5,2,260,17.71212121212121,2011-09-11 11:19:00,United Kingdom,89,payment_failed,card_expired,1,40,MEDIUM,71.0,584.5,414.995,Send payment recovery link
16385,555.89,3,261,9.42186440677966,2011-10-10 13:12:00,United Kingdom,59,payment_failed,card_expired,1,40,MEDIUM,71.0,555.89,394.68190000000004,Send payment recovery link
16386,317.2,2,224,3.6045454545454545,2011-11-11 12:28:00,United Kingdom,28,successful,none,0,0,LOW,95.0,317.2,301.34,No action required
16387,94.36,1,44,23.59,2011-01-21 11:34:00,United Kingdom,322,checkout_abandoned,checkout_abandoned,1,55,MEDIUM,62.0,94.36,58.5032,Send checkout reminder
16389,1382.07,4,1242,40.64911764705882,2011-10-17 14:41:00,United Kingdom,52,payment_failed,card_expired,1,40,MEDIUM,71.0,1382.07,981.2697000000001,Send payment recovery link
16392,221.19,1,203,4.915333333333333,2011-03-15 12:11:00,United Kingdom,269,checkout_abandoned,checkout_abandoned,1,55,MEDIUM,62.0,221.19,137.1378,Send checkout reminder
16393,3046.21,13,1576,9.230939393939394,2011-12-07 12:51:00,United Kingdom,1,successful,none,0,0,LOW,95.0,3046.21,2893.8995,No action required
16394,1555.34,5,2604,18.73903614457831,2011-10-14 09:48:00,United Kingdom,56,payment_failed,card_expired,1,40,MEDIUM,71.0,1555.34,1104.2914,Send payment recovery link
16395,1486.9,5,1476,7.080476190476191,2011-10-10 12:50:00,United Kingdom,60,payment_failed,card_expired,1,40,MEDIUM,71.0,1486.9,1055.699,Send payment recovery link
16398,1705.8,2,758,20.802439024390242,2011-07-08 15:16:00,United Kingdom,153,subscription_failed,insufficient_funds,1,60,MEDIUM,59.0,1705.8,1006.422,Retry payment + reminder
16399,408.57,2,264,5.596849315068493,2011-11-20 16:12:00,United Kingdom,18,successful,none,0,0,LOW,95.0,408.57,388.1415,No action required
16400,303.93,1,172,10.480344827586206,2011-09-06 12:27:00,United Kingdom,94,subscription_failed,insufficient_funds,1,60,MEDIUM,59.0,303.93,179.31869999999998,Retry payment + reminder
16401,4098.32,12,3882,22.033978494623653,2011-12-08 18:15:00,United Kingdom,0,successful,none,0,0,LOW,95.0,4098.32,3893.4039999999995,No action required
16402,299.6,2,149,4.993333333333334,2011-03-20 12:25:00,United Kingdom,264,checkout_abandoned,checkout_abandoned,1,55,MEDIUM,62.0,299.6,185.752,Send checkout reminder
16403,177.5,1,114,17.75,2011-01-31 13:39:00,United Kingdom,311,checkout_abandoned,checkout_abandoned,1,55,MEDIUM,62.0,177.5,110.05,Send checkout reminder
16404,443.05,1,157,19.26304347826087,2011-09-30 14:55:00,United Kingdom,69,payment_failed,card_expired,1,40,MEDIUM,71.0,443.05,314.5655,Send payment recovery link
16405,167.25,2,187,33.45,2011-02-10 15:24:00,United Kingdom,301,checkout_abandoned,checkout_abandoned,1,55,MEDIUM,62.0,167.25,103.695,Send checkout reminder
16406,163.07,1,122,2.6301612903225804,2011-11-21 11:57:00,United Kingdom,18,successful,none,0,0,LOW,95.0,163.07,154.91649999999998,No action required
16407,2126.93,10,1124,12.365872093023254,2011-11-27 11:05:00,United Kingdom,12,successful,none,0,0,LOW,95.0,2126.93,2020.5834999999997,No action required
16409,2028.88,5,1306,8.745172413793103,2011-11-03 16:45:00,United Kingdom,35,successful,none,0,0,LOW,95.0,2028.88,1927.4360000000001,No action required
16411,214.65,2,132,4.7700000000000005,2011-11-20 13:23:00,United Kingdom,18,successful,none,0,0,LOW,95.0,214.65,203.9175,No action required
16412,151.83,1,73,4.338,2011-10-17 12:35:00,United Kingdom,53,payment_failed,card_expired,1,40,MEDIUM,71.0,151.83,107.7993,Send payment recovery link
16413,262.2,1,148,8.458064516129031,2011-10-14 12:08:00,United Kingdom,56,payment_failed,card_expired,1,40,MEDIUM,71.0,262.2,186.162,Send payment recovery link
16414,126.25,2,27,18.035714285714285,2011-11-18 09:42:00,United Kingdom,21,successful,none,0,0,LOW,95.0,126.25,119.9375,No action required
16415,210.35,1,187,3.89537037037037,2011-10-26 13:35:00,United Kingdom,43,successful,none,0,0,LOW,95.0,210.35,199.8325,No action required
16416,1051.4,3,672,14.808450704225354,2011-11-13 12:50:00,United Kingdom,26,successful,none,0,0,LOW,95.0,1051.4,998.8300000000002,No action required
16418,675.27,3,288,6.620294117647059,2011-10-26 12:39:00,United Kingdom,44,successful,none,0,0,LOW,95.0,675.27,641.5065,No action required
16419,972.23,6,436,19.063333333333333,2011-08-19 12:33:00,United Kingdom,112,subscription_failed,insufficient_funds,1,60,MEDIUM,59.0,972.23,573.6157,Retry payment + reminder
16422,34684.4,51,33704,93.99566395663958,2011-11-22 14:00:00,United Kingdom,16,successful,none,0,10,LOW,89.0,34684.4,30869.116,No action required
16423,346.12,1,230,19.22888888888889,2011-11-15 09:21:00,United Kingdom,24,successful,none,0,0,LOW,95.0,346.12,328.814,No action required
16424,133.56,1,88,26.712,2011-06-01 13:40:00,United Kingdom,190,checkout_abandoned,checkout_abandoned,1,55,MEDIUM,62.0,133.56,82.8072,Send checkout reminder
16425,302.7,1,199,14.414285714285715,2011-02-10 14:30:00,United Kingdom,301,checkout_abandoned,checkout_abandoned,1,55,MEDIUM,62.0,302.7,187.67399999999998,Send checkout reminder
16426,1908.25,10,1243,5.129704301075269,2011-12-07 14:01:00,United Kingdom,1,successful,none,0,0,LOW,95.0,1908.25,1812.8375,No action required
16427,241.06,2,156,26.784444444444446,2011-03-21 17:10:00,United Kingdom,262,checkout_abandoned,checkout_abandoned,1,55,MEDIUM,62.0,241.06,149.4572,Send checkout reminder
16429,284.55,1,9,142.275,2011-08-25 13:54:00,United Kingdom,105,subscription_failed,insufficient_funds,1,60,MEDIUM,59.0,284.55,167.8845,Retry payment + reminder
16430,300.85,1,103,50.14166666666667,2011-10-13 14:47:00,United Kingdom,56,payment_failed,card_expired,1,40,MEDIUM,71.0,300.85,213.60350000000003,Send payment recovery link
16431,642.81,3,453,7.744698795180722,2011-05-10 14:09:00,United Kingdom,212,checkout_abandoned,checkout_abandoned,1,55,MEDIUM,62.0,642.81,398.5421999999999,Send checkout reminder
16432,287.4,1,276,35.925,2011-10-06 13:59:00,United Kingdom,63,payment_failed,card_expired,1,40,MEDIUM,71.0,287.4,204.05399999999997,Send payment recovery link
16433,184.26,1,106,10.838823529411764,2011-11-11 14:09:00,United Kingdom,27,successful,none,0,0,LOW,95.0,184.26,175.047,No action required
16434,1522.25,7,767,13.965596330275229,2011-11-10 14:28:00,United Kingdom,28,successful,none,0,0,LOW,95.0,1522.25,1446.1375,No action required
16438,798.35,5,463,6.04810606060606,2011-12-04 10:51:00,United Kingdom,5,successful,none,0,0,LOW,95.0,798.35,758.4325,No action required
16440,3640.67,5,2018,12.91017730496454,2011-12-02 12:02:00,United Kingdom,7,successful,none,0,0,LOW,95.0,3640.67,3458.6365,No action required
16441,381.2,2,173,15.883333333333333,2011-10-03 17:48:00,United Kingdom,66,payment_failed,card_expired,1,40,MEDIUM,71.0,381.2,270.652,Send payment recovery link
16442,616.79,3,446,3.5447701149425286,2011-12-08 11:43:00,United Kingdom,1,successful,none,0,0,LOW,95.0,616.79,585.9504999999999,No action required
16444,654.67,4,407,7.793690476190475,2011-10-24 13:50:00,United Kingdom,45,successful,none,0,0,LOW,95.0,654.67,621.9364999999999,No action required
16445,230.51,1,111,3.658888888888889,2011-11-06 12:32:00,United Kingdom,33,successful,none,0,0,LOW,95.0,230.51,218.9845,No action required
16446,168472.5,2,80997,56157.5,2011-12-09 09:15:00,United Kingdom,0,successful,none,0,10,LOW,89.0,168472.5,149940.525,No action required
16447,259.01,1,223,7.194722222222222,2011-07-27 12:45:00,United Kingdom,135,subscription_failed,insufficient_funds,1,60,MEDIUM,59.0,259.01,152.8159,Retry payment + reminder
16448,188.89000000000001,1,78,9.444500000000001,2011-05-25 16:28:00,United Kingdom,197,checkout_abandoned,checkout_abandoned,1,55,MEDIUM,62.0,188.89000000000001,117.1118,Send checkout reminder
16449,707.69,2,367,17.69225,2011-05-26 10:25:00,United Kingdom,197,checkout_abandoned,checkout_abandoned,1,55,MEDIUM,62.0,707.69,438.7678000000001,Send checkout reminder
16450,311.92,1,200,28.35636363636364,2011-07-13 11:47:00,United Kingdom,149,subscription_failed,insufficient_funds,1,60,MEDIUM,59.0,311.92,184.03280000000004,Retry payment + reminder
16451,266.97,1,120,19.069285714285716,2011-09-13 09:17:00,United Kingdom,87,payment_failed,card_expired,1,40,MEDIUM,71.0,266.97,189.54870000000003,Send payment recovery link
16454,6.9,2,3,3.45,2011-10-26 11:40:00,United Kingdom,44,successful,none,0,0,LOW,95.0,6.9,6.555,No action required
16455,1841.18,7,988,18.59777777777778,2011-10-07 12:17:00,United Kingdom,63,payment_failed,card_expired,1,40,MEDIUM,71.0,1841.18,1307.2377999999999,Send payment recovery link
16456,2158.37,5,1148,19.444774774774775,2011-09-01 13:50:00,United Kingdom,98,subscription_failed,insufficient_funds,1,60,MEDIUM,59.0,2158.37,1273.4382999999998,Retry payment + reminder
16457,208.36,1,140,23.151111111111113,2011-05-05 13:19:00,United Kingdom,217,checkout_abandoned,checkout_abandoned,1,55,MEDIUM,62.0,208.36,129.18320000000003,Send checkout reminder
16458,3482.7400000000002,18,2154,17.241287128712873,2011-12-07 09:34:00,United Kingdom,2,successful,none,0,0,LOW,95.0,3482.7400000000002,3308.6030000000005,No action required
16460,814.72,3,879,6.034962962962963,2011-11-11 13:46:00,United Kingdom,27,successful,none,0,0,LOW,95.0,814.72,773.984,No action required
16461,151.42,1,49,4.588484848484848,2011-06-15 12:07:00,United Kingdom,177,subscription_failed,insufficient_funds,1,60,MEDIUM,59.0,151.42,89.33779999999999,Retry payment + reminder
16462,136.0,3,16,45.333333333333336,2011-09-27 10:24:00,United Kingdom,73,payment_failed,card_expired,1,40,MEDIUM,71.0,136.0,96.56,Send payment recovery link
16463,1422.4,4,1163,17.346341463414635,2011-11-18 14:01:00,United Kingdom,20,successful,none,0,0,LOW,95.0,1422.4,1351.28,No action required
16464,1314.68,3,963,5.570677966101695,2011-11-20 12:11:00,United Kingdom,19,successful,none,0,0,LOW,95.0,1314.68,1248.9460000000001,No action required
16466,1603.46,7,789,10.834189189189189,2011-11-06 11:35:00,United Kingdom,33,successful,none,0,0,LOW,95.0,1603.46,1523.287,No action required
16468,74.9,1,31,37.45,2011-09-26 14:13:00,United Kingdom,73,payment_failed,card_expired,1,40,MEDIUM,71.0,74.9,53.179,Send payment recovery link
16469,650.43,4,273,3.5737912087912087,2011-11-16 12:25:00,United Kingdom,23,successful,none,0,0,LOW,95.0,650.43,617.9085,No action required
16470,762.39,4,531,4.484647058823529,2011-10-19 12:11:00,United Kingdom,51,payment_failed,card_expired,1,40,MEDIUM,71.0,762.39,541.2969,Send payment recovery link
16471,223.95000000000002,1,141,17.22692307692308,2011-03-10 09:41:00,United Kingdom,274,checkout_abandoned,checkout_abandoned,1,55,MEDIUM,62.0,223.95000000000002,138.84900000000002,Send checkout reminder
16473,316.11,3,196,17.561666666666667,2011-06-28 09:10:00,United Kingdom,164,subscription_failed,insufficient_funds,1,60,MEDIUM,59.0,316.11,186.50490000000002,Retry payment + reminder
16474,1871.5,7,943,5.198611111111111,2011-12-02 13:02:00,United Kingdom,6,successful,none,0,0,LOW,95.0,1871.5,1777.925,No action required
16475,544.3,4,319,19.439285714285713,2011-09-12 14:37:00,United Kingdom,87,payment_failed,card_expired,1,40,MEDIUM,71.0,544.3,386.453,Send payment recovery link
16477,2494.46,7,1415,17.085342465753424,2011-10-07 09:44:00,United Kingdom,63,payment_failed,card_expired,1,40,MEDIUM,71.0,2494.46,1771.0666,Send payment recovery link
16478,331.0,3,224,19.470588235294116,2011-11-14 15:51:00,United Kingdom,24,successful,none,0,0,LOW,95.0,331.0,314.45,No action required
16479,300.83,2,102,8.595142857142857,2011-11-29 13:40:00,United Kingdom,9,successful,none,0,0,LOW,95.0,300.83,285.7885,No action required
16480,769.29,1,455,14.514905660377357,2011-09-25 11:40:00,United Kingdom,75,payment_failed,card_expired,1,40,MEDIUM,71.0,769.29,546.1958999999999,Send payment recovery link
16482,220.62,1,346,12.256666666666668,2011-11-24 12:33:00,United Kingdom,15,successful,none,0,0,LOW,95.0,220.62,209.58900000000003,No action required
16483,139.35,1,44,7.334210526315789,2011-05-31 13:08:00,United Kingdom,191,checkout_abandoned,checkout_abandoned,1,55,MEDIUM,62.0,139.35,86.39699999999999,Send checkout reminder
16484,404.3,2,200,16.172,2011-06-19 12:06:00,United Kingdom,173,subscription_failed,insufficient_funds,1,60,MEDIUM,59.0,404.3,238.537,Retry payment + reminder
16485,363.65,1,235,8.658333333333333,2011-09-23 15:50:00,United Kingdom,76,payment_failed,card_expired,1,40,MEDIUM,71.0,363.65,258.19149999999996,Send payment recovery link
16488,498.8,3,728,17.2,2011-11-06 13:42:00,United Kingdom,32,successful,none,0,0,LOW,95.0,498.8,473.86,No action required
16491,731.5,1,478,18.756410256410255,2011-10-24 10:18:00,United Kingdom,46,payment_failed,card_expired,1,40,MEDIUM,71.0,731.5,519.365,Send payment recovery link
16493,1351.63,4,1164,24.13625,2011-09-21 11:10:00,United Kingdom,79,payment_failed,card_expired,1,40,MEDIUM,71.0,1351.63,959.6573000000001,Send payment recovery link
16494,826.53,1,675,16.5306,2011-02-16 12:49:00,United Kingdom,296,checkout_abandoned,checkout_abandoned,1,55,MEDIUM,62.0,826.53,512.4486,Send checkout reminder
16495,684.41,3,337,7.055773195876288,2011-12-06 13:20:00,United Kingdom,2,successful,none,0,0,LOW,95.0,684.41,650.1895,No action required
16496,1599.52,3,1111,16.837052631578945,2011-12-01 10:31:00,United Kingdom,8,successful,none,0,0,LOW,95.0,1599.52,1519.5439999999999,No action required
16497,2965.69,6,1396,21.80654411764706,2011-10-21 10:55:00,United Kingdom,49,payment_failed,card_expired,1,40,MEDIUM,71.0,2965.69,2105.6399,Send payment recovery link
16498,100.97,2,45,6.731333333333334,2011-07-01 15:07:00,United Kingdom,160,subscription_failed,insufficient_funds,1,60,MEDIUM,59.0,100.97,59.5723,Retry payment + reminder
16499,365.45,2,127,19.23421052631579,2010-12-14 13:31:00,United Kingdom,359,checkout_abandoned,checkout_abandoned,1,55,MEDIUM,62.0,365.45,226.57899999999998,Send checkout reminder
16500,400.86,6,123,36.441818181818185,2011-12-05 12:04:00,United Kingdom,4,successful,none,0,0,LOW,95.0,400.86,380.81700000000006,No action required
16503,1431.93,4,569,17.046785714285715,2011-08-25 11:46:00,United Kingdom,106,subscription_failed,insufficient_funds,1,60,MEDIUM,59.0,1431.93,844.8387000000001,Retry payment + reminder
16504,484.38,1,524,5.632325581395349,2011-11-14 15:18:00,United Kingdom,24,successful,none,0,0,LOW,95.0,484.38,460.161,No action required
16505,777.6,1,576,194.4,2011-11-08 12:14:00,United Kingdom,31,successful,none,0,0,LOW,95.0,777.6,738.72,No action required
16506,90.30000000000001,2,42,30.100000000000005,2011-11-20 12:17:00,United Kingdom,19,successful,none,0,0,LOW,95.0,90.30000000000001,85.78500000000003,No action required
16509,363.7,1,64,27.976923076923075,2011-02-16 09:25:00,United Kingdom,296,checkout_abandoned,checkout_abandoned,1,55,MEDIUM,62.0,363.7,225.49399999999997,Send checkout reminder
16510,248.1,1,92,19.084615384615383,2010-12-02 13:39:00,United Kingdom,371,checkout_abandoned,checkout_abandoned,1,55,MEDIUM,62.0,248.1,153.822,Send checkout reminder
16511,950.26,3,417,5.6228402366863905,2011-11-18 10:41:00,United Kingdom,21,successful,none,0,0,LOW,95.0,950.26,902.747,No action required
16513,874.59,4,407,24.988285714285716,2011-12-05 10:18:00,United Kingdom,4,successful,none,0,0,LOW,95.0,874.59,830.8605,No action required
16515,1627.13,5,833,14.399380530973453,2011-10-18 13:10:00,United Kingdom,51,payment_failed,card_expired,1,40,MEDIUM,71.0,1627.13,1155.2623,Send payment recovery link
16516,101.69999999999999,1,58,16.95,2011-11-09 14:59:00,United Kingdom,29,successful,none,0,0,LOW,95.0,101.69999999999999,96.61499999999998,No action required
16517,162.7,1,96,9.570588235294117,2011-03-07 13:50:00,United Kingdom,276,checkout_abandoned,checkout_abandoned,1,55,MEDIUM,62.0,162.7,100.874,Send checkout reminder
16518,484.32,2,327,12.108,2011-10-09 15:04:00,United Kingdom,60,payment_failed,card_expired,1,40,MEDIUM,71.0,484.32,343.8672,Send payment recovery link
16519,215.07999999999998,2,54,16.544615384615383,2011-11-14 15:41:00,United Kingdom,24,successful,none,0,0,LOW,95.0,215.07999999999998,204.326,No action required
16520,1046.57,3,558,6.708782051282051,2011-06-06 13:24:00,United Kingdom,185,checkout_abandoned,checkout_abandoned,1,55,MEDIUM,62.0,1046.57,648.8734,Send checkout reminder
16523,9418.470000000001,21,4265,32.477482758620695,2011-12-08 09:06:00,United Kingdom,1,successful,none,0,10,LOW,89.0,9418.470000000001,8382.438300000002,No action required
16525,13027.45,26,7397,71.18825136612023,2011-12-07 15:07:00,United Kingdom,1,successful,none,0,10,LOW,89.0,13027.45,11594.4305,No action required
16526,290.36,1,106,19.357333333333333,2011-06-21 12:02:00,United Kingdom,171,subscription_failed,insufficient_funds,1,60,MEDIUM,59.0,290.36,171.31240000000003,Retry payment + reminder
16527,228.06,1,106,16.29,2011-09-19 16:21:00,United Kingdom,80,payment_failed,card_expired,1,40,MEDIUM,71.0,228.06,161.9226,Send payment recovery link
16528,244.41,1,171,14.377058823529412,2011-12-06 12:45:00,United Kingdom,3,successful,none,0,0,LOW,95.0,244.41,232.1895,No action required
16529,455.25,1,198,15.175,2011-06-02 17:23:00,United Kingdom,189,checkout_abandoned,checkout_abandoned,1,55,MEDIUM,62.0,455.25,282.255,Send checkout reminder
16531,1244.59,7,915,16.163506493506492,2011-11-17 16:29:00,United Kingdom,21,successful,none,0,0,LOW,95.0,1244.59,1182.3604999999998,No action required
16532,6748.8,3,2016,1687.2,2011-11-22 11:08:00,United Kingdom,17,successful,none,0,10,LOW,89.0,6748.8,6006.432000000001,No action required
16533,1095.56,3,612,6.189604519774011,2011-11-20 13:08:00,United Kingdom,18,successful,none,0,0,LOW,95.0,1095.56,1040.782,No action required
16535,593.75,1,356,19.153225806451612,2011-12-04 15:18:00,United Kingdom,4,successful,none,0,0,LOW,95.0,593.75,564.0625,No action required
16536,548.97,1,251,9.981272727272728,2011-08-21 15:54:00,United Kingdom,109,subscription_failed,insufficient_funds,1,60,MEDIUM,59.0,548.97,323.89230000000003,Retry payment + reminder
16539,1388.81,4,477,30.862444444444442,2011-12-07 08:41:00,United Kingdom,2,successful,none,0,0,LOW,95.0,1388.81,1319.3694999999998,No action required
16542,119.62,1,46,23.924,2011-10-17 10:47:00,United Kingdom,53,payment_failed,card_expired,1,40,MEDIUM,71.0,119.62,84.9302,Send payment recovery link
16545,339.3,1,78,113.10000000000001,2011-06-28 10:37:00,United Kingdom,164,subscription_failed,insufficient_funds,1,60,MEDIUM,59.0,339.3,200.187,Retry payment + reminder
16546,787.15,2,549,31.486,2011-02-22 11:20:00,United Kingdom,290,checkout_abandoned,checkout_abandoned,1,55,MEDIUM,62.0,787.15,488.03299999999996,Send checkout reminder
16549,4154.64,10,2365,4.235107033639144,2011-11-29 15:06:00,United Kingdom,9,successful,none,0,0,LOW,95.0,4154.64,3946.9080000000004,No action required
16550,2298.97,5,1540,9.159243027888445,2011-08-23 11:12:00,United Kingdom,108,subscription_failed,insufficient_funds,1,60,MEDIUM,59.0,2298.97,1356.3922999999998,Retry payment + reminder
16551,922.12,3,970,28.81625,2011-09-05 09:38:00,United Kingdom,95,subscription_failed,insufficient_funds,1,60,MEDIUM,59.0,922.12,544.0508,Retry payment + reminder
16552,379.73,2,219,22.337058823529414,2011-04-11 10:04:00,United Kingdom,242,checkout_abandoned,checkout_abandoned,1,55,MEDIUM,62.0,379.73,235.4326,Send checkout reminder
16553,5719.82,12,4600,68.09309523809523,2011-06-29 15:42:00,United Kingdom,162,subscription_failed,insufficient_funds,1,70,HIGH,53.0,5719.82,3031.5045999999998,Retry payment + reminder
16554,837.1,3,402,16.098076923076924,2011-10-28 14:51:00,United Kingdom,41,successful,none,0,0,LOW,95.0,837.1,795.245,No action required
16555,285.89,2,175,16.81705882352941,2011-11-04 14:31:00,United Kingdom,34,successful,none,0,0,LOW,95.0,285.89,271.5955,No action required
16556,3313.79,7,1890,16.008647342995168,2011-10-04 11:36:00,United Kingdom,66,payment_failed,card_expired,1,40,MEDIUM,71.0,3313.79,2352.7909,Send payment recovery link
16557,281.85,2,111,25.622727272727275,2011-11-15 14:04:00,United Kingdom,23,successful,none,0,0,LOW,95.0,281.85,267.75750000000005,No action required
16558,8338.49,20,5377,18.127152173913043,2011-12-09 10:20:00,United Kingdom,0,successful,none,0,10,LOW,89.0,8338.49,7421.2561,No action required
16560,841.41,2,500,15.02517857142857,2011-11-13 10:35:00,United Kingdom,26,successful,none,0,0,LOW,95.0,841.41,799.3394999999999,No action required
16561,511.12,2,244,16.48774193548387,2011-12-04 11:50:00,United Kingdom,5,successful,none,0,0,LOW,95.0,511.12,485.564,No action required
16563,1077.74,1,486,56.72315789473684,2011-10-17 11:51:00,United Kingdom,53,payment_failed,card_expired,1,40,MEDIUM,71.0,1077.74,765.1954,Send payment recovery link
16565,173.7,1,46,57.9,2010-12-10 15:21:00,United Kingdom,363,checkout_abandoned,checkout_abandoned,1,55,MEDIUM,62.0,173.7,107.694,Send checkout reminder
16566,614.66,5,362,34.147777777777776,2011-11-24 16:34:00,United Kingdom,14,successful,none,0,0,LOW,95.0,614.66,583.927,No action required
16567,865.6,2,996,24.731428571428573,2011-05-29 13:57:00,United Kingdom,193,checkout_abandoned,checkout_abandoned,1,55,MEDIUM,62.0,865.6,536.672,Send checkout reminder
16569,124.2,1,93,24.84,2011-12-06 15:32:00,United Kingdom,2,successful,none,0,0,LOW,95.0,124.2,117.99,No action required
16570,3738.4,10,2112,29.66984126984127,2011-11-24 17:02:00,United Kingdom,14,successful,none,0,0,LOW,95.0,3738.4,3551.48,No action required
16571,1421.69,3,1239,16.34126436781609,2011-11-13 11:46:00,United Kingdom,26,successful,none,0,0,LOW,95.0,1421.69,1350.6055000000001,No action required
16572,1009.6,3,532,17.712280701754388,2011-08-04 16:34:00,United Kingdom,126,subscription_failed,insufficient_funds,1,60,MEDIUM,59.0,1009.6,595.664,Retry payment + reminder
16573,663.61,2,360,15.800238095238095,2011-09-16 09:13:00,United Kingdom,84,payment_failed,card_expired,1,40,MEDIUM,71.0,663.61,471.1631,Send payment recovery link
16574,451.44,1,416,16.122857142857143,2011-09-29 13:39:00,United Kingdom,70,payment_failed,card_expired,1,40,MEDIUM,71.0,451.44,320.5224,Send payment recovery link
16581,105.84,1,134,11.76,2011-06-10 10:05:00,United Kingdom,182,checkout_abandoned,checkout_abandoned,1,55,MEDIUM,62.0,105.84,65.6208,Send checkout reminder
16582,313.62,1,164,52.27,2011-08-18 17:02:00,United Kingdom,112,subscription_failed,insufficient_funds,1,60,MEDIUM,59.0,313.62,185.03580000000002,Retry payment + reminder
16583,233.45,1,111,16.675,2010-12-01 12:03:00,United Kingdom,373,checkout_abandoned,checkout_abandoned,1,55,MEDIUM,62.0,233.45,144.739,Send checkout reminder
16584,936.08,2,646,33.431428571428576,2011-09-20 13:45:00,United Kingdom,79,payment_failed,card_expired,1,40,MEDIUM,71.0,936.08,664.6168000000001,Send payment recovery link
16586,463.95,1,95,57.99375,2011-04-05 09:32:00,United Kingdom,248,checkout_abandoned,checkout_abandoned,1,55,MEDIUM,62.0,463.95,287.649,Send checkout reminder
16587,225.15,1,71,17.31923076923077,2011-04-21 15:51:00,United Kingdom,231,checkout_abandoned,checkout_abandoned,1,55,MEDIUM,62.0,225.15,139.59300000000002,Send checkout reminder
16589,459.24,3,368,13.916363636363636,2011-09-29 14:50:00,United Kingdom,70,payment_failed,card_expired,1,40,MEDIUM,71.0,459.24,326.0604,Send payment recovery link
16591,213.5,1,41,21.35,2011-10-02 10:43:00,United Kingdom,68,payment_failed,card_expired,1,40,MEDIUM,71.0,213.5,151.585,Send payment recovery link
16592,4113.68,16,2927,19.044814814814817,2011-12-05 13:49:00,United Kingdom,3,successful,none,0,0,LOW,95.0,4113.68,3907.9960000000005,No action required
16593,330.03,3,116,12.223333333333333,2011-10-20 12:41:00,United Kingdom,50,payment_failed,card_expired,1,40,MEDIUM,71.0,330.03,234.32129999999998,Send payment recovery link
16594,181.09,1,64,3.416792452830189,2011-09-25 14:08:00,United Kingdom,74,payment_failed,card_expired,1,40,MEDIUM,71.0,181.09,128.57389999999998,Send payment recovery link
16595,360.16,1,335,4.237176470588236,2011-10-09 13:15:00,United Kingdom,60,payment_failed,card_expired,1,40,MEDIUM,71.0,360.16,255.7136,Send payment recovery link
16596,250.15,2,97,20.845833333333335,2011-11-24 10:02:00,United Kingdom,15,successful,none,0,0,LOW,95.0,250.15,237.6425,No action required
16597,90.04,1,184,12.862857142857143,2011-12-05 15:44:00,United Kingdom,3,successful,none,0,0,LOW,95.0,90.04,85.53800000000001,No action required
16598,145.04999999999998,1,73,14.504999999999999,2011-02-27 11:42:00,United Kingdom,285,checkout_abandoned,checkout_abandoned,1,55,MEDIUM,62.0,145.04999999999998,89.93099999999998,Send checkout reminder
16600,813.52,6,1145,13.121290322580645,2011-12-05 16:00:00,United Kingdom,3,successful,none,0,0,LOW,95.0,813.52,772.8439999999999,No action required
16601,244.79999999999998,1,134,7.896774193548387,2011-10-30 11:09:00,United Kingdom,40,successful,none,0,0,LOW,95.0,244.79999999999998,232.56,No action required
16602,528.08,1,336,18.209655172413793,2011-11-03 15:54:00,United Kingdom,35,successful,none,0,0,LOW,95.0,528.08,501.67600000000004,No action required
16603,482.47,2,480,14.19029411764706,2011-09-26 10:06:00,United Kingdom,74,payment_failed,card_expired,1,40,MEDIUM,71.0,482.47,342.55370000000005,Send payment recovery link
16607,3347.71,14,2859,19.46343023255814,2011-11-22 10:24:00,United Kingdom,17,successful,none,0,0,LOW,95.0,3347.71,3180.3245,No action required
16609,5493.46,7,2420,19.903840579710145,2011-11-24 13:32:00,United Kingdom,14,successful,none,0,10,LOW,89.0,5493.46,4889.1794,No action required
16610,75.66,1,66,12.61,2011-05-04 13:13:00,United Kingdom,218,checkout_abandoned,checkout_abandoned,1,55,MEDIUM,62.0,75.66,46.9092,Send checkout reminder
16611,129.49,1,47,12.949000000000002,2011-06-06 15:46:00,United Kingdom,185,checkout_abandoned,checkout_abandoned,1,55,MEDIUM,62.0,129.49,80.28380000000001,Send checkout reminder
16612,1187.66,4,506,17.994848484848486,2011-11-07 07:38:00,United Kingdom,32,successful,none,0,0,LOW,95.0,1187.66,1128.277,No action required
16613,618.59,1,293,20.619666666666667,2011-09-30 15:52:00,United Kingdom,69,payment_failed,card_expired,1,40,MEDIUM,71.0,618.59,439.1989,Send payment recovery link
16614,506.19,1,223,19.468846153846155,2011-06-10 11:36:00,United Kingdom,182,checkout_abandoned,checkout_abandoned,1,55,MEDIUM,62.0,506.19,313.8378,Send checkout reminder
16616,500.42,2,370,15.164242424242424,2011-11-24 16:31:00,United Kingdom,14,successful,none,0,0,LOW,95.0,500.42,475.399,No action required
16617,151.85,1,91,30.369999999999997,2011-04-18 10:35:00,United Kingdom,235,checkout_abandoned,checkout_abandoned,1,55,MEDIUM,62.0,151.85,94.14699999999999,Send checkout reminder
16618,2647.59,5,1363,27.579062500000003,2011-11-08 13:52:00,United Kingdom,30,successful,none,0,0,LOW,95.0,2647.59,2515.2105,No action required
16619,226.21,1,133,16.157857142857143,2011-03-21 08:18:00,United Kingdom,263,checkout_abandoned,checkout_abandoned,1,55,MEDIUM,62.0,226.21,140.2502,Send checkout reminder
16620,178.96,2,88,19.884444444444444,2011-12-06 12:19:00,United Kingdom,3,successful,none,0,0,LOW,95.0,178.96,170.012,No action required
16621,813.48,4,302,28.05103448275862,2011-10-19 11:38:00,United Kingdom,51,payment_failed,card_expired,1,40,MEDIUM,71.0,813.48,577.5708,Send payment recovery link
16623,129.45,1,39,25.889999999999997,2011-04-08 10:09:00,United Kingdom,245,checkout_abandoned,checkout_abandoned,1,55,MEDIUM,62.0,129.45,80.259,Send checkout reminder
16624,810.5699999999999,2,488,16.886875,2011-09-20 12:39:00,United Kingdom,80,payment_failed,card_expired,1,40,MEDIUM,71.0,810.5699999999999,575.5047,Send payment recovery link
16625,333.08,1,164,14.481739130434782,2011-03-10 12:50:00,United Kingdom,274,checkout_abandoned,checkout_abandoned,1,55,MEDIUM,62.0,333.08,206.50959999999998,Send checkout reminder
16626,4413.1,17,2690,24.65418994413408,2011-12-09 11:56:00,United Kingdom,0,successful,none,0,0,LOW,95.0,4413.1,4192.445000000001,No action required
16627,322.8,1,162,16.14,2011-09-21 14:38:00,United Kingdom,78,payment_failed,card_expired,1,40,MEDIUM,71.0,322.8,229.188,Send payment recovery link
16628,2188.05,5,1205,18.701282051282053,2011-11-10 12:45:00,United Kingdom,29,successful,none,0,0,LOW,95.0,2188.05,2078.6475000000005,No action required
16629,417.73,2,493,6.52703125,2011-09-27 10:34:00,United Kingdom,73,payment_failed,card_expired,1,40,MEDIUM,71.0,417.73,296.5883,Send payment recovery link
16633,2883.1,6,1138,18.967763157894737,2011-11-22 13:41:00,United Kingdom,16,successful,none,0,0,LOW,95.0,2883.1,2738.945,No action required
16634,217.9,2,82,24.211111111111112,2011-05-01 12:09:00,United Kingdom,222,checkout_abandoned,checkout_abandoned,1,55,MEDIUM,62.0,217.9,135.098,Send checkout reminder
16637,1154.47,4,927,16.73144927536232,2011-11-07 13:17:00,United Kingdom,31,successful,none,0,0,LOW,95.0,1154.47,1096.7465000000002,No action required
16638,1680.72,10,1255,17.88,2011-11-17 11:09:00,United Kingdom,22,successful,none,0,0,LOW,95.0,1680.72,1596.684,No action required
16639,1257.51,3,510,25.150199999999998,2011-11-08 13:20:00,United Kingdom,30,successful,none,0,0,LOW,95.0,1257.51,1194.6345,No action required
16641,231.10000000000002,1,256,19.258333333333336,2011-08-26 12:49:00,United Kingdom,105,subscription_failed,insufficient_funds,1,60,MEDIUM,59.0,231.10000000000002,136.34900000000002,Retry payment + reminder
16642,688.33,2,479,20.245,2011-12-05 11:31:00,United Kingdom,4,successful,none,0,0,LOW,95.0,688.33,653.9135000000001,No action required
16643,487.51,1,269,18.055925925925926,2011-04-08 08:24:00,United Kingdom,245,checkout_abandoned,checkout_abandoned,1,55,MEDIUM,62.0,487.51,302.2562,Send checkout reminder
16644,833.78,2,826,13.448064516129032,2011-06-15 12:39:00,United Kingdom,177,subscription_failed,insufficient_funds,1,60,MEDIUM,59.0,833.78,491.93019999999996,Retry payment + reminder
16647,214.06,2,146,15.290000000000001,2011-06-23 11:47:00,United Kingdom,169,subscription_failed,insufficient_funds,1,60,MEDIUM,59.0,214.06,126.29540000000001,Retry payment + reminder
16648,290.65999999999997,1,281,15.297894736842103,2011-10-28 08:58:00,United Kingdom,42,successful,none,0,0,LOW,95.0,290.65999999999997,276.12699999999995,No action required
16650,518.42,1,372,21.60083333333333,2011-09-29 09:51:00,United Kingdom,71,payment_failed,card_expired,1,40,MEDIUM,71.0,518.42,368.0782,Send payment recovery link
16652,6773.97,7,3283,57.406525423728816,2011-10-12 09:38:00,United Kingdom,58,payment_failed,card_expired,1,50,MEDIUM,65.0,6773.97,4403.0805,Send payment recovery link
16653,1212.66,2,733,17.574782608695653,2011-11-23 14:51:00,United Kingdom,15,successful,none,0,0,LOW,95.0,1212.66,1152.027,No action required
16654,601.27,4,282,20.733448275862067,2011-07-21 15:23:00,United Kingdom,140,subscription_failed,insufficient_funds,1,60,MEDIUM,59.0,601.27,354.7493,Retry payment + reminder
16655,3794.52,6,2367,14.538390804597702,2011-11-22 11:25:00,United Kingdom,17,successful,none,0,0,LOW,95.0,3794.52,3604.7940000000003,No action required
16656,8625.8,15,8894,118.16164383561643,2011-11-17 14:43:00,United Kingdom,21,successful,none,0,10,LOW,89.0,8625.8,7676.9619999999995,No action required
16657,933.62,4,1229,4.488557692307692,2011-11-30 11:48:00,United Kingdom,9,successful,none,0,0,LOW,95.0,933.62,886.939,No action required
16658,123.24,1,40,15.405,2010-12-06 13:47:00,United Kingdom,367,checkout_abandoned,checkout_abandoned,1,55,MEDIUM,62.0,123.24,76.4088,Send checkout reminder
16659,39.12,1,72,19.56,2011-06-03 15:03:00,United Kingdom,188,checkout_abandoned,checkout_abandoned,1,55,MEDIUM,62.0,39.12,24.2544,Send checkout reminder
16660,1267.6499999999999,4,571,79.22812499999999,2011-11-23 14:53:00,United Kingdom,15,successful,none,0,0,LOW,95.0,1267.6499999999999,1204.2675,No action required
16665,135.39999999999998,1,59,15.044444444444443,2010-12-12 14:03:00,United Kingdom,361,checkout_abandoned,checkout_abandoned,1,55,MEDIUM,62.0,135.39999999999998,83.948,Send checkout reminder
16666,118.98,1,233,3.718125,2011-11-20 14:01:00,United Kingdom,18,successful,none,0,0,LOW,95.0,118.98,113.031,No action required
16667,570.13,2,237,10.757169811320754,2011-10-02 15:26:00,United Kingdom,67,payment_failed,card_expired,1,40,MEDIUM,71.0,570.13,404.7923,Send payment recovery link
16668,306.71999999999997,6,318,15.335999999999999,2011-11-24 17:43:00,United Kingdom,14,successful,none,0,0,LOW,95.0,306.71999999999997,291.38399999999996,No action required
16669,1374.8700000000001,3,888,8.592937500000001,2011-11-16 12:26:00,United Kingdom,23,successful,none,0,0,LOW,95.0,1374.8700000000001,1306.1265,No action required
16670,4095.9,11,2556,16.25357142857143,2011-11-23 09:34:00,United Kingdom,16,successful,none,0,0,LOW,95.0,4095.9,3891.105,No action required
16671,1692.27,3,875,282.045,2011-11-11 13:40:00,United Kingdom,27,successful,none,0,0,LOW,95.0,1692.27,1607.6565,No action required
16672,8134.9400000000005,20,2832,71.35912280701754,2011-12-07 16:29:00,United Kingdom,1,successful,none,0,10,LOW,89.0,8134.9400000000005,7240.096600000001,No action required
16674,319.61,2,188,3.261326530612245,2011-10-16 11:31:00,United Kingdom,54,payment_failed,card_expired,1,40,MEDIUM,71.0,319.61,226.9231,Send payment recovery link
16676,1592.1200000000001,4,636,17.888988764044946,2011-11-06 12:01:00,United Kingdom,33,successful,none,0,0,LOW,95.0,1592.1200000000001,1512.5140000000001,No action required
16678,3109.99,12,2397,19.07969325153374,2011-12-07 12:17:00,United Kingdom,2,successful,none,0,0,LOW,95.0,3109.99,2954.4905,No action required
16679,129.75,1,29,43.25,2010-12-08 13:51:00,United Kingdom,365,checkout_abandoned,checkout_abandoned,1,55,MEDIUM,62.0,129.75,80.445,Send checkout reminder
16680,183.7,1,94,18.369999999999997,2011-10-27 17:35:00,United Kingdom,42,successful,none,0,0,LOW,95.0,183.7,174.515,No action required
16681,1770.34,6,1407,40.235,2011-09-28 11:11:00,United Kingdom,72,payment_failed,card_expired,1,40,MEDIUM,71.0,1770.34,1256.9414,Send payment recovery link
16682,1028.0,5,1040,34.266666666666666,2011-12-05 12:13:00,United Kingdom,4,successful,none,0,0,LOW,95.0,1028.0,976.6,No action required
16684,66653.56,28,50255,240.6265703971119,2011-12-05 14:06:00,United Kingdom,3,successful,none,0,10,LOW,89.0,66653.56,59321.668399999995,No action required
16685,324.24,2,396,5.2296774193548385,2011-10-09 13:58:00,United Kingdom,60,payment_failed,card_expired,1,40,MEDIUM,71.0,324.24,230.21040000000002,Send payment recovery link
16686,3062.83,7,2030,5.235606837606838,2011-10-23 13:49:00,United Kingdom,46,payment_failed,card_expired,1,40,MEDIUM,71.0,3062.83,2174.6093,Send payment recovery link
16688,1260.86,4,804,20.336451612903225,2011-12-08 15:24:00,United Kingdom,0,successful,none,0,0,LOW,95.0,1260.86,1197.817,No action required
16689,422.59999999999997,2,330,32.5076923076923,2011-09-25 11:39:00,United Kingdom,75,payment_failed,card_expired,1,40,MEDIUM,71.0,422.59999999999997,300.046,Send payment recovery link
16690,225.57999999999998,2,138,18.798333333333332,2011-09-28 15:02:00,United Kingdom,71,payment_failed,card_expired,1,40,MEDIUM,71.0,225.57999999999998,160.16179999999997,Send payment recovery link
16692,1276.0,2,152,425.3333333333333,2011-03-28 14:46:00,United Kingdom,255,checkout_abandoned,checkout_abandoned,1,55,MEDIUM,62.0,1276.0,791.12,Send checkout reminder
16693,482.01,2,204,8.0335,2011-10-02 11:10:00,United Kingdom,68,payment_failed,card_expired,1,40,MEDIUM,71.0,482.01,342.2271,Send payment recovery link
16696,657.9000000000001,4,146,65.79,2011-07-27 14:23:00,United Kingdom,134,subscription_failed,insufficient_funds,1,60,MEDIUM,59.0,657.9000000000001,388.16100000000006,Retry payment + reminder
16697,112.75,1,27,5.369047619047619,2011-04-12 17:12:00,United Kingdom,240,checkout_abandoned,checkout_abandoned,1,55,MEDIUM,62.0,112.75,69.905,Send checkout reminder
16698,1998.0,2,840,399.6,2011-04-27 10:52:00,United Kingdom,226,checkout_abandoned,checkout_abandoned,1,55,MEDIUM,62.0,1998.0,1238.76,Send checkout reminder
16700,5076.55,13,4024,16.482305194805196,2011-12-01 11:00:00,United Kingdom,8,successful,none,0,10,LOW,89.0,5076.55,4518.1295,No action required
16701,5398.3,13,6393,37.488194444444446,2011-12-01 11:10:00,United Kingdom,8,successful,none,0,10,LOW,89.0,5398.3,4804.487,No action required
16705,14034.99,20,5476,51.98144444444444,2011-12-09 12:08:00,United Kingdom,0,successful,none,0,10,LOW,89.0,14034.99,12491.141099999999,No action required
16706,531.35,3,249,4.319918699186992,2011-11-02 13:50:00,United Kingdom,36,successful,none,0,0,LOW,95.0,531.35,504.7825,No action required
16708,656.63,1,285,24.31962962962963,2011-10-25 12:20:00,United Kingdom,45,successful,none,0,0,LOW,95.0,656.63,623.7985,No action required
16709,3029.87,5,851,38.35278481012658,2011-09-16 10:56:00,United Kingdom,84,payment_failed,card_expired,1,40,MEDIUM,71.0,3029.87,2151.2077,Send payment recovery link
16710,2483.04,10,1836,6.1767164179104475,2011-11-20 14:50:00,United Kingdom,18,successful,none,0,0,LOW,95.0,2483.04,2358.888,No action required
16711,1651.03,5,833,75.04681818181818,2011-12-06 16:32:00,United Kingdom,2,successful,none,0,0,LOW,95.0,1651.03,1568.4785000000002,No action required
16712,3645.43,11,1749,8.155324384787471,2011-11-30 13:48:00,United Kingdom,8,successful,none,0,0,LOW,95.0,3645.43,3463.1584999999995,No action required
16713,6923.13,15,4276,11.094759615384616,2011-11-21 12:36:00,United Kingdom,18,successful,none,0,10,LOW,89.0,6923.13,6161.5857000000005,No action required
16714,1161.53,3,610,12.489569892473117,2011-05-05 11:09:00,United Kingdom,218,checkout_abandoned,checkout_abandoned,1,55,MEDIUM,62.0,1161.53,720.1486,Send checkout reminder
16715,301.71999999999997,1,642,15.879999999999999,2011-09-22 18:15:00,United Kingdom,77,payment_failed,card_expired,1,40,MEDIUM,71.0,301.71999999999997,214.22119999999998,Send payment recovery link
16716,901.2,2,120,450.6,2011-03-18 10:03:00,United Kingdom,266,checkout_abandoned,checkout_abandoned,1,55,MEDIUM,62.0,901.2,558.744,Send checkout reminder
16717,3858.38,6,1866,19.38884422110553,2011-11-16 12:16:00,United Kingdom,23,successful,none,0,0,LOW,95.0,3858.38,3665.4610000000002,No action required
16718,623.75,1,413,13.86111111111111,2010-12-05 13:03:00,United Kingdom,368,checkout_abandoned,checkout_abandoned,1,55,MEDIUM,62.0,623.75,386.725,Send checkout reminder
16719,1790.42,7,1204,8.907562189054726,2011-11-25 09:27:00,United Kingdom,14,successful,none,0,0,LOW,95.0,1790.42,1700.899,No action required
16720,155.24,1,182,5.74962962962963,2011-11-13 16:22:00,United Kingdom,25,successful,none,0,0,LOW,95.0,155.24,147.478,No action required
16721,292.47,1,172,7.904594594594595,2011-03-22 16:08:00,United Kingdom,261,checkout_abandoned,checkout_abandoned,1,55,MEDIUM,62.0,292.47,181.33140000000003,Send checkout reminder
16722,4730.81,13,5001,21.025822222222224,2011-11-22 13:28:00,United Kingdom,16,successful,none,0,0,LOW,95.0,4730.81,4494.2695,No action required
16723,589.15,2,399,13.701162790697675,2011-09-09 13:01:00,United Kingdom,90,payment_failed,card_expired,1,40,MEDIUM,71.0,589.15,418.29650000000004,Send payment recovery link
16725,781.02,7,294,5.172317880794702,2011-02-10 16:52:00,United Kingdom,301,checkout_abandoned,checkout_abandoned,1,55,MEDIUM,62.0,781.02,484.2324,Send checkout reminder
16726,1382.02,5,977,7.470378378378379,2011-11-13 14:53:00,United Kingdom,25,successful,none,0,0,LOW,95.0,1382.02,1312.9189999999999,No action required
16727,272.82,1,177,5.9308695652173915,2010-12-10 13:48:00,United Kingdom,363,checkout_abandoned,checkout_abandoned,1,55,MEDIUM,62.0,272.82,169.1484,Send checkout reminder
16728,1054.67,4,677,3.9207063197026026,2011-10-24 14:36:00,United Kingdom,45,successful,none,0,0,LOW,95.0,1054.67,1001.9365000000001,No action required
16729,7239.92,21,5783,10.969575757575758,2011-11-01 14:29:00,United Kingdom,37,successful,none,0,10,LOW,89.0,7239.92,6443.5288,No action required
16730,743.11,3,994,9.062317073170732,2011-10-18 14:11:00,United Kingdom,51,payment_failed,card_expired,1,40,MEDIUM,71.0,743.11,527.6080999999999,Send payment recovery link
16732,603.75,1,317,21.5625,2011-11-08 09:54:00,United Kingdom,31,successful,none,0,0,LOW,95.0,603.75,573.5625,No action required
16734,650.51,3,346,12.27377358490566,2011-10-18 13:44:00,United Kingdom,51,payment_failed,card_expired,1,40,MEDIUM,71.0,650.51,461.8621,Send payment recovery link
16735,2300.56,5,1573,18.40448,2011-09-22 11:49:00,United Kingdom,78,payment_failed,card_expired,1,40,MEDIUM,71.0,2300.56,1633.3976,Send payment recovery link
16737,417.59999999999997,1,288,417.59999999999997,2011-10-17 13:03:00,United Kingdom,52,payment_failed,card_expired,1,40,MEDIUM,71.0,417.59999999999997,296.496,Send payment recovery link
16738,3.75,1,3,3.75,2011-02-15 09:46:00,United Kingdom,297,checkout_abandoned,checkout_abandoned,1,55,MEDIUM,62.0,3.75,2.325,Send checkout reminder
16739,323.0,1,172,24.846153846153847,2011-06-16 09:17:00,United Kingdom,176,subscription_failed,insufficient_funds,1,60,MEDIUM,59.0,323.0,190.57,Retry payment + reminder
16742,464.9,1,1,464.9,2011-10-24 12:02:00,United Kingdom,46,payment_failed,card_expired,1,40,MEDIUM,71.0,464.9,330.079,Send payment recovery link
16743,2238.09,7,2047,11.717748691099477,2011-11-10 13:13:00,United Kingdom,28,successful,none,0,0,LOW,95.0,2238.09,2126.1855,No action required
16744,1304.76,7,805,5.391570247933884,2011-11-28 13:06:00,United Kingdom,10,successful,none,0,0,LOW,95.0,1304.76,1239.522,No action required
16745,7194.3,17,6735,20.152100840336136,2011-09-14 11:58:00,United Kingdom,86,payment_failed,card_expired,1,50,MEDIUM,65.0,7194.3,4676.295,Send payment recovery link
16746,6697.66,18,4665,14.91683741648107,2011-12-05 12:33:00,United Kingdom,4,successful,none,0,10,LOW,89.0,6697.66,5960.9174,No action required
16747,836.06,2,583,19.906190476190474,2011-11-02 11:37:00,United Kingdom,37,successful,none,0,0,LOW,95.0,836.06,794.257,No action required
16748,1515.9,5,880,21.969565217391306,2011-11-22 10:17:00,United Kingdom,17,successful,none,0,0,LOW,95.0,1515.9,1440.105,No action required
16750,623.93,5,214,6.567684210526315,2011-10-26 12:48:00,United Kingdom,44,successful,none,0,0,LOW,95.0,623.93,592.7334999999999,No action required
16751,1764.72,1,1031,70.5888,2011-11-09 10:48:00,United Kingdom,30,successful,none,0,0,LOW,95.0,1764.72,1676.484,No action required
16752,207.5,1,54,23.055555555555557,2010-12-02 12:18:00,United Kingdom,372,checkout_abandoned,checkout_abandoned,1,55,MEDIUM,62.0,207.5,128.65,Send checkout reminder
16753,223.92000000000002,1,189,6.5858823529411765,2011-10-12 13:14:00,United Kingdom,57,payment_failed,card_expired,1,40,MEDIUM,71.0,223.92000000000002,158.9832,Send payment recovery link
16754,2002.4,1,4280,1001.2,2010-12-02 17:38:00,United Kingdom,371,checkout_abandoned,checkout_abandoned,1,55,MEDIUM,62.0,2002.4,1241.488,Send checkout reminder
16755,1496.83,3,1064,8.804882352941176,2011-08-17 13:21:00,United Kingdom,113,subscription_failed,insufficient_funds,1,60,MEDIUM,59.0,1496.83,883.1297,Retry payment + reminder
16756,239.4,1,106,18.415384615384617,2011-05-09 09:33:00,United Kingdom,214,checkout_abandoned,checkout_abandoned,1,55,MEDIUM,62.0,239.4,148.428,Send checkout reminder
16757,106.83000000000001,1,81,15.261428571428572,2011-01-25 11:59:00,United Kingdom,318,checkout_abandoned,checkout_abandoned,1,55,MEDIUM,62.0,106.83000000000001,66.23460000000001,Send checkout reminder
16758,369.34000000000003,1,203,16.78818181818182,2011-10-05 14:47:00,United Kingdom,64,payment_failed,card_expired,1,40,MEDIUM,71.0,369.34000000000003,262.2314,Send payment recovery link
16759,789.79,3,609,18.804523809523808,2011-12-02 12:42:00,United Kingdom,7,successful,none,0,0,LOW,95.0,789.79,750.3005,No action required
16761,316.62,1,341,24.355384615384615,2011-09-04 11:15:00,United Kingdom,96,subscription_failed,insufficient_funds,1,60,MEDIUM,59.0,316.62,186.8058,Retry payment + reminder
16762,1501.38,3,618,16.869438202247192,2011-11-20 11:43:00,United Kingdom,19,successful,none,0,0,LOW,95.0,1501.38,1426.3110000000001,No action required
16763,611.85,1,319,26.60217391304348,2011-05-25 11:52:00,United Kingdom,198,checkout_abandoned,checkout_abandoned,1,55,MEDIUM,62.0,611.85,379.34700000000004,Send checkout reminder
16764,2799.25,13,1259,3.9649433427762037,2011-12-06 11:41:00,United Kingdom,3,successful,none,0,0,LOW,95.0,2799.25,2659.2875,No action required
16765,34.0,1,4,34.0,2011-02-18 15:41:00,United Kingdom,293,checkout_abandoned,checkout_abandoned,1,55,MEDIUM,62.0,34.0,21.08,Send checkout reminder
16766,1145.6,2,536,33.69411764705882,2011-03-11 15:22:00,United Kingdom,272,checkout_abandoned,checkout_abandoned,1,55,MEDIUM,62.0,1145.6,710.2719999999999,Send checkout reminder
16767,5580.6,11,4435,25.13783783783784,2011-11-09 09:42:00,United Kingdom,30,successful,none,0,10,LOW,89.0,5580.6,4966.734,No action required
16768,478.09000000000003,3,196,8.85351851851852,2011-10-23 10:38:00,United Kingdom,47,payment_failed,card_expired,1,40,MEDIUM,71.0,478.09000000000003,339.4439,Send payment recovery link
16769,380.39,1,83,9.50975,2011-03-24 13:41:00,United Kingdom,259,checkout_abandoned,checkout_abandoned,1,55,MEDIUM,62.0,380.39,235.8418,Send checkout reminder
16770,770.1,5,464,5.311034482758621,2011-10-13 12:21:00,United Kingdom,57,payment_failed,card_expired,1,40,MEDIUM,71.0,770.1,546.771,Send payment recovery link
16771,2246.81,5,1489,8.811019607843138,2011-11-06 13:28:00,United Kingdom,32,successful,none,0,0,LOW,95.0,2246.81,2134.4694999999997,No action required
16773,171.59,1,171,6.599615384615385,2011-10-13 14:37:00,United Kingdom,56,payment_failed,card_expired,1,40,MEDIUM,71.0,171.59,121.82889999999999,Send payment recovery link
16774,661.52,4,322,13.781666666666666,2011-10-03 12:41:00,United Kingdom,67,payment_failed,card_expired,1,40,MEDIUM,71.0,661.52,469.6792,Send payment recovery link
16775,1695.66,11,440,10.732025316455697,2011-11-29 15:22:00,United Kingdom,9,successful,none,0,0,LOW,95.0,1695.66,1610.8770000000002,No action required
16776,388.28,1,262,5.1089473684210525,2011-10-10 13:04:00,United Kingdom,59,payment_failed,card_expired,1,40,MEDIUM,71.0,388.28,275.67879999999997,Send payment recovery link
16777,226.35,2,64,4.527,2011-09-20 13:41:00,United Kingdom,79,payment_failed,card_expired,1,40,MEDIUM,71.0,226.35,160.70850000000002,Send payment recovery link
16778,245.94,2,194,15.37125,2011-09-26 13:48:00,United Kingdom,73,payment_failed,card_expired,1,40,MEDIUM,71.0,245.94,174.6174,Send payment recovery link
16779,10629.720000000001,22,5325,31.921081081081084,2011-12-07 14:54:00,United Kingdom,1,successful,none,0,10,LOW,89.0,10629.720000000001,9460.4508,No action required
16780,425.19,2,271,7.0865,2011-08-31 16:09:00,United Kingdom,99,subscription_failed,insufficient_funds,1,60,MEDIUM,59.0,425.19,250.8621,Retry payment + reminder
16781,311.25,1,113,18.308823529411764,2010-12-02 14:26:00,United Kingdom,371,checkout_abandoned,checkout_abandoned,1,55,MEDIUM,62.0,311.25,192.975,Send checkout reminder
16782,2279.9,13,712,11.999473684210527,2011-11-29 13:20:00,United Kingdom,9,successful,none,0,0,LOW,95.0,2279.9,2165.905,No action required
16784,107.6,1,24,35.86666666666667,2011-11-20 12:20:00,United Kingdom,19,successful,none,0,0,LOW,95.0,107.6,102.22,No action required
16788,597.48,2,311,3.854709677419355,2011-08-08 14:53:00,United Kingdom,122,subscription_failed,insufficient_funds,1,60,MEDIUM,59.0,597.48,352.5132,Retry payment + reminder
16789,80.8,1,32,16.16,2011-12-01 15:12:00,United Kingdom,7,successful,none,0,0,LOW,95.0,80.8,76.76,No action required
16790,1545.6200000000001,6,898,16.61956989247312,2011-12-06 11:53:00,United Kingdom,3,successful,none,0,0,LOW,95.0,1545.6200000000001,1468.3390000000002,No action required
16791,1721.78,7,763,5.3805625,2011-11-10 19:12:00,United Kingdom,28,successful,none,0,0,LOW,95.0,1721.78,1635.691,No action required
16792,110.38000000000001,2,44,9.198333333333334,2011-03-02 14:41:00,United Kingdom,281,checkout_abandoned,checkout_abandoned,1,55,MEDIUM,62.0,110.38000000000001,68.43560000000001,Send checkout reminder
16793,243.84,1,146,15.24,2011-10-13 15:08:00,United Kingdom,56,payment_failed,card_expired,1,40,MEDIUM,71.0,243.84,173.1264,Send payment recovery link
16794,1222.71,10,937,4.290210526315789,2011-12-08 17:54:00,United Kingdom,0,successful,none,0,0,LOW,95.0,1222.71,1161.5745,No action required
16795,414.88,1,239,6.286060606060606,2010-12-09 14:08:00,United Kingdom,364,checkout_abandoned,checkout_abandoned,1,55,MEDIUM,62.0,414.88,257.2256,Send checkout reminder
16796,305.62,1,186,16.97888888888889,2011-09-11 14:01:00,United Kingdom,88,payment_failed,card_expired,1,40,MEDIUM,71.0,305.62,216.99020000000002,Send payment recovery link
16800,1201.49,1,540,7.326158536585366,2011-11-28 14:06:00,United Kingdom,10,successful,none,0,0,LOW,95.0,1201.49,1141.4155,No action required
16801,1619.73,4,499,21.312236842105264,2011-06-29 15:33:00,United Kingdom,162,subscription_failed,insufficient_funds,1,60,MEDIUM,59.0,1619.73,955.6407,Retry payment + reminder
16803,332.3,1,245,13.845833333333333,2011-10-05 14:28:00,United Kingdom,64,payment_failed,card_expired,1,40,MEDIUM,71.0,332.3,235.933,Send payment recovery link
16804,536.99,3,246,8.949833333333334,2011-11-16 16:43:00,United Kingdom,22,successful,none,0,0,LOW,95.0,536.99,510.14050000000003,No action required
16805,460.59,2,539,4.699897959183673,2011-06-19 11:23:00,United Kingdom,173,subscription_failed,insufficient_funds,1,60,MEDIUM,59.0,460.59,271.74809999999997,Retry payment + reminder
16806,801.49,4,378,7.781456310679611,2011-08-28 15:27:00,United Kingdom,102,subscription_failed,insufficient_funds,1,60,MEDIUM,59.0,801.49,472.87910000000005,Retry payment + reminder
16807,1121.59,3,778,16.740149253731342,2011-07-20 12:00:00,United Kingdom,142,subscription_failed,insufficient_funds,1,60,MEDIUM,59.0,1121.59,661.7381,Retry payment + reminder
16808,288.42,2,196,12.540000000000001,2011-09-01 19:34:00,United Kingdom,98,subscription_failed,insufficient_funds,1,60,MEDIUM,59.0,288.42,170.16780000000003,Retry payment + reminder
16809,914.69,5,652,6.138859060402685,2011-11-16 15:45:00,United Kingdom,22,successful,none,0,0,LOW,95.0,914.69,868.9555,No action required
16810,309.54,1,114,20.636000000000003,2011-05-31 15:32:00,United Kingdom,191,checkout_abandoned,checkout_abandoned,1,55,MEDIUM,62.0,309.54,191.91479999999999,Send checkout reminder
16811,547.07,2,477,19.538214285714286,2011-12-05 11:39:00,United Kingdom,4,successful,none,0,0,LOW,95.0,547.07,519.7165,No action required
16812,479.35,1,81,31.956666666666667,2010-12-14 12:35:00,United Kingdom,360,checkout_abandoned,checkout_abandoned,1,55,MEDIUM,62.0,479.35,297.197,Send checkout reminder
16813,1692.98,10,1525,3.7705567928730512,2011-12-01 14:03:00,United Kingdom,7,successful,none,0,0,LOW,95.0,1692.98,1608.3310000000001,No action required
16814,6509.1,21,2769,20.089814814814815,2011-11-25 13:27:00,United Kingdom,13,successful,none,0,10,LOW,89.0,6509.1,5793.099,No action required
16816,417.06,4,274,14.895,2011-08-28 14:16:00,United Kingdom,102,subscription_failed,insufficient_funds,1,60,MEDIUM,59.0,417.06,246.0654,Retry payment + reminder
16817,1604.75,9,822,18.65988372093023,2011-12-07 11:03:00,United Kingdom,2,successful,none,0,0,LOW,95.0,1604.75,1524.5125,No action required
16818,3349.57,11,2164,17.81686170212766,2011-11-29 10:41:00,United Kingdom,10,successful,none,0,0,LOW,95.0,3349.57,3182.0915000000005,No action required
16820,497.61,1,307,19.138846153846153,2011-09-05 12:06:00,United Kingdom,95,subscription_failed,insufficient_funds,1,60,MEDIUM,59.0,497.61,293.5899,Retry payment + reminder
16823,358.38,1,136,9.431052631578947,2011-04-26 15:00:00,United Kingdom,226,checkout_abandoned,checkout_abandoned,1,55,MEDIUM,62.0,358.38,222.1956,Send checkout reminder
16824,460.64,2,236,17.716923076923077,2011-11-24 12:38:00,United Kingdom,15,successful,none,0,0,LOW,95.0,460.64,437.60799999999995,No action required
16825,775.1800000000001,2,566,27.685000000000002,2011-11-01 11:51:00,United Kingdom,38,successful,none,0,0,LOW,95.0,775.1800000000001,736.421,No action required
16826,341.7,1,158,15.531818181818181,2011-10-19 14:05:00,United Kingdom,50,payment_failed,card_expired,1,40,MEDIUM,71.0,341.7,242.607,Send payment recovery link
16828,128.5,2,59,16.0625,2011-09-07 15:10:00,United Kingdom,92,subscription_failed,insufficient_funds,1,60,MEDIUM,59.0,128.5,75.815,Retry payment + reminder
16829,197.22,1,99,17.92909090909091,2011-07-06 10:48:00,United Kingdom,156,subscription_failed,insufficient_funds,1,60,MEDIUM,59.0,197.22,116.35979999999999,Retry payment + reminder
16830,325.91,1,264,14.170000000000002,2011-11-01 11:35:00,United Kingdom,38,successful,none,0,0,LOW,95.0,325.91,309.6145,No action required
16832,199.15,3,33,16.595833333333335,2011-06-08 15:36:00,United Kingdom,183,checkout_abandoned,checkout_abandoned,1,55,MEDIUM,62.0,199.15,123.47300000000001,Send checkout reminder
16833,1106.53,4,440,23.5431914893617,2011-12-08 14:39:00,United Kingdom,0,successful,none,0,0,LOW,95.0,1106.53,1051.2034999999998,No action required
16834,413.46,1,358,17.2275,2011-04-26 09:37:00,United Kingdom,227,checkout_abandoned,checkout_abandoned,1,55,MEDIUM,62.0,413.46,256.3452,Send checkout reminder
16835,180.85,2,61,18.085,2011-08-03 13:50:00,United Kingdom,127,subscription_failed,insufficient_funds,1,60,MEDIUM,59.0,180.85,106.7015,Retry payment + reminder
16836,251.87,2,165,22.89727272727273,2011-10-31 10:05:00,United Kingdom,39,successful,none,0,0,LOW,95.0,251.87,239.27650000000003,No action required
16837,3170.98,11,1563,19.218060606060607,2011-11-08 14:27:00,United Kingdom,30,successful,none,0,0,LOW,95.0,3170.98,3012.4309999999996,No action required
16838,588.85,2,185,23.554000000000002,2011-05-26 13:13:00,United Kingdom,196,checkout_abandoned,checkout_abandoned,1,55,MEDIUM,62.0,588.85,365.08700000000005,Send checkout reminder
16839,16594.35,34,8975,62.38477443609022,2011-12-01 09:03:00,United Kingdom,8,successful,none,0,10,LOW,89.0,16594.35,14768.9715,No action required
16841,1869.82,6,2250,16.119137931034484,2011-11-03 11:51:00,United Kingdom,36,successful,none,0,0,LOW,95.0,1869.82,1776.329,No action required
16842,1264.19,3,693,20.066507936507936,2011-08-31 10:42:00,United Kingdom,100,subscription_failed,insufficient_funds,1,60,MEDIUM,59.0,1264.19,745.8721,Retry payment + reminder
16843,10196.57,16,10159,26.97505291005291,2011-10-28 09:06:00,United Kingdom,42,successful,none,0,10,LOW,89.0,10196.57,9074.9473,No action required
16846,214.32,1,135,19.483636363636364,2011-10-20 13:55:00,United Kingdom,49,payment_failed,card_expired,1,40,MEDIUM,71.0,214.32,152.16719999999998,Send payment recovery link
16847,193.44,1,78,16.12,2011-10-27 13:29:00,United Kingdom,42,successful,none,0,0,LOW,95.0,193.44,183.768,No action required
16848,281.42,1,182,20.101428571428574,2011-10-18 08:42:00,United Kingdom,52,payment_failed,card_expired,1,40,MEDIUM,71.0,281.42,199.8082,Send payment recovery link
16849,124.57,1,33,15.57125,2011-06-06 09:16:00,United Kingdom,186,checkout_abandoned,checkout_abandoned,1,55,MEDIUM,62.0,124.57,77.23339999999999,Send checkout reminder
16850,332.41,1,249,17.495263157894737,2011-01-10 11:09:00,United Kingdom,333,checkout_abandoned,checkout_abandoned,1,55,MEDIUM,62.0,332.41,206.09420000000003,Send checkout reminder
16851,342.45,3,271,17.1225,2011-12-05 13:32:00,United Kingdom,3,successful,none,0,0,LOW,95.0,342.45,325.3275,No action required
16852,144.91000000000003,2,56,16.101111111111113,2011-11-29 13:22:00,United Kingdom,9,successful,none,0,0,LOW,95.0,144.91000000000003,137.66450000000003,No action required
16855,328.4,2,164,17.28421052631579,2011-11-16 12:03:00,United Kingdom,23,successful,none,0,0,LOW,95.0,328.4,311.97999999999996,No action required
16856,35.400000000000006,1,12,17.700000000000003,2011-11-25 08:59:00,United Kingdom,14,successful,none,0,0,LOW,95.0,35.400000000000006,33.63,No action required
16858,375.69000000000005,1,91,37.569,2010-12-06 09:52:00,United Kingdom,368,checkout_abandoned,checkout_abandoned,1,55,MEDIUM,62.0,375.69000000000005,232.92780000000002,Send checkout reminder
16859,747.81,2,827,14.380961538461538,2011-07-18 12:19:00,United Kingdom,144,subscription_failed,insufficient_funds,1,60,MEDIUM,59.0,747.81,441.20789999999994,Retry payment + reminder
16861,173.76,2,140,28.959999999999997,2011-10-11 09:05:00,United Kingdom,59,payment_failed,card_expired,1,40,MEDIUM,71.0,173.76,123.36959999999999,Send payment recovery link
16863,502.8,2,409,19.338461538461537,2011-11-08 15:26:00,United Kingdom,30,successful,none,0,0,LOW,95.0,502.8,477.66,No action required
16866,207.73999999999998,3,60,18.885454545454543,2011-07-22 10:06:00,United Kingdom,140,subscription_failed,insufficient_funds,1,60,MEDIUM,59.0,207.73999999999998,122.56659999999998,Retry payment + reminder
16869,825.42,4,585,6.44859375,2011-11-17 12:02:00,United Kingdom,22,successful,none,0,0,LOW,95.0,825.42,784.1489999999999,No action required
16871,2812.34,6,1253,20.528029197080293,2011-11-17 19:27:00,United Kingdom,21,successful,none,0,0,LOW,95.0,2812.34,2671.723,No action required
16872,680.02,3,600,97.14571428571428,2011-09-23 16:05:00,United Kingdom,76,payment_failed,card_expired,1,40,MEDIUM,71.0,680.02,482.81419999999997,Send payment recovery link
16873,7123.62,6,3840,25.53268817204301,2011-12-05 12:05:00,United Kingdom,4,successful,none,0,10,LOW,89.0,7123.62,6340.0217999999995,No action required
16875,2095.53,5,1069,18.710089285714286,2011-10-03 13:39:00,United Kingdom,66,payment_failed,card_expired,1,40,MEDIUM,71.0,2095.53,1487.8263,Send payment recovery link
16877,853.72,6,463,5.369308176100629,2011-11-27 13:47:00,United Kingdom,11,successful,none,0,0,LOW,95.0,853.72,811.0340000000001,No action required
16878,13.3,1,12,4.433333333333334,2011-09-16 17:39:00,United Kingdom,83,payment_failed,card_expired,1,40,MEDIUM,71.0,13.3,9.443000000000001,Send payment recovery link
16880,1519.08,7,753,8.534157303370787,2011-11-09 11:33:00,United Kingdom,30,successful,none,0,0,LOW,95.0,1519.08,1443.126,No action required
16881,432.0,1,600,432.0,2011-10-04 10:33:00,United Kingdom,66,payment_failed,card_expired,1,40,MEDIUM,71.0,432.0,306.72,Send payment recovery link
16882,705.12,3,424,18.080000000000002,2011-10-04 10:42:00,United Kingdom,66,payment_failed,card_expired,1,40,MEDIUM,71.0,705.12,500.63519999999994,Send payment recovery link
16883,276.73,2,104,7.282368421052632,2011-06-05 12:51:00,United Kingdom,186,checkout_abandoned,checkout_abandoned,1,55,MEDIUM,62.0,276.73,171.57260000000002,Send checkout reminder
16884,429.84000000000003,2,320,16.532307692307693,2011-11-02 11:52:00,United Kingdom,37,successful,none,0,0,LOW,95.0,429.84000000000003,408.348,No action required
16885,471.51,3,184,4.668415841584158,2011-11-24 13:40:00,United Kingdom,14,successful,none,0,0,LOW,95.0,471.51,447.93449999999996,No action required
16887,194.88,1,157,5.2670270270270265,2011-11-04 14:07:00,United Kingdom,34,successful,none,0,0,LOW,95.0,194.88,185.136,No action required
16889,1578.67,3,925,11.693851851851852,2011-05-29 11:05:00,United Kingdom,194,checkout_abandoned,checkout_abandoned,1,55,MEDIUM,62.0,1578.67,978.7754000000001,Send checkout reminder
16891,809.7,5,283,3.9886699507389163,2011-12-08 11:15:00,United Kingdom,1,successful,none,0,0,LOW,95.0,809.7,769.215,No action required
16892,525.54,5,239,5.308484848484848,2011-12-08 13:18:00,United Kingdom,0,successful,none,0,0,LOW,95.0,525.54,499.263,No action required
16893,145.93,1,62,3.242888888888889,2010-12-08 12:06:00,United Kingdom,366,checkout_abandoned,checkout_abandoned,1,55,MEDIUM,62.0,145.93,90.4766,Send checkout reminder
16895,219.14,1,102,3.175942028985507,2011-10-06 12:15:00,United Kingdom,64,payment_failed,card_expired,1,40,MEDIUM,71.0,219.14,155.58939999999998,Send payment recovery link
16897,289.78,2,73,7.831891891891891,2011-02-13 15:02:00,United Kingdom,298,checkout_abandoned,checkout_abandoned,1,55,MEDIUM,62.0,289.78,179.66359999999997,Send checkout reminder
16898,508.81,3,419,3.1408024691358025,2011-11-13 15:44:00,United Kingdom,25,successful,none,0,0,LOW,95.0,508.81,483.36949999999996,No action required
16899,1281.56,6,522,10.25248,2011-12-02 12:03:00,United Kingdom,7,successful,none,0,0,LOW,95.0,1281.56,1217.482,No action required
16900,887.11,3,833,11.229240506329115,2011-11-23 10:32:00,United Kingdom,16,successful,none,0,0,LOW,95.0,887.11,842.7545,No action required
16902,1706.88,1,629,38.79272727272728,2011-08-15 14:17:00,United Kingdom,115,subscription_failed,insufficient_funds,1,60,MEDIUM,59.0,1706.88,1007.0592000000001,Retry payment + reminder
16903,373.24,1,262,6.220666666666667,2011-11-10 15:32:00,United Kingdom,28,successful,none,0,0,LOW,95.0,373.24,354.57800000000003,No action required
16904,3754.27,16,2034,5.287704225352113,2011-12-05 13:10:00,United Kingdom,3,successful,none,0,0,LOW,95.0,3754.27,3566.5565,No action required
16905,3102.43,7,1408,14.915528846153846,2011-12-04 14:01:00,United Kingdom,4,successful,none,0,0,LOW,95.0,3102.43,2947.3084999999996,No action required
16906,579.77,4,281,6.234086021505376,2011-09-19 11:49:00,United Kingdom,81,payment_failed,card_expired,1,40,MEDIUM,71.0,579.77,411.63669999999996,Send payment recovery link
16907,981.65,5,298,6.500993377483444,2011-11-10 18:04:00,United Kingdom,28,successful,none,0,0,LOW,95.0,981.65,932.5675,No action required
16909,379.14,1,436,21.063333333333333,2011-09-28 16:45:00,United Kingdom,71,payment_failed,card_expired,1,40,MEDIUM,71.0,379.14,269.1894,Send payment recovery link
16910,1510.06,8,886,2.7606215722120657,2011-12-05 12:51:00,United Kingdom,3,successful,none,0,0,LOW,95.0,1510.06,1434.5569999999998,No action required
16912,2575.38,11,1029,25.49881188118812,2011-11-11 12:18:00,United Kingdom,28,successful,none,0,0,LOW,95.0,2575.38,2446.611,No action required
16913,113.44,1,82,14.18,2011-02-22 12:56:00,United Kingdom,289,checkout_abandoned,checkout_abandoned,1,55,MEDIUM,62.0,113.44,70.33279999999999,Send checkout reminder
16914,208.46,1,121,5.4857894736842105,2011-11-03 15:27:00,United Kingdom,35,successful,none,0,0,LOW,95.0,208.46,198.037,No action required
16915,621.6800000000001,6,132,10.906666666666668,2011-11-30 16:39:00,United Kingdom,8,successful,none,0,0,LOW,95.0,621.6800000000001,590.596,No action required
16916,576.26,2,440,4.029790209790209,2011-11-16 12:08:00,United Kingdom,23,successful,none,0,0,LOW,95.0,576.26,547.447,No action required
16917,391.52,1,232,43.50222222222222,2011-03-08 11:55:00,United Kingdom,276,checkout_abandoned,checkout_abandoned,1,55,MEDIUM,62.0,391.52,242.74239999999998,Send checkout reminder
16918,1068.82,6,721,8.35015625,2011-10-21 12:50:00,United Kingdom,49,payment_failed,card_expired,1,40,MEDIUM,71.0,1068.82,758.8622,Send payment recovery link
16919,2596.45,11,1413,7.940214067278287,2011-07-06 13:35:00,United Kingdom,155,subscription_failed,insufficient_funds,1,60,MEDIUM,59.0,2596.45,1531.9054999999998,Retry payment + reminder
16921,169.79,1,171,2.829833333333333,2011-10-09 16:22:00,United Kingdom,60,payment_failed,card_expired,1,40,MEDIUM,71.0,169.79,120.5509,Send payment recovery link
16923,7247.61,19,3417,10.785133928571428,2011-11-27 13:00:00,United Kingdom,11,successful,none,0,10,LOW,89.0,7247.61,6450.372899999999,No action required
16924,846.75,3,493,10.201807228915662,2011-11-18 12:53:00,United Kingdom,20,successful,none,0,0,LOW,95.0,846.75,804.4125,No action required
16926,230.25,1,35,16.446428571428573,2010-12-03 13:42:00,United Kingdom,370,checkout_abandoned,checkout_abandoned,1,55,MEDIUM,62.0,230.25,142.755,Send checkout reminder
16927,543.05,3,993,90.50833333333333,2011-08-16 11:10:00,United Kingdom,115,subscription_failed,insufficient_funds,1,60,MEDIUM,59.0,543.05,320.3995,Retry payment + reminder
16928,2847.6,17,2114,13.62488038277512,2011-09-20 15:10:00,United Kingdom,79,payment_failed,card_expired,1,40,MEDIUM,71.0,2847.6,2021.796,Send payment recovery link
16929,1295.39,7,929,16.823246753246753,2011-12-06 08:37:00,United Kingdom,3,successful,none,0,0,LOW,95.0,1295.39,1230.6205,No action required
16930,380.55,3,341,7.0472222222222225,2011-11-13 16:13:00,United Kingdom,25,successful,none,0,0,LOW,95.0,380.55,361.5225,No action required
16931,4604.22,21,3158,5.127193763919822,2011-12-04 13:15:00,United Kingdom,4,successful,none,0,0,LOW,95.0,4604.22,4374.009,No action required
16932,161.94,1,87,3.0554716981132075,2011-10-17 14:12:00,United Kingdom,52,payment_failed,card_expired,1,40,MEDIUM,71.0,161.94,114.9774,Send payment recovery link
16933,563.23,2,288,12.800681818181818,2011-12-08 12:54:00,United Kingdom,0,successful,none,0,0,LOW,95.0,563.23,535.0685,No action required
16934,950.9300000000001,2,399,15.33758064516129,2011-10-16 12:40:00,United Kingdom,54,payment_failed,card_expired,1,40,MEDIUM,71.0,950.9300000000001,675.1603,Send payment recovery link
16936,262.68,1,173,4.608421052631579,2011-11-14 11:04:00,United Kingdom,25,successful,none,0,0,LOW,95.0,262.68,249.54600000000002,No action required
16938,2736.38,4,2540,11.354273858921163,2011-12-01 10:20:00,United Kingdom,8,successful,none,0,0,LOW,95.0,2736.38,2599.561,No action required
16940,3049.88,3,2169,9.99960655737705,2011-10-18 13:15:00,United Kingdom,51,payment_failed,card_expired,1,40,MEDIUM,71.0,3049.88,2165.4148,Send payment recovery link
16942,1920.59,9,811,6.834839857651246,2011-11-27 12:40:00,United Kingdom,12,successful,none,0,0,LOW,95.0,1920.59,1824.5604999999998,No action required
16943,816.73,3,145,24.74939393939394,2011-05-12 11:57:00,United Kingdom,211,checkout_abandoned,checkout_abandoned,1,55,MEDIUM,62.0,816.73,506.37260000000003,Send checkout reminder
16945,4345.5,19,2725,17.451807228915662,2011-11-18 11:39:00,United Kingdom,21,successful,none,0,0,LOW,95.0,4345.5,4128.225,No action required
16947,406.48,1,312,19.356190476190477,2011-04-18 09:38:00,United Kingdom,235,checkout_abandoned,checkout_abandoned,1,55,MEDIUM,62.0,406.48,252.01760000000002,Send checkout reminder
16948,435.02,3,1614,22.89578947368421,2011-07-24 12:46:00,United Kingdom,138,subscription_failed,insufficient_funds,1,60,MEDIUM,59.0,435.02,256.6618,Retry payment + reminder
16949,1286.27,6,791,21.437833333333334,2011-12-06 11:07:00,United Kingdom,3,successful,none,0,0,LOW,95.0,1286.27,1221.9565,No action required
16950,1178.56,3,644,28.06095238095238,2011-10-14 09:06:00,United Kingdom,56,payment_failed,card_expired,1,40,MEDIUM,71.0,1178.56,836.7775999999999,Send payment recovery link
16951,1277.75,3,1318,14.857558139534884,2011-07-28 12:05:00,United Kingdom,134,subscription_failed,insufficient_funds,1,60,MEDIUM,59.0,1277.75,753.8725,Retry payment + reminder
16952,167.61,2,92,10.475625,2011-08-22 13:03:00,United Kingdom,108,subscription_failed,insufficient_funds,1,60,MEDIUM,59.0,167.61,98.88990000000001,Retry payment + reminder
16953,20.8,1,10,20.8,2011-11-09 15:54:00,United Kingdom,29,successful,none,0,0,LOW,95.0,20.8,19.76,No action required
16954,2085.08,9,1054,38.61259259259259,2011-12-09 09:46:00,United Kingdom,0,successful,none,0,0,LOW,95.0,2085.08,1980.826,No action required
16955,518.67,4,266,20.746799999999997,2011-06-08 10:36:00,United Kingdom,184,checkout_abandoned,checkout_abandoned,1,55,MEDIUM,62.0,518.67,321.57539999999995,Send checkout reminder
16956,308.74,1,114,19.29625,2011-11-22 08:56:00,United Kingdom,17,successful,none,0,0,LOW,95.0,308.74,293.303,No action required
16957,416.64,2,172,26.04,2011-04-14 13:56:00,United Kingdom,238,checkout_abandoned,checkout_abandoned,1,55,MEDIUM,62.0,416.64,258.3168,Send checkout reminder
16959,117.35000000000001,1,49,16.764285714285716,2011-09-13 15:03:00,United Kingdom,86,payment_failed,card_expired,1,40,MEDIUM,71.0,117.35000000000001,83.3185,Send payment recovery link
16960,507.05,3,304,5.02029702970297,2011-11-01 11:35:00,United Kingdom,38,successful,none,0,0,LOW,95.0,507.05,481.6975,No action required
16961,234.17,1,125,16.72642857142857,2011-08-15 13:46:00,United Kingdom,115,subscription_failed,insufficient_funds,1,60,MEDIUM,59.0,234.17,138.16029999999998,Retry payment + reminder
16963,110.55000000000001,1,35,15.792857142857144,2011-06-05 13:48:00,United Kingdom,186,checkout_abandoned,checkout_abandoned,1,55,MEDIUM,62.0,110.55000000000001,68.541,Send checkout reminder
16965,201.19,1,291,7.738076923076923,2011-04-27 12:08:00,United Kingdom,226,checkout_abandoned,checkout_abandoned,1,55,MEDIUM,62.0,201.19,124.73780000000001,Send checkout reminder
16966,2154.97,7,1981,76.96321428571427,2011-12-01 13:40:00,United Kingdom,7,successful,none,0,0,LOW,95.0,2154.97,2047.2214999999999,No action required
16967,319.02,1,333,15.19142857142857,2011-06-03 14:24:00,United Kingdom,188,checkout_abandoned,checkout_abandoned,1,55,MEDIUM,62.0,319.02,197.7924,Send checkout reminder
16968,439.43,2,326,14.175161290322581,2011-12-05 15:02:00,United Kingdom,3,successful,none,0,0,LOW,95.0,439.43,417.45849999999996,No action required
16969,650.41,3,816,15.48595238095238,2011-10-31 13:12:00,United Kingdom,38,successful,none,0,0,LOW,95.0,650.41,617.8895,No action required
16971,357.21,1,72,8.712439024390243,2011-11-01 15:06:00,United Kingdom,37,successful,none,0,0,LOW,95.0,357.21,339.3495,No action required
16976,251.51999999999998,1,88,125.75999999999999,2011-03-17 16:33:00,United Kingdom,266,checkout_abandoned,checkout_abandoned,1,55,MEDIUM,62.0,251.51999999999998,155.9424,Send checkout reminder
16978,344.33,1,166,8.828974358974358,2011-09-23 12:50:00,United Kingdom,77,payment_failed,card_expired,1,40,MEDIUM,71.0,344.33,244.4743,Send payment recovery link
16979,1852.0,6,865,20.808988764044944,2011-12-06 12:21:00,United Kingdom,3,successful,none,0,0,LOW,95.0,1852.0,1759.4,No action required
16980,1078.96,2,788,12.401839080459771,2011-03-29 16:36:00,United Kingdom,254,checkout_abandoned,checkout_abandoned,1,55,MEDIUM,62.0,1078.96,668.9552,Send checkout reminder
16982,384.06,1,182,17.457272727272727,2011-10-10 12:28:00,United Kingdom,60,payment_failed,card_expired,1,40,MEDIUM,71.0,384.06,272.6826,Send payment recovery link
16983,1931.25,7,1379,13.048986486486486,2011-11-27 12:10:00,United Kingdom,12,successful,none,0,0,LOW,95.0,1931.25,1834.6875,No action required
16984,4481.35,2,2423,11.010687960687962,2011-09-12 13:43:00,United Kingdom,87,payment_failed,card_expired,1,40,MEDIUM,71.0,4481.35,3181.7585000000004,Send payment recovery link
16985,5464.12,10,1832,45.53433333333333,2011-11-22 13:33:00,United Kingdom,16,successful,none,0,10,LOW,89.0,5464.12,4863.0668,No action required
16986,1873.2,2,1040,624.4,2011-11-10 11:55:00,United Kingdom,29,successful,none,0,0,LOW,95.0,1873.2,1779.54,No action required
16987,1625.05,7,402,12.597286821705426,2011-12-06 17:26:00,United Kingdom,2,successful,none,0,0,LOW,95.0,1625.05,1543.7975,No action required
16988,126.12,1,43,18.017142857142858,2011-12-04 16:02:00,United Kingdom,4,successful,none,0,0,LOW,95.0,126.12,119.814,No action required
16989,1133.25,6,1233,94.4375,2011-12-02 16:39:00,United Kingdom,6,successful,none,0,0,LOW,95.0,1133.25,1076.5875,No action required
16990,179.0,1,100,179.0,2011-05-05 08:30:00,United Kingdom,218,checkout_abandoned,checkout_abandoned,1,55,MEDIUM,62.0,179.0,110.98,Send checkout reminder
16992,1614.31,5,860,17.358172043010754,2011-11-29 11:50:00,United Kingdom,10,successful,none,0,0,LOW,95.0,1614.31,1533.5945,No action required
16996,1456.96,6,544,39.3772972972973,2011-11-09 16:43:00,United Kingdom,29,successful,none,0,0,LOW,95.0,1456.96,1384.112,No action required
16997,702.0,3,360,58.5,2011-02-24 17:28:00,United Kingdom,287,checkout_abandoned,checkout_abandoned,1,55,MEDIUM,62.0,702.0,435.24,Send checkout reminder
16998,295.0,4,76,73.75,2011-07-13 09:44:00,United Kingdom,149,subscription_failed,insufficient_funds,1,60,MEDIUM,59.0,295.0,174.05,Retry payment + reminder
16999,484.82,2,294,21.07913043478261,2011-11-16 13:53:00,United Kingdom,22,successful,none,0,0,LOW,95.0,484.82,460.579,No action required
17001,3989.57,11,2164,23.606923076923078,2011-12-09 09:38:00,United Kingdom,0,successful,none,0,0,LOW,95.0,3989.57,3790.0915000000005,No action required
17002,1493.73,3,679,30.484285714285715,2011-09-15 12:40:00,United Kingdom,85,payment_failed,card_expired,1,40,MEDIUM,71.0,1493.73,1060.5483,Send payment recovery link
17004,1412.94,2,819,32.11227272727273,2011-10-24 14:25:00,United Kingdom,45,successful,none,0,0,LOW,95.0,1412.94,1342.2930000000001,No action required
17006,781.78,4,272,17.76772727272727,2011-12-05 12:09:00,United Kingdom,4,successful,none,0,0,LOW,95.0,781.78,742.6909999999999,No action required
17007,889.9300000000001,6,597,17.114038461538463,2011-10-20 10:47:00,United Kingdom,50,payment_failed,card_expired,1,40,MEDIUM,71.0,889.9300000000001,631.8503000000001,Send payment recovery link
17010,195.36,1,118,17.76,2011-11-21 14:49:00,United Kingdom,17,successful,none,0,0,LOW,95.0,195.36,185.592,No action required
17011,270.9,1,186,18.06,2011-11-09 13:30:00,United Kingdom,29,successful,none,0,0,LOW,95.0,270.9,257.35499999999996,No action required
17014,586.33,3,245,7.923378378378379,2011-12-01 14:09:00,United Kingdom,7,successful,none,0,0,LOW,95.0,586.33,557.0135,No action required
17015,1842.56,3,1981,8.491059907834101,2011-11-11 10:45:00,United Kingdom,28,successful,none,0,0,LOW,95.0,1842.56,1750.4319999999998,No action required
17017,8694.26,20,6673,34.50103174603175,2011-12-07 09:32:00,United Kingdom,2,successful,none,0,10,LOW,89.0,8694.26,7737.8914,No action required
17018,920.1,2,176,57.50625,2011-10-30 11:42:00,United Kingdom,40,successful,none,0,0,LOW,95.0,920.1,874.095,No action required
17019,1272.61,4,827,5.4385042735042735,2011-11-28 13:06:00,United Kingdom,10,successful,none,0,0,LOW,95.0,1272.61,1208.9795,No action required
17022,71.0,1,108,10.142857142857142,2011-11-08 17:09:00,United Kingdom,30,successful,none,0,0,LOW,95.0,71.0,67.45,No action required
17024,95.85,3,69,31.95,2011-10-25 13:47:00,United Kingdom,44,successful,none,0,0,LOW,95.0,95.85,91.0575,No action required
17025,357.77,3,235,39.75222222222222,2011-10-10 09:06:00,United Kingdom,60,payment_failed,card_expired,1,40,MEDIUM,71.0,357.77,254.0167,Send payment recovery link
17026,154.82999999999998,2,97,38.707499999999996,2011-06-07 14:28:00,United Kingdom,184,checkout_abandoned,checkout_abandoned,1,55,MEDIUM,62.0,154.82999999999998,95.99459999999999,Send checkout reminder
17027,890.29,6,421,5.818888888888889,2011-09-22 12:24:00,United Kingdom,78,payment_failed,card_expired,1,40,MEDIUM,71.0,890.29,632.1059,Send payment recovery link
17029,716.0,2,400,358.0,2011-08-21 11:06:00,United Kingdom,110,subscription_failed,insufficient_funds,1,60,MEDIUM,59.0,716.0,422.44,Retry payment + reminder
17030,146.87,1,146,13.351818181818182,2011-10-07 08:49:00,United Kingdom,63,payment_failed,card_expired,1,40,MEDIUM,71.0,146.87,104.27770000000001,Send payment recovery link
17031,380.35,2,235,17.288636363636364,2011-11-28 10:23:00,United Kingdom,11,successful,none,0,0,LOW,95.0,380.35,361.3325,No action required
17033,1030.14,3,750,36.79071428571429,2011-09-14 14:34:00,United Kingdom,85,payment_failed,card_expired,1,40,MEDIUM,71.0,1030.14,731.3994,Send payment recovery link
17034,745.52,3,410,24.850666666666665,2011-11-23 15:14:00,United Kingdom,15,successful,none,0,0,LOW,95.0,745.52,708.2439999999999,No action required
17035,433.53000000000003,2,229,15.483214285714286,2011-04-08 11:23:00,United Kingdom,245,checkout_abandoned,checkout_abandoned,1,55,MEDIUM,62.0,433.53000000000003,268.78860000000003,Send checkout reminder
17037,1267.32,1,656,16.8976,2011-09-13 12:49:00,United Kingdom,87,payment_failed,card_expired,1,40,MEDIUM,71.0,1267.32,899.7972,Send payment recovery link
17038,112.4,1,28,5.109090909090909,2011-11-09 13:50:00,United Kingdom,29,successful,none,0,0,LOW,95.0,112.4,106.78,No action required
17040,449.73,1,181,29.982000000000003,2011-07-25 10:19:00,United Kingdom,137,subscription_failed,insufficient_funds,1,60,MEDIUM,59.0,449.73,265.34069999999997,Retry payment + reminder
17041,1081.57,3,951,15.450999999999999,2011-11-13 11:21:00,United Kingdom,26,successful,none,0,0,LOW,95.0,1081.57,1027.4914999999999,No action required
17042,1044.3799999999999,5,994,10.656938775510202,2011-12-07 12:26:00,United Kingdom,2,successful,none,0,0,LOW,95.0,1044.3799999999999,992.161,No action required
17043,1735.18,4,998,17.01156862745098,2011-11-07 15:33:00,United Kingdom,31,successful,none,0,0,LOW,95.0,1735.18,1648.421,No action required
17044,948.48,1,504,158.08,2011-11-14 14:28:00,United Kingdom,24,successful,none,0,0,LOW,95.0,948.48,901.056,No action required
17045,339.44,3,106,15.42909090909091,2011-08-18 17:09:00,United Kingdom,112,subscription_failed,insufficient_funds,1,60,MEDIUM,59.0,339.44,200.2696,Retry payment + reminder
17046,642.02,1,510,29.182727272727274,2011-07-05 14:24:00,United Kingdom,156,subscription_failed,insufficient_funds,1,60,MEDIUM,59.0,642.02,378.7918,Retry payment + reminder
17047,1100.9,3,533,16.93692307692308,2011-09-15 13:27:00,United Kingdom,84,payment_failed,card_expired,1,40,MEDIUM,71.0,1100.9,781.6390000000001,Send payment recovery link
17048,925.35,3,485,21.519767441860466,2011-08-14 11:49:00,United Kingdom,117,subscription_failed,insufficient_funds,1,60,MEDIUM,59.0,925.35,545.9565,Retry payment + reminder
17049,5659.9800000000005,9,2676,17.79867924528302,2011-12-07 10:48:00,United Kingdom,2,successful,none,0,10,LOW,89.0,5659.9800000000005,5037.3822,No action required
17050,3228.84,6,1614,10.217848101265822,2011-09-04 13:48:00,United Kingdom,95,subscription_failed,insufficient_funds,1,60,MEDIUM,59.0,3228.84,1905.0156,Retry payment + reminder
17051,247.14000000000001,1,184,5.747441860465116,2011-05-29 14:13:00,United Kingdom,193,checkout_abandoned,checkout_abandoned,1,55,MEDIUM,62.0,247.14000000000001,153.2268,Send checkout reminder
17052,413.75,1,261,4.497282608695652,2011-11-11 14:50:00,United Kingdom,27,successful,none,0,0,LOW,95.0,413.75,393.0625,No action required
17053,498.48,1,122,38.34461538461539,2011-08-01 10:23:00,United Kingdom,130,subscription_failed,insufficient_funds,1,60,MEDIUM,59.0,498.48,294.1032,Retry payment + reminder
17054,1356.33,5,804,16.34132530120482,2011-11-11 12:56:00,United Kingdom,27,successful,none,0,0,LOW,95.0,1356.33,1288.5135,No action required
17058,1179.89,3,592,19.030483870967743,2011-09-19 10:13:00,United Kingdom,81,payment_failed,card_expired,1,40,MEDIUM,71.0,1179.89,837.7219,Send payment recovery link
17059,3095.04,5,1855,5.9981395348837205,2011-11-10 12:27:00,United Kingdom,29,successful,none,0,0,LOW,95.0,3095.04,2940.288,No action required
17060,234.24,1,216,46.848,2011-03-18 13:27:00,United Kingdom,265,checkout_abandoned,checkout_abandoned,1,55,MEDIUM,62.0,234.24,145.2288,Send checkout reminder
17061,5232.2300000000005,11,1526,52.850808080808086,2011-09-27 11:24:00,United Kingdom,73,payment_failed,card_expired,1,50,MEDIUM,65.0,5232.2300000000005,3400.9495,Send payment recovery link
17062,538.37,4,430,7.691,2011-01-30 11:01:00,United Kingdom,313,checkout_abandoned,checkout_abandoned,1,55,MEDIUM,62.0,538.37,333.7894,Send checkout reminder
17063,1461.14,7,770,18.732564102564105,2011-11-18 16:19:00,United Kingdom,20,successful,none,0,0,LOW,95.0,1461.14,1388.083,No action required
17064,859.35,3,318,13.860483870967743,2011-10-12 10:18:00,United Kingdom,58,payment_failed,card_expired,1,40,MEDIUM,71.0,859.35,610.1385,Send payment recovery link
17068,4552.14,21,2164,15.378851351351353,2011-11-27 13:14:00,United Kingdom,11,successful,none,0,0,LOW,95.0,4552.14,4324.533,No action required
17069,2709.7000000000003,9,1506,18.948951048951052,2011-11-11 17:13:00,United Kingdom,27,successful,none,0,0,LOW,95.0,2709.7000000000003,2574.215,No action required
17070,312.14,1,133,4.8771875,2011-08-17 17:01:00,United Kingdom,113,subscription_failed,insufficient_funds,1,60,MEDIUM,59.0,312.14,184.1626,Retry payment + reminder
17071,2429.03,9,1197,17.350214285714287,2011-11-11 16:31:00,United Kingdom,27,successful,none,0,0,LOW,95.0,2429.03,2307.5785,No action required
17073,1446.09,4,759,8.310862068965516,2011-11-22 11:47:00,United Kingdom,17,successful,none,0,0,LOW,95.0,1446.09,1373.7855,No action required
17075,834.12,4,292,10.832727272727272,2011-11-22 11:58:00,United Kingdom,17,successful,none,0,0,LOW,95.0,834.12,792.414,No action required
17076,841.0799999999999,3,295,33.6432,2011-11-03 17:53:00,United Kingdom,35,successful,none,0,0,LOW,95.0,841.0799999999999,799.026,No action required
17078,378.2,2,788,13.507142857142856,2011-11-03 19:17:00,United Kingdom,35,successful,none,0,0,LOW,95.0,378.2,359.29,No action required
17079,118.80000000000001,1,24,59.400000000000006,2011-09-22 15:34:00,United Kingdom,77,payment_failed,card_expired,1,40,MEDIUM,71.0,118.80000000000001,84.34800000000001,Send payment recovery link
17080,287.62,2,166,35.9525,2011-11-17 12:59:00,United Kingdom,21,successful,none,0,0,LOW,95.0,287.62,273.23900000000003,No action required
17081,290.16,2,78,4.53375,2011-11-14 12:56:00,United Kingdom,24,successful,none,0,0,LOW,95.0,290.16,275.652,No action required
17082,2003.85,2,1049,24.738888888888887,2011-11-06 15:17:00,United Kingdom,32,successful,none,0,0,LOW,95.0,2003.85,1903.6575,No action required
17083,1405.78,3,772,27.034230769230767,2011-08-22 15:43:00,United Kingdom,108,subscription_failed,insufficient_funds,1,60,MEDIUM,59.0,1405.78,829.4102,Retry payment + reminder
17084,2949.75,2,1816,18.208333333333332,2011-11-04 14:54:00,United Kingdom,34,successful,none,0,0,LOW,95.0,2949.75,2802.2625,No action required
17085,1566.65,5,786,8.377807486631017,2011-08-08 14:15:00,United Kingdom,122,subscription_failed,insufficient_funds,1,60,MEDIUM,59.0,1566.65,924.3235000000001,Retry payment + reminder
17086,2050.08,6,1859,21.355,2011-12-02 13:54:00,United Kingdom,6,successful,none,0,0,LOW,95.0,2050.08,1947.576,No action required
17088,1991.01,4,868,17.313130434782607,2011-11-11 14:23:00,United Kingdom,27,successful,none,0,0,LOW,95.0,1991.01,1891.4595000000002,No action required
17090,2043.95,7,921,32.4436507936508,2011-12-05 13:44:00,United Kingdom,3,successful,none,0,0,LOW,95.0,2043.95,1941.7525,No action required
17091,3827.76,9,1746,19.629538461538463,2011-12-07 10:43:00,United Kingdom,2,successful,none,0,0,LOW,95.0,3827.76,3636.3720000000003,No action required
17092,1777.78,4,1131,14.22224,2011-10-20 19:51:00,United Kingdom,49,payment_failed,card_expired,1,40,MEDIUM,71.0,1777.78,1262.2238,Send payment recovery link
17094,302.0,1,152,21.571428571428573,2011-01-21 13:09:00,United Kingdom,321,checkout_abandoned,checkout_abandoned,1,55,MEDIUM,62.0,302.0,187.24,Send checkout reminder
17095,1324.16,3,618,17.894054054054056,2011-11-17 12:21:00,United Kingdom,22,successful,none,0,0,LOW,95.0,1324.16,1257.9520000000002,No action required
17096,1022.13,4,339,21.294375,2011-11-24 15:01:00,United Kingdom,14,successful,none,0,0,LOW,95.0,1022.13,971.0235,No action required
17097,954.42,8,459,4.523317535545024,2011-12-07 17:05:00,Spain,1,successful,none,0,0,LOW,95.0,954.42,906.699,No action required
17100,971.74,2,800,14.949846153846154,2011-11-21 16:36:00,United Kingdom,17,successful,none,0,0,LOW,95.0,971.74,923.153,No action required
17101,1621.73,4,815,38.61261904761905,2011-11-29 13:57:00,United Kingdom,9,successful,none,0,0,LOW,95.0,1621.73,1540.6435000000001,No action required
17102,25.5,1,2,25.5,2011-03-23 10:08:00,United Kingdom,261,checkout_abandoned,checkout_abandoned,1,55,MEDIUM,62.0,25.5,15.81,Send checkout reminder
17105,665.78,2,693,7.397555555555555,2011-07-03 15:53:00,United Kingdom,158,subscription_failed,insufficient_funds,1,60,MEDIUM,59.0,665.78,392.81019999999995,Retry payment + reminder
17107,10815.43,6,4837,25.874234449760767,2011-11-06 14:14:00,United Kingdom,32,successful,none,0,10,LOW,89.0,10815.43,9625.7327,No action required
17109,885.04,6,589,7.564444444444444,2011-11-10 16:59:00,United Kingdom,28,successful,none,0,0,LOW,95.0,885.04,840.788,No action required
17110,163.29999999999998,1,50,13.608333333333333,2011-06-27 12:58:00,United Kingdom,164,subscription_failed,insufficient_funds,1,60,MEDIUM,59.0,163.29999999999998,96.347,Retry payment + reminder
17111,248.61,1,302,8.287,2011-10-23 15:59:00,United Kingdom,46,payment_failed,card_expired,1,40,MEDIUM,71.0,248.61,176.5131,Send payment recovery link
17114,808.62,8,219,6.367086614173228,2011-12-04 12:17:00,United Kingdom,5,successful,none,0,0,LOW,95.0,808.62,768.189,No action required
17115,837.5,3,372,21.474358974358974,2011-12-01 14:30:00,United Kingdom,7,successful,none,0,0,LOW,95.0,837.5,795.625,No action required
17117,116.19999999999999,1,68,12.91111111111111,2011-02-24 13:54:00,United Kingdom,287,checkout_abandoned,checkout_abandoned,1,55,MEDIUM,62.0,116.19999999999999,72.044,Send checkout reminder
17118,157.02,1,154,15.702000000000002,2011-01-26 12:19:00,United Kingdom,317,checkout_abandoned,checkout_abandoned,1,55,MEDIUM,62.0,157.02,97.3524,Send checkout reminder
17119,606.91,2,334,17.340285714285713,2011-12-06 14:40:00,United Kingdom,2,successful,none,0,0,LOW,95.0,606.91,576.5645,No action required
17120,307.46,1,120,17.08111111111111,2011-04-20 15:21:00,United Kingdom,232,checkout_abandoned,checkout_abandoned,1,55,MEDIUM,62.0,307.46,190.6252,Send checkout reminder
17122,138.32,1,80,19.759999999999998,2011-08-12 14:33:00,United Kingdom,118,subscription_failed,insufficient_funds,1,60,MEDIUM,59.0,138.32,81.60879999999999,Retry payment + reminder
17123,345.29999999999995,1,246,38.36666666666666,2011-07-01 10:47:00,United Kingdom,161,subscription_failed,insufficient_funds,1,60,MEDIUM,59.0,345.29999999999995,203.72699999999998,Retry payment + reminder
17124,298.89,1,130,9.3403125,2011-06-07 14:02:00,United Kingdom,184,checkout_abandoned,checkout_abandoned,1,55,MEDIUM,62.0,298.89,185.3118,Send checkout reminder
17125,259.35,1,291,6.483750000000001,2011-10-20 14:41:00,United Kingdom,49,payment_failed,card_expired,1,40,MEDIUM,71.0,259.35,184.13850000000002,Send payment recovery link
17126,1004.75,5,792,3.8644230769230767,2011-07-10 13:52:00,United Kingdom,151,subscription_failed,insufficient_funds,1,60,MEDIUM,59.0,1004.75,592.8025,Retry payment + reminder
17128,157.09,1,76,11.220714285714285,2011-01-09 12:02:00,United Kingdom,334,checkout_abandoned,checkout_abandoned,1,55,MEDIUM,62.0,157.09,97.3958,Send checkout reminder
17131,2463.17,5,983,18.38186567164179,2011-12-04 12:52:00,United Kingdom,4,successful,none,0,0,LOW,95.0,2463.17,2340.0115,No action required
17133,4892.240000000001,7,2730,181.1940740740741,2011-11-24 12:27:00,United Kingdom,15,successful,none,0,0,LOW,95.0,4892.240000000001,4647.628000000001,No action required
17134,425.0,2,102,17.708333333333332,2011-08-25 09:53:00,United Kingdom,106,subscription_failed,insufficient_funds,1,60,MEDIUM,59.0,425.0,250.75,Retry payment + reminder
17135,1139.73,7,1224,21.917884615384615,2011-11-23 16:48:00,United Kingdom,15,successful,none,0,0,LOW,95.0,1139.73,1082.7435,No action required
17138,380.5,1,126,15.854166666666666,2011-03-09 11:54:00,United Kingdom,275,checkout_abandoned,checkout_abandoned,1,55,MEDIUM,62.0,380.5,235.91,Send checkout reminder
17139,10668.47,12,5182,22.31897489539749,2011-11-24 10:12:00,United Kingdom,15,successful,none,0,10,LOW,89.0,10668.47,9494.9383,No action required
17140,465.32,1,302,23.266,2011-04-06 13:33:00,United Kingdom,246,checkout_abandoned,checkout_abandoned,1,55,MEDIUM,62.0,465.32,288.4984,Send checkout reminder
17142,579.0,1,81,38.6,2011-04-14 18:22:00,United Kingdom,238,checkout_abandoned,checkout_abandoned,1,55,MEDIUM,62.0,579.0,358.98,Send checkout reminder
17144,984.57,2,483,20.511875,2011-12-08 17:57:00,United Kingdom,0,successful,none,0,0,LOW,95.0,984.57,935.3415000000001,No action required
17146,749.78,3,212,21.422285714285714,2011-08-26 12:44:00,United Kingdom,105,subscription_failed,insufficient_funds,1,60,MEDIUM,59.0,749.78,442.37019999999995,Retry payment + reminder
17147,1714.59,4,882,21.167777777777776,2011-11-17 12:32:00,United Kingdom,22,successful,none,0,0,LOW,95.0,1714.59,1628.8604999999998,No action required
17148,124.88,1,82,13.875555555555556,2011-10-19 09:59:00,United Kingdom,51,payment_failed,card_expired,1,40,MEDIUM,71.0,124.88,88.6648,Send payment recovery link
17152,1689.5,3,517,120.67857142857143,2011-05-29 12:19:00,United Kingdom,194,checkout_abandoned,checkout_abandoned,1,55,MEDIUM,62.0,1689.5,1047.49,Send checkout reminder
17153,213.78,1,104,15.27,2011-11-15 13:42:00,United Kingdom,23,successful,none,0,0,LOW,95.0,213.78,203.09099999999998,No action required
17154,329.34,1,490,14.319130434782608,2011-09-25 13:42:00,United Kingdom,74,payment_failed,card_expired,1,40,MEDIUM,71.0,329.34,233.8314,Send payment recovery link
17155,251.70000000000002,2,242,12.585,2011-11-22 12:38:00,United Kingdom,17,successful,none,0,0,LOW,95.0,251.70000000000002,239.115,No action required
17157,319.0,2,172,24.53846153846154,2011-12-02 09:10:00,United Kingdom,7,successful,none,0,0,LOW,95.0,319.0,303.05,No action required
17158,1266.97,3,778,18.91,2011-11-07 15:15:00,United Kingdom,31,successful,none,0,0,LOW,95.0,1266.97,1203.6215000000002,No action required
17159,1538.88,3,1111,15.236435643564358,2011-11-18 10:52:00,United Kingdom,21,successful,none,0,0,LOW,95.0,1538.88,1461.9360000000001,No action required
17160,3518.03,6,2856,15.362576419213974,2011-11-08 14:05:00,United Kingdom,30,successful,none,0,0,LOW,95.0,3518.03,3342.1285000000003,No action required
17162,1715.46,10,1001,16.494807692307692,2011-11-11 11:34:00,United Kingdom,28,successful,none,0,0,LOW,95.0,1715.46,1629.6870000000001,No action required
17163,293.1,2,66,58.620000000000005,2011-11-18 08:57:00,United Kingdom,21,successful,none,0,0,LOW,95.0,293.1,278.44500000000005,No action required
17164,2467.35,7,1501,17.134375,2011-11-07 09:14:00,United Kingdom,32,successful,none,0,0,LOW,95.0,2467.35,2343.9825,No action required
17165,158.68,1,100,15.868,2011-02-28 16:39:00,United Kingdom,283,checkout_abandoned,checkout_abandoned,1,55,MEDIUM,62.0,158.68,98.38159999999999,Send checkout reminder
17166,206.34,2,78,17.195,2011-11-01 09:46:00,United Kingdom,38,successful,none,0,0,LOW,95.0,206.34,196.023,No action required
17169,835.78,2,526,15.477407407407407,2011-10-13 10:25:00,United Kingdom,57,payment_failed,card_expired,1,40,MEDIUM,71.0,835.78,593.4037999999999,Send payment recovery link
17171,224.91,1,185,14.056875,2011-02-23 16:37:00,United Kingdom,288,checkout_abandoned,checkout_abandoned,1,55,MEDIUM,62.0,224.91,139.4442,Send checkout reminder
17172,317.76,1,480,21.184,2011-09-22 09:36:00,United Kingdom,78,payment_failed,card_expired,1,40,MEDIUM,71.0,317.76,225.6096,Send payment recovery link
17173,3766.6,8,1122,43.79767441860465,2011-12-04 14:40:00,United Kingdom,4,successful,none,0,0,LOW,95.0,3766.6,3578.27,No action required
17174,59.9,1,41,14.975,2011-05-06 11:47:00,United Kingdom,217,checkout_abandoned,checkout_abandoned,1,55,MEDIUM,62.0,59.9,37.138,Send checkout reminder
17175,1443.69,4,866,22.915714285714287,2011-10-26 15:31:00,United Kingdom,43,successful,none,0,0,LOW,95.0,1443.69,1371.5055000000002,No action required
17176,306.13,1,170,20.408666666666665,2011-05-22 12:41:00,United Kingdom,201,checkout_abandoned,checkout_abandoned,1,55,MEDIUM,62.0,306.13,189.8006,Send checkout reminder
17179,711.79,3,290,8.897375,2011-06-14 16:48:00,United Kingdom,177,subscription_failed,insufficient_funds,1,60,MEDIUM,59.0,711.79,419.9561,Retry payment + reminder
17180,796.03,4,683,6.218984375,2011-10-14 15:46:00,United Kingdom,55,payment_failed,card_expired,1,40,MEDIUM,71.0,796.03,565.1813,Send payment recovery link
17181,239.92000000000002,2,241,10.431304347826087,2011-10-13 14:48:00,United Kingdom,56,payment_failed,card_expired,1,40,MEDIUM,71.0,239.92000000000002,170.3432,Send payment recovery link
17183,3347.31,6,1296,45.85356164383562,2011-12-02 10:07:00,United Kingdom,7,successful,none,0,0,LOW,95.0,3347.31,3179.9445,No action required
17186,144.0,2,200,72.0,2011-10-24 10:20:00,United Kingdom,46,payment_failed,card_expired,1,40,MEDIUM,71.0,144.0,102.24,Send payment recovery link
17187,203.95,1,144,20.395,2011-04-27 12:39:00,United Kingdom,226,checkout_abandoned,checkout_abandoned,1,55,MEDIUM,62.0,203.95,126.449,Send checkout reminder
17188,2474.23,7,1328,29.455119047619046,2011-11-28 13:53:00,United Kingdom,10,successful,none,0,0,LOW,95.0,2474.23,2350.5185,No action required
17189,384.40000000000003,2,227,6.301639344262296,2011-08-25 19:39:00,United Kingdom,105,subscription_failed,insufficient_funds,1,60,MEDIUM,59.0,384.40000000000003,226.79600000000002,Retry payment + reminder
17190,444.74,2,161,23.40736842105263,2011-10-12 11:33:00,United Kingdom,58,payment_failed,card_expired,1,40,MEDIUM,71.0,444.74,315.7654,Send payment recovery link
17191,2095.13,7,1167,8.840210970464135,2011-11-11 16:58:00,United Kingdom,27,successful,none,0,0,LOW,95.0,2095.13,1990.3735000000001,No action required
17193,1699.3000000000002,7,1254,53.103125000000006,2011-11-04 12:47:00,United Kingdom,35,successful,none,0,0,LOW,95.0,1699.3000000000002,1614.3350000000003,No action required
17194,262.62,2,119,9.055862068965517,2011-03-11 12:05:00,United Kingdom,273,checkout_abandoned,checkout_abandoned,1,55,MEDIUM,62.0,262.62,162.8244,Send checkout reminder
17197,1013.01,1,191,34.93137931034483,2011-11-10 10:32:00,United Kingdom,29,successful,none,0,0,LOW,95.0,1013.01,962.3595,No action required
17198,692.22,3,357,7.210625,2011-11-16 10:39:00,United Kingdom,23,successful,none,0,0,LOW,95.0,692.22,657.609,No action required
17201,342.63,1,268,8.56575,2011-10-17 11:55:00,United Kingdom,53,payment_failed,card_expired,1,40,MEDIUM,71.0,342.63,243.2673,Send payment recovery link
17203,3563.85,6,2850,23.446381578947367,2011-11-04 12:27:00,United Kingdom,35,successful,none,0,0,LOW,95.0,3563.85,3385.6575,No action required
17204,1564.56,4,646,27.448421052631577,2011-06-17 14:46:00,United Kingdom,174,subscription_failed,insufficient_funds,1,60,MEDIUM,59.0,1564.56,923.0903999999999,Retry payment + reminder
17205,384.08,1,884,29.544615384615383,2011-10-17 12:46:00,United Kingdom,53,payment_failed,card_expired,1,40,MEDIUM,71.0,384.08,272.6968,Send payment recovery link
17206,204.24,1,76,29.177142857142858,2011-10-17 13:25:00,United Kingdom,52,payment_failed,card_expired,1,40,MEDIUM,71.0,204.24,145.0104,Send payment recovery link
17211,2317.2200000000003,8,1323,10.982085308056874,2011-11-13 12:03:00,United Kingdom,26,successful,none,0,0,LOW,95.0,2317.2200000000003,2201.3590000000004,No action required
17212,226.85,1,147,56.7125,2011-03-31 19:42:00,United Kingdom,252,checkout_abandoned,checkout_abandoned,1,55,MEDIUM,62.0,226.85,140.647,Send checkout reminder
17213,2781.23,7,1176,17.71484076433121,2011-10-30 14:53:00,United Kingdom,39,successful,none,0,0,LOW,95.0,2781.23,2642.1684999999998,No action required
17214,1069.1200000000001,6,276,10.37980582524272,2011-10-10 13:17:00,United Kingdom,59,payment_failed,card_expired,1,40,MEDIUM,71.0,1069.1200000000001,759.0752,Send payment recovery link
17217,113.5,1,24,12.61111111111111,2011-04-19 17:19:00,United Kingdom,233,checkout_abandoned,checkout_abandoned,1,55,MEDIUM,62.0,113.5,70.37,Send checkout reminder
17218,1960.72,10,958,7.155912408759124,2011-12-05 13:52:00,United Kingdom,3,successful,none,0,0,LOW,95.0,1960.72,1862.684,No action required
17219,114.23,1,89,4.5692,2011-11-08 11:25:00,United Kingdom,31,successful,none,0,0,LOW,95.0,114.23,108.5185,No action required
17220,3198.25,14,1905,6.775953389830509,2011-11-15 13:47:00,United Kingdom,23,successful,none,0,0,LOW,95.0,3198.25,3038.3375,No action required
17221,335.13,2,288,5.319523809523809,2011-12-02 13:35:00,United Kingdom,6,successful,none,0,0,LOW,95.0,335.13,318.3735,No action required
17222,354.15,1,128,12.648214285714285,2011-10-05 13:58:00,United Kingdom,64,payment_failed,card_expired,1,40,MEDIUM,71.0,354.15,251.4465,Send payment recovery link
17223,426.79,2,112,8.71,2011-02-02 15:57:00,United Kingdom,309,checkout_abandoned,checkout_abandoned,1,55,MEDIUM,62.0,426.79,264.6098,Send checkout reminder
17226,393.49,1,406,18.73761904761905,2011-02-04 11:52:00,United Kingdom,308,checkout_abandoned,checkout_abandoned,1,55,MEDIUM,62.0,393.49,243.96380000000002,Send checkout reminder
17227,939.32,6,741,19.985531914893617,2011-11-21 10:51:00,United Kingdom,18,successful,none,0,0,LOW,95.0,939.32,892.354,No action required
17228,1906.09,8,1532,9.16389423076923,2011-11-24 10:24:00,United Kingdom,15,successful,none,0,0,LOW,95.0,1906.09,1810.7855,No action required
17229,318.76,2,185,6.782127659574468,2011-09-04 13:56:00,United Kingdom,95,subscription_failed,insufficient_funds,1,60,MEDIUM,59.0,318.76,188.0684,Retry payment + reminder
17230,3638.41,8,1651,52.73057971014492,2011-03-20 16:12:00,United Kingdom,263,checkout_abandoned,checkout_abandoned,1,55,MEDIUM,62.0,3638.41,2255.8142,Send checkout reminder
17231,3174.32,10,1742,5.867504621072089,2011-11-27 15:18:00,United Kingdom,11,successful,none,0,0,LOW,95.0,3174.32,3015.6040000000003,No action required
17232,421.52,2,203,11.708888888888888,2011-12-07 12:21:00,United Kingdom,2,successful,none,0,0,LOW,95.0,421.52,400.444,No action required
17233,190.88,1,131,7.6352,2011-11-04 14:06:00,United Kingdom,34,successful,none,0,0,LOW,95.0,190.88,181.33599999999998,No action required
17234,149.89000000000001,1,55,10.706428571428573,2011-06-10 11:20:00,United Kingdom,182,checkout_abandoned,checkout_abandoned,1,55,MEDIUM,62.0,149.89000000000001,92.93180000000001,Send checkout reminder
17235,550.06,2,224,18.96758620689655,2011-11-14 15:51:00,United Kingdom,24,successful,none,0,0,LOW,95.0,550.06,522.557,No action required
17236,916.13,6,474,8.725047619047618,2011-11-27 12:00:00,United Kingdom,12,successful,none,0,0,LOW,95.0,916.13,870.3235000000001,No action required
17237,314.69,2,105,16.562631578947368,2011-11-28 15:02:00,United Kingdom,10,successful,none,0,0,LOW,95.0,314.69,298.9555,No action required
17238,3744.65,17,1822,6.615989399293286,2011-12-07 11:35:00,United Kingdom,2,successful,none,0,0,LOW,95.0,3744.65,3557.4175,No action required
17239,382.5,1,150,25.5,2011-01-31 09:41:00,United Kingdom,312,checkout_abandoned,checkout_abandoned,1,55,MEDIUM,62.0,382.5,237.15,Send checkout reminder
17242,1135.04,2,611,28.375999999999998,2011-08-23 14:55:00,United Kingdom,107,subscription_failed,insufficient_funds,1,60,MEDIUM,59.0,1135.04,669.6736,Retry payment + reminder
17243,8676.85,26,3370,21.692125,2011-12-08 13:26:00,United Kingdom,0,successful,none,0,10,LOW,89.0,8676.85,7722.3965,No action required
17244,954.9,1,616,30.80322580645161,2011-10-17 15:19:00,United Kingdom,52,payment_failed,card_expired,1,40,MEDIUM,71.0,954.9,677.9789999999999,Send payment recovery link
17245,171.45,1,75,19.049999999999997,2011-05-19 10:43:00,United Kingdom,204,checkout_abandoned,checkout_abandoned,1,55,MEDIUM,62.0,171.45,106.29899999999999,Send checkout reminder
17247,282.19,1,106,5.130727272727273,2011-11-24 15:21:00,United Kingdom,14,successful,none,0,0,LOW,95.0,282.19,268.0805,No action required
17248,318.65,1,213,4.618115942028985,2011-08-11 13:34:00,United Kingdom,119,subscription_failed,insufficient_funds,1,60,MEDIUM,59.0,318.65,188.00349999999997,Retry payment + reminder
17250,384.52,2,168,6.7459649122807015,2011-12-06 12:15:00,United Kingdom,3,successful,none,0,0,LOW,95.0,384.52,365.29400000000004,No action required
17251,283.28000000000003,1,110,7.263589743589744,2010-12-12 11:06:00,United Kingdom,362,checkout_abandoned,checkout_abandoned,1,55,MEDIUM,62.0,283.28000000000003,175.6336,Send checkout reminder
17252,353.86,2,193,4.067356321839081,2011-08-15 09:45:00,United Kingdom,116,subscription_failed,insufficient_funds,1,60,MEDIUM,59.0,353.86,208.77740000000003,Retry payment + reminder
17253,178.26,1,43,9.903333333333332,2011-11-21 12:59:00,United Kingdom,17,successful,none,0,0,LOW,95.0,178.26,169.347,No action required
17254,272.44,2,252,2.4325,2011-12-05 12:46:00,United Kingdom,4,successful,none,0,0,LOW,95.0,272.44,258.818,No action required
17255,298.41,2,232,3.825769230769231,2011-10-30 12:18:00,United Kingdom,40,successful,none,0,0,LOW,95.0,298.41,283.4895,No action required
17256,240.0,2,141,15.0,2011-08-24 13:30:00,United Kingdom,106,subscription_failed,insufficient_funds,1,60,MEDIUM,59.0,240.0,141.6,Retry payment + reminder
17259,603.37,2,410,4.865887096774194,2011-07-14 15:01:00,United Kingdom,147,subscription_failed,insufficient_funds,1,60,MEDIUM,59.0,603.37,355.98830000000004,Retry payment + reminder
17262,1253.3600000000001,5,367,104.44666666666667,2011-10-18 12:56:00,United Kingdom,51,payment_failed,card_expired,1,40,MEDIUM,71.0,1253.3600000000001,889.8856000000001,Send payment recovery link
17263,63.440000000000005,1,36,2.7582608695652175,2011-05-15 14:32:00,United Kingdom,207,checkout_abandoned,checkout_abandoned,1,55,MEDIUM,62.0,63.440000000000005,39.3328,Send checkout reminder
17265,562.9,2,394,4.432283464566929,2011-07-24 10:49:00,United Kingdom,138,subscription_failed,insufficient_funds,1,60,MEDIUM,59.0,562.9,332.111,Retry payment + reminder
17266,310.64,3,161,3.883,2011-12-07 14:12:00,United Kingdom,1,successful,none,0,0,LOW,95.0,310.64,295.108,No action required
17267,317.62,2,159,8.358421052631579,2011-08-04 17:22:00,United Kingdom,126,subscription_failed,insufficient_funds,1,60,MEDIUM,59.0,317.62,187.3958,Retry payment + reminder
17268,763.64,4,844,127.27333333333333,2011-08-24 10:06:00,United Kingdom,107,subscription_failed,insufficient_funds,1,60,MEDIUM,59.0,763.64,450.54760000000005,Retry payment + reminder
17272,2148.63,4,1778,18.847631578947368,2011-10-28 16:37:00,United Kingdom,41,successful,none,0,0,LOW,95.0,2148.63,2041.1985,No action required
17274,111.97999999999999,1,79,4.147407407407407,2011-11-04 13:16:00,United Kingdom,34,successful,none,0,0,LOW,95.0,111.97999999999999,106.38099999999999,No action required
17277,1065.3500000000001,2,430,15.43985507246377,2011-04-26 12:47:00,United Kingdom,227,checkout_abandoned,checkout_abandoned,1,55,MEDIUM,62.0,1065.3500000000001,660.5170000000002,Send checkout reminder
17278,246.04,1,179,16.402666666666665,2011-04-12 13:10:00,United Kingdom,240,checkout_abandoned,checkout_abandoned,1,55,MEDIUM,62.0,246.04,152.5448,Send checkout reminder
17279,187.82999999999998,1,48,20.869999999999997,2011-10-13 11:58:00,United Kingdom,57,payment_failed,card_expired,1,40,MEDIUM,71.0,187.82999999999998,133.3593,Send payment recovery link
17282,1703.41,3,1877,18.121382978723407,2011-08-01 14:29:00,United Kingdom,129,subscription_failed,insufficient_funds,1,60,MEDIUM,59.0,1703.41,1005.0119,Retry payment + reminder
17284,1652.58,6,1364,5.659520547945205,2011-10-10 14:38:00,United Kingdom,59,payment_failed,card_expired,1,40,MEDIUM,71.0,1652.58,1173.3318,Send payment recovery link
17286,153.92,1,118,3.420444444444444,2011-11-18 12:47:00,United Kingdom,21,successful,none,0,0,LOW,95.0,153.92,146.224,No action required
17287,1064.11,7,559,8.581532258064515,2011-11-13 13:27:00,United Kingdom,25,successful,none,0,0,LOW,95.0,1064.11,1010.9045,No action required
17288,1419.73,7,1203,9.998098591549295,2011-11-30 16:09:00,United Kingdom,8,successful,none,0,0,LOW,95.0,1419.73,1348.7435,No action required
17289,944.41,3,520,8.508198198198198,2011-11-08 12:01:00,United Kingdom,31,successful,none,0,0,LOW,95.0,944.41,897.1895,No action required
17290,525.24,2,404,5.149411764705882,2011-12-06 12:38:00,United Kingdom,3,successful,none,0,0,LOW,95.0,525.24,498.978,No action required
17291,550.8000000000001,1,72,550.8000000000001,2011-02-04 13:04:00,United Kingdom,307,checkout_abandoned,checkout_abandoned,1,55,MEDIUM,62.0,550.8000000000001,341.49600000000004,Send checkout reminder
17293,1875.1100000000001,9,1140,13.889703703703704,2011-12-01 14:37:00,United Kingdom,7,successful,none,0,0,LOW,95.0,1875.1100000000001,1781.3545000000001,No action required
17295,556.95,3,294,8.071739130434784,2011-11-11 10:49:00,United Kingdom,28,successful,none,0,0,LOW,95.0,556.95,529.1025000000001,No action required
17297,131.78,1,67,2.583921568627451,2011-11-22 14:43:00,United Kingdom,16,successful,none,0,0,LOW,95.0,131.78,125.191,No action required
17298,498.42,2,387,16.614,2011-08-30 16:43:00,United Kingdom,100,subscription_failed,insufficient_funds,1,60,MEDIUM,59.0,498.42,294.06780000000003,Retry payment + reminder
17299,669.11,4,678,11.738771929824562,2011-11-28 12:01:00,United Kingdom,11,successful,none,0,0,LOW,95.0,669.11,635.6545000000001,No action required
17301,197.63,1,149,2.994393939393939,2011-11-18 13:43:00,United Kingdom,20,successful,none,0,0,LOW,95.0,197.63,187.74849999999998,No action required
17302,1135.63,5,575,14.375063291139242,2011-11-25 09:36:00,United Kingdom,14,successful,none,0,0,LOW,95.0,1135.63,1078.8485,No action required
17303,250.04,1,144,4.717735849056604,2010-12-13 13:32:00,United Kingdom,360,checkout_abandoned,checkout_abandoned,1,55,MEDIUM,62.0,250.04,155.0248,Send checkout reminder
17306,8631.31,19,11491,130.77742424242425,2011-11-29 12:14:00,United Kingdom,10,successful,none,0,10,LOW,89.0,8631.31,7681.8659,No action required
17309,82.75,1,41,6.895833333333333,2011-09-05 15:20:00,United Kingdom,94,subscription_failed,insufficient_funds,1,60,MEDIUM,59.0,82.75,48.8225,Retry payment + reminder
17311,1384.85,2,1005,25.179090909090906,2011-09-22 14:11:00,United Kingdom,77,payment_failed,card_expired,1,40,MEDIUM,71.0,1384.85,983.2434999999999,Send payment recovery link
17312,644.3,3,372,46.021428571428565,2011-07-24 11:52:00,United Kingdom,138,subscription_failed,insufficient_funds,1,60,MEDIUM,59.0,644.3,380.13699999999994,Retry payment + reminder
17313,2328.84,1,1402,97.03500000000001,2011-11-08 15:45:00,United Kingdom,30,successful,none,0,0,LOW,95.0,2328.84,2212.398,No action required
17314,2527.92,8,1896,19.297099236641223,2011-11-15 09:41:00,United Kingdom,24,successful,none,0,0,LOW,95.0,2527.92,2401.524,No action required
17315,6292.26,38,3888,13.302875264270613,2011-12-08 12:15:00,United Kingdom,1,successful,none,0,10,LOW,89.0,6292.26,5600.1114,No action required
17317,2600.34,3,1146,288.9266666666667,2011-10-24 17:19:00,United Kingdom,45,successful,none,0,0,LOW,95.0,2600.34,2470.3230000000003,No action required
17320,1200.6200000000001,3,634,16.446849315068494,2011-08-31 13:31:00,United Kingdom,99,subscription_failed,insufficient_funds,1,60,MEDIUM,59.0,1200.6200000000001,708.3658,Retry payment + reminder
17321,700.86,2,373,6.550093457943925,2011-12-01 13:41:00,United Kingdom,7,successful,none,0,0,LOW,95.0,700.86,665.817,No action required
17323,921.07,7,776,4.6053500000000005,2011-11-24 17:29:00,United Kingdom,14,successful,none,0,0,LOW,95.0,921.07,875.0165000000001,No action required
17324,990.23,4,844,19.8046,2011-11-22 10:34:00,United Kingdom,17,successful,none,0,0,LOW,95.0,990.23,940.7185000000001,No action required
17325,96.8,1,60,16.133333333333333,2011-03-04 13:09:00,United Kingdom,279,checkout_abandoned,checkout_abandoned,1,55,MEDIUM,62.0,96.8,60.01599999999999,Send checkout reminder
17329,523.11,2,142,15.851818181818182,2011-11-25 14:24:00,United Kingdom,13,successful,none,0,0,LOW,95.0,523.11,496.95450000000005,No action required
17330,363.9,2,120,60.65,2011-11-17 08:56:00,United Kingdom,22,successful,none,0,0,LOW,95.0,363.9,345.705,No action required
17331,175.2,1,16,175.2,2011-08-08 11:55:00,United Kingdom,123,subscription_failed,insufficient_funds,1,60,MEDIUM,59.0,175.2,103.368,Retry payment + reminder
17333,494.25,1,375,17.651785714285715,2011-09-15 10:11:00,United Kingdom,85,payment_failed,card_expired,1,40,MEDIUM,71.0,494.25,350.9175,Send payment recovery link
17334,307.02,2,315,27.91090909090909,2011-02-10 14:59:00,United Kingdom,301,checkout_abandoned,checkout_abandoned,1,55,MEDIUM,62.0,307.02,190.3524,Send checkout reminder
17337,2027.8700000000001,4,1269,3.7345672191528547,2011-07-11 14:55:00,United Kingdom,150,subscription_failed,insufficient_funds,1,60,MEDIUM,59.0,2027.8700000000001,1196.4433,Retry payment + reminder
17338,6643.93,8,3128,8.8232802124834,2011-11-22 14:23:00,United Kingdom,16,successful,none,0,10,LOW,89.0,6643.93,5913.0977,No action required
17339,243.36,2,152,27.040000000000003,2011-09-06 13:29:00,United Kingdom,93,subscription_failed,insufficient_funds,1,60,MEDIUM,59.0,243.36,143.5824,Retry payment + reminder
17340,12353.29,11,5967,30.352063882063884,2011-11-10 10:45:00,United Kingdom,29,successful,none,0,10,LOW,89.0,12353.29,10994.428100000001,No action required
17341,781.36,3,489,4.2697267759562845,2011-07-06 12:33:00,United Kingdom,156,subscription_failed,insufficient_funds,1,60,MEDIUM,59.0,781.36,461.00239999999997,Retry payment + reminder
17343,193.64,1,56,11.390588235294118,2010-12-19 15:07:00,United Kingdom,354,checkout_abandoned,checkout_abandoned,1,55,MEDIUM,62.0,193.64,120.05679999999998,Send checkout reminder
17344,160.57,1,66,5.0178125,2011-10-24 12:56:00,United Kingdom,45,successful,none,0,0,LOW,95.0,160.57,152.54149999999998,No action required
17345,537.74,4,346,6.180919540229885,2011-11-24 15:03:00,United Kingdom,14,successful,none,0,0,LOW,95.0,537.74,510.853,No action required
17346,2676.56,15,1657,5.35312,2011-12-06 12:18:00,United Kingdom,3,successful,none,0,0,LOW,95.0,2676.56,2542.732,No action required
17347,228.96,1,216,228.96,2011-09-14 13:12:00,United Kingdom,85,payment_failed,card_expired,1,40,MEDIUM,71.0,228.96,162.5616,Send payment recovery link
17348,1159.52,5,1401,5.393116279069767,2011-11-25 11:25:00,United Kingdom,14,successful,none,0,0,LOW,95.0,1159.52,1101.5439999999999,No action required
17349,110.75,1,112,12.305555555555555,2011-06-13 14:29:00,United Kingdom,178,subscription_failed,insufficient_funds,1,60,MEDIUM,59.0,110.75,65.3425,Retry payment + reminder
17350,1286.07,4,795,18.113661971830986,2011-12-01 15:47:00,United Kingdom,7,successful,none,0,0,LOW,95.0,1286.07,1221.7665,No action required
17351,587.15,3,113,21.746296296296297,2011-11-03 18:45:00,United Kingdom,35,successful,none,0,0,LOW,95.0,587.15,557.7925,No action required
17353,1740.0,2,1200,217.5,2011-08-02 17:19:00,United Kingdom,128,subscription_failed,insufficient_funds,1,60,MEDIUM,59.0,1740.0,1026.6,Retry payment + reminder
17354,1393.06,1,1006,87.06625,2011-10-20 10:34:00,United Kingdom,50,payment_failed,card_expired,1,40,MEDIUM,71.0,1393.06,989.0726,Send payment recovery link
17356,178.22,1,166,9.38,2011-02-01 11:07:00,United Kingdom,311,checkout_abandoned,checkout_abandoned,1,55,MEDIUM,62.0,178.22,110.4964,Send checkout reminder
17357,388.14,2,153,8.625333333333334,2011-11-15 16:30:00,United Kingdom,23,successful,none,0,0,LOW,95.0,388.14,368.73299999999995,No action required
17358,365.85,2,202,6.200847457627119,2011-02-09 16:57:00,United Kingdom,302,checkout_abandoned,checkout_abandoned,1,55,MEDIUM,62.0,365.85,226.827,Send checkout reminder
17359,127.86,1,161,8.524,2011-11-28 14:37:00,United Kingdom,10,successful,none,0,0,LOW,95.0,127.86,121.46700000000001,No action required
17360,585.79,3,335,4.43780303030303,2011-11-22 13:11:00,United Kingdom,16,successful,none,0,0,LOW,95.0,585.79,556.5005,No action required
17361,488.2,3,157,16.834482758620688,2011-10-21 15:43:00,United Kingdom,48,payment_failed,card_expired,1,40,MEDIUM,71.0,488.2,346.62199999999996,Send payment recovery link
17362,312.23,2,191,8.920857142857143,2011-04-14 14:43:00,United Kingdom,238,checkout_abandoned,checkout_abandoned,1,55,MEDIUM,62.0,312.23,193.5826,Send checkout reminder
17364,4481.18,11,2701,10.903114355231144,2011-12-09 09:00:00,United Kingdom,0,successful,none,0,0,LOW,95.0,4481.18,4257.121,No action required
17365,4801.56,8,4777,10.259743589743591,2011-11-27 12:13:00,United Kingdom,12,successful,none,0,0,LOW,95.0,4801.56,4561.482,No action required
17367,168.4,1,150,4.952941176470588,2011-04-15 14:21:00,United Kingdom,237,checkout_abandoned,checkout_abandoned,1,55,MEDIUM,62.0,168.4,104.40800000000002,Send checkout reminder
17368,1912.67,8,1391,17.231261261261263,2011-11-16 15:26:00,United Kingdom,22,successful,none,0,0,LOW,95.0,1912.67,1817.0365,No action required
17370,446.18,4,540,13.520606060606061,2011-09-28 10:14:00,United Kingdom,72,payment_failed,card_expired,1,40,MEDIUM,71.0,446.18,316.7878,Send payment recovery link
17371,423.89,3,152,4.872298850574713,2011-11-22 13:30:00,United Kingdom,16,successful,none,0,0,LOW,95.0,423.89,402.6955,No action required
17372,1342.68,8,749,5.30703557312253,2011-10-30 11:37:00,United Kingdom,40,successful,none,0,0,LOW,95.0,1342.68,1275.546,No action required
17373,646.92,4,408,11.349473684210526,2011-10-30 15:28:00,United Kingdom,39,successful,none,0,0,LOW,95.0,646.92,614.574,No action required
17374,495.77,2,85,17.706071428571427,2011-05-05 09:05:00,United Kingdom,218,checkout_abandoned,checkout_abandoned,1,55,MEDIUM,62.0,495.77,307.37739999999997,Send checkout reminder
17375,400.1,3,367,5.798550724637681,2011-05-24 15:45:00,United Kingdom,198,checkout_abandoned,checkout_abandoned,1,55,MEDIUM,62.0,400.1,248.062,Send checkout reminder
17376,203.2,2,86,8.466666666666667,2011-09-30 12:36:00,United Kingdom,70,payment_failed,card_expired,1,40,MEDIUM,71.0,203.2,144.272,Send payment recovery link
17377,4100.92,20,2076,9.810813397129186,2011-11-16 11:17:00,United Kingdom,23,successful,none,0,0,LOW,95.0,4100.92,3895.8740000000003,No action required
17379,404.66,1,663,4.875421686746988,2011-11-28 13:56:00,United Kingdom,10,successful,none,0,0,LOW,95.0,404.66,384.427,No action required
17381,20275.61,29,25649,186.01477064220185,2011-12-01 11:59:00,United Kingdom,8,successful,none,0,10,LOW,89.0,20275.61,18045.2929,No action required
17382,65.4,1,25,32.7,2011-10-05 13:05:00,United Kingdom,64,payment_failed,card_expired,1,40,MEDIUM,71.0,65.4,46.434000000000005,Send payment recovery link
17383,199.29,1,150,3.9076470588235295,2011-12-05 17:36:00,United Kingdom,3,successful,none,0,0,LOW,95.0,199.29,189.3255,No action required
17384,336.4,2,88,22.426666666666666,2011-11-20 15:48:00,United Kingdom,18,successful,none,0,0,LOW,95.0,336.4,319.58,No action required
17385,261.11,1,201,5.555531914893617,2011-11-25 11:02:00,United Kingdom,14,successful,none,0,0,LOW,95.0,261.11,248.05450000000002,No action required
17386,2686.42,6,1902,95.94357142857143,2011-12-02 11:28:00,United Kingdom,7,successful,none,0,0,LOW,95.0,2686.42,2552.099,No action required
17387,784.11,2,542,10.052692307692308,2011-11-20 11:00:00,United Kingdom,19,successful,none,0,0,LOW,95.0,784.11,744.9045,No action required
17388,1259.56,4,1068,83.97066666666666,2011-09-23 10:31:00,United Kingdom,77,payment_failed,card_expired,1,40,MEDIUM,71.0,1259.56,894.2876,Send payment recovery link
17389,31833.68,34,7612,149.45389671361502,2011-12-09 09:38:00,United Kingdom,0,successful,none,0,10,LOW,89.0,31833.68,28331.9752,No action required
17391,508.8,2,480,169.6,2011-06-29 09:58:00,United Kingdom,163,subscription_failed,insufficient_funds,1,60,MEDIUM,59.0,508.8,300.192,Retry payment + reminder
17392,457.91,2,320,7.385645161290323,2011-02-06 12:48:00,United Kingdom,306,checkout_abandoned,checkout_abandoned,1,55,MEDIUM,62.0,457.91,283.9042,Send checkout reminder
17394,203.86999999999998,1,241,50.967499999999994,2011-05-04 13:22:00,United Kingdom,218,checkout_abandoned,checkout_abandoned,1,55,MEDIUM,62.0,203.86999999999998,126.39939999999999,Send checkout reminder
17396,7330.8,8,2005,271.5111111111111,2011-10-31 14:12:00,United Kingdom,38,successful,none,0,10,LOW,89.0,7330.8,6524.412,No action required
17397,696.41,2,254,7.569673913043478,2011-11-17 14:08:00,United Kingdom,21,successful,none,0,0,LOW,95.0,696.41,661.5894999999999,No action required
17398,653.38,3,310,17.19421052631579,2011-08-17 09:48:00,United Kingdom,114,subscription_failed,insufficient_funds,1,60,MEDIUM,59.0,653.38,385.4942,Retry payment + reminder
17400,2129.96,5,1097,9.99981220657277,2011-08-05 15:38:00,United Kingdom,125,subscription_failed,insufficient_funds,1,60,MEDIUM,59.0,2129.96,1256.6764,Retry payment + reminder
17402,2633.85,13,701,44.641525423728815,2011-12-05 10:15:00,United Kingdom,4,successful,none,0,0,LOW,95.0,2633.85,2502.1575,No action required
17403,281.62,1,117,8.533939393939393,2011-11-03 15:18:00,United Kingdom,35,successful,none,0,0,LOW,95.0,281.62,267.539,No action required
17404,31906.82,15,32748,161.14555555555555,2011-12-05 16:26:00,Sweden,3,successful,none,0,10,LOW,89.0,31906.82,28397.0698,No action required
17405,1031.41,3,726,12.578170731707319,2011-12-08 17:12:00,United Kingdom,0,successful,none,0,0,LOW,95.0,1031.41,979.8395000000002,No action required
17406,2200.42,3,787,19.47274336283186,2011-01-10 15:07:00,United Kingdom,332,checkout_abandoned,checkout_abandoned,1,55,MEDIUM,62.0,2200.42,1364.2604000000001,Send checkout reminder
17408,32.65,1,3,16.325,2011-06-29 12:53:00,United Kingdom,162,subscription_failed,insufficient_funds,1,60,MEDIUM,59.0,32.65,19.2635,Retry payment + reminder
17409,771.85,2,105,59.37307692307692,2011-06-08 10:36:00,United Kingdom,184,checkout_abandoned,checkout_abandoned,1,55,MEDIUM,62.0,771.85,478.547,Send checkout reminder
17410,1214.72,5,616,18.98,2011-11-23 15:46:00,United Kingdom,15,successful,none,0,0,LOW,95.0,1214.72,1153.9840000000002,No action required
17411,778.94,3,306,18.998536585365855,2011-11-27 14:25:00,United Kingdom,11,successful,none,0,0,LOW,95.0,778.94,739.993,No action required
17412,1258.06,7,738,19.061515151515152,2011-12-07 11:36:00,United Kingdom,2,successful,none,0,0,LOW,95.0,1258.06,1195.157,No action required
17414,778.0,2,2100,129.66666666666666,2011-10-27 12:13:00,United Kingdom,43,successful,none,0,0,LOW,95.0,778.0,739.1,No action required
17415,507.84,1,114,36.27428571428571,2011-09-21 12:50:00,United Kingdom,79,payment_failed,card_expired,1,40,MEDIUM,71.0,507.84,360.5664,Send payment recovery link
17416,6893.42,7,4302,25.626096654275095,2011-11-10 12:47:00,United Kingdom,29,successful,none,0,10,LOW,89.0,6893.42,6135.1438,No action required
17418,463.46000000000004,2,289,15.448666666666668,2011-10-28 13:00:00,United Kingdom,41,successful,none,0,0,LOW,95.0,463.46000000000004,440.28700000000003,No action required
17419,4226.57,12,1876,20.517330097087378,2011-11-28 13:47:00,United Kingdom,10,successful,none,0,0,LOW,95.0,4226.57,4015.2414999999996,No action required
17420,598.83,3,265,19.961000000000002,2011-10-20 14:52:00,United Kingdom,49,payment_failed,card_expired,1,40,MEDIUM,71.0,598.83,425.1693,Send payment recovery link
17422,1979.37,6,2253,16.917692307692306,2011-11-23 13:27:00,United Kingdom,15,successful,none,0,0,LOW,95.0,1979.37,1880.4015,No action required
17423,698.41,2,459,26.861923076923077,2011-10-24 13:36:00,United Kingdom,45,successful,none,0,0,LOW,95.0,698.41,663.4895,No action required
17425,759.17,2,407,17.655116279069766,2011-11-20 15:30:00,United Kingdom,18,successful,none,0,0,LOW,95.0,759.17,721.2114999999999,No action required
17426,5037.26,6,3094,18.58767527675277,2011-12-01 18:07:00,United Kingdom,7,successful,none,0,10,LOW,89.0,5037.26,4483.1614,No action required
17427,100.8,1,34,50.4,2011-09-29 11:29:00,United Kingdom,71,payment_failed,card_expired,1,40,MEDIUM,71.0,100.8,71.568,Send payment recovery link
17428,17256.85,28,9474,52.61234756097561,2011-12-09 09:45:00,United Kingdom,0,successful,none,0,10,LOW,89.0,17256.85,15358.5965,No action required
17429,524.9200000000001,3,624,13.459487179487182,2011-08-03 13:22:00,United Kingdom,127,subscription_failed,insufficient_funds,1,60,MEDIUM,59.0,524.9200000000001,309.7028000000001,Retry payment + reminder
17430,265.76,2,190,18.982857142857142,2011-11-07 09:24:00,United Kingdom,32,successful,none,0,0,LOW,95.0,265.76,252.472,No action required
17431,403.3,1,292,9.37906976744186,2011-01-30 14:36:00,United Kingdom,312,checkout_abandoned,checkout_abandoned,1,55,MEDIUM,62.0,403.3,250.04600000000002,Send checkout reminder
17432,365.76,2,207,7.62,2011-11-21 17:33:00,United Kingdom,17,successful,none,0,0,LOW,95.0,365.76,347.472,No action required
17433,303.15999999999997,1,185,5.6140740740740736,2011-09-12 14:24:00,United Kingdom,87,payment_failed,card_expired,1,40,MEDIUM,71.0,303.15999999999997,215.24359999999996,Send payment recovery link
17434,2373.82,7,1693,17.715074626865672,2011-12-07 13:16:00,United Kingdom,1,successful,none,0,0,LOW,95.0,2373.82,2255.1290000000004,No action required
17436,216.29999999999998,2,90,24.03333333333333,2011-12-08 12:30:00,United Kingdom,1,successful,none,0,0,LOW,95.0,216.29999999999998,205.485,No action required
17438,388.45000000000005,1,103,22.85,2011-03-31 10:26:00,United Kingdom,253,checkout_abandoned,checkout_abandoned,1,55,MEDIUM,62.0,388.45000000000005,240.83900000000003,Send checkout reminder
17440,186.42000000000002,3,246,37.284000000000006,2011-07-06 11:54:00,United Kingdom,156,subscription_failed,insufficient_funds,1,60,MEDIUM,59.0,186.42000000000002,109.98780000000001,Retry payment + reminder
17442,2248.56,6,1496,16.656,2011-11-03 09:17:00,United Kingdom,36,successful,none,0,0,LOW,95.0,2248.56,2136.1319999999996,No action required
17443,534.24,1,504,534.24,2011-05-04 10:47:00,Canada,219,checkout_abandoned,checkout_abandoned,1,55,MEDIUM,62.0,534.24,331.2288,Send checkout reminder
17444,2940.04,3,2119,21.778074074074073,2011-07-15 12:05:00,Canada,147,subscription_failed,insufficient_funds,1,60,MEDIUM,59.0,2940.04,1734.6236,Retry payment + reminder
17446,120.9,2,198,13.433333333333334,2011-06-16 10:42:00,United Kingdom,176,subscription_failed,insufficient_funds,1,60,MEDIUM,59.0,120.9,71.331,Retry payment + reminder
17447,541.53,2,443,15.042499999999999,2011-10-30 14:18:00,United Kingdom,39,successful,none,0,0,LOW,95.0,541.53,514.4535,No action required
17449,2520.86,7,1122,9.10057761732852,2011-12-07 16:56:00,United Kingdom,1,successful,none,0,0,LOW,95.0,2520.86,2394.817,No action required
17450,194550.79,46,69993,577.3020474777448,2011-12-01 13:29:00,United Kingdom,7,successful,none,0,10,LOW,89.0,194550.79,173150.2031,No action required
17451,1721.4,7,1203,17.214000000000002,2011-12-08 15:02:00,United Kingdom,0,successful,none,0,0,LOW,95.0,1721.4,1635.33,No action required
17453,486.71999999999997,2,219,25.616842105263157,2011-11-22 09:42:00,United Kingdom,17,successful,none,0,0,LOW,95.0,486.71999999999997,462.38399999999996,No action required
17454,517.53,4,243,8.484098360655738,2011-05-31 13:58:00,United Kingdom,191,checkout_abandoned,checkout_abandoned,1,55,MEDIUM,62.0,517.53,320.86859999999996,Send checkout reminder
17455,131.7,1,66,16.4625,2011-05-20 12:31:00,United Kingdom,203,checkout_abandoned,checkout_abandoned,1,55,MEDIUM,62.0,131.7,81.654,Send checkout reminder
17456,249.86,1,222,14.69764705882353,2010-12-09 15:23:00,United Kingdom,364,checkout_abandoned,checkout_abandoned,1,55,MEDIUM,62.0,249.86,154.91320000000002,Send checkout reminder
17457,1737.7,5,826,91.4578947368421,2011-08-05 12:48:00,United Kingdom,126,subscription_failed,insufficient_funds,1,60,MEDIUM,59.0,1737.7,1025.243,Retry payment + reminder
17458,316.5,1,170,5.861111111111111,2011-11-24 13:01:00,United Kingdom,14,successful,none,0,0,LOW,95.0,316.5,300.675,No action required
17459,657.3,2,537,5.921621621621621,2011-10-27 13:25:00,United Kingdom,42,successful,none,0,0,LOW,95.0,657.3,624.435,No action required
17460,622.4300000000001,6,236,21.463103448275863,2011-09-06 15:04:00,United Kingdom,93,subscription_failed,insufficient_funds,1,60,MEDIUM,59.0,622.4300000000001,367.2337,Retry payment + reminder
17461,757.46,3,799,6.823963963963965,2011-11-17 10:21:00,United Kingdom,22,successful,none,0,0,LOW,95.0,757.46,719.587,No action required
17462,675.69,2,227,25.025555555555556,2011-10-10 13:56:00,United Kingdom,59,payment_failed,card_expired,1,40,MEDIUM,71.0,675.69,479.73990000000003,Send payment recovery link
17463,1896.41,5,1095,8.820511627906978,2011-11-23 13:40:00,United Kingdom,15,successful,none,0,0,LOW,95.0,1896.41,1801.5895,No action required
17464,289.96000000000004,1,220,32.21777777777778,2011-07-04 13:19:00,United Kingdom,157,subscription_failed,insufficient_funds,1,60,MEDIUM,59.0,289.96000000000004,171.07640000000004,Retry payment + reminder
17466,763.28,2,306,18.61658536585366,2011-11-29 13:15:00,United Kingdom,9,successful,none,0,0,LOW,95.0,763.28,725.1159999999999,No action required
17468,137.0,2,116,27.4,2011-11-29 15:33:00,United Kingdom,9,successful,none,0,0,LOW,95.0,137.0,130.15,No action required
17469,1870.97,5,787,21.261022727272728,2011-11-23 13:15:00,United Kingdom,15,successful,none,0,0,LOW,95.0,1870.97,1777.4215,No action required
17470,1125.07,5,1675,14.423974358974359,2011-10-26 12:42:00,United Kingdom,44,successful,none,0,0,LOW,95.0,1125.07,1068.8165,No action required
17472,710.29,3,462,3.9242541436464085,2011-06-01 14:57:00,United Kingdom,190,checkout_abandoned,checkout_abandoned,1,55,MEDIUM,62.0,710.29,440.37979999999993,Send checkout reminder
17475,194.37,1,178,13.883571428571429,2011-09-21 14:55:00,United Kingdom,78,payment_failed,card_expired,1,40,MEDIUM,71.0,194.37,138.0027,Send payment recovery link
17480,511.82,1,338,17.64896551724138,2011-09-23 11:39:00,United Kingdom,77,payment_failed,card_expired,1,40,MEDIUM,71.0,511.82,363.3922,Send payment recovery link
17481,1255.59,4,1061,15.312073170731706,2011-12-06 12:28:00,United Kingdom,3,successful,none,0,0,LOW,95.0,1255.59,1192.8104999999998,No action required
17483,414.04,3,191,19.716190476190476,2011-10-05 13:10:00,United Kingdom,64,payment_failed,card_expired,1,40,MEDIUM,71.0,414.04,293.9684,Send payment recovery link
17486,396.87,1,191,16.53625,2011-03-23 14:00:00,United Kingdom,260,checkout_abandoned,checkout_abandoned,1,55,MEDIUM,62.0,396.87,246.05939999999998,Send checkout reminder
17489,376.64,2,428,12.987586206896552,2011-10-12 08:56:00,United Kingdom,58,payment_failed,card_expired,1,40,MEDIUM,71.0,376.64,267.4144,Send payment recovery link
17490,2092.32,7,1134,27.530526315789476,2011-12-09 09:08:00,United Kingdom,0,successful,none,0,0,LOW,95.0,2092.32,1987.7040000000002,No action required
17491,3558.87,10,2013,32.65018348623853,2011-12-08 16:18:00,United Kingdom,0,successful,none,0,0,LOW,95.0,3558.87,3380.9264999999996,No action required
17492,374.57,1,155,31.214166666666667,2011-04-05 15:21:00,United Kingdom,247,checkout_abandoned,checkout_abandoned,1,55,MEDIUM,62.0,374.57,232.2334,Send checkout reminder
17495,497.56,2,229,18.42814814814815,2011-12-02 12:08:00,United Kingdom,7,successful,none,0,0,LOW,95.0,497.56,472.68199999999996,No action required
17496,271.05,1,79,27.105,2010-12-16 08:39:00,United Kingdom,358,checkout_abandoned,checkout_abandoned,1,55,MEDIUM,62.0,271.05,168.05100000000002,Send checkout reminder
17498,272.22,1,394,16.01294117647059,2011-09-25 12:25:00,United Kingdom,75,payment_failed,card_expired,1,40,MEDIUM,71.0,272.22,193.27620000000002,Send payment recovery link
17499,622.88,1,711,15.572,2011-02-23 09:14:00,United Kingdom,289,checkout_abandoned,checkout_abandoned,1,55,MEDIUM,62.0,622.88,386.18559999999997,Send checkout reminder
17500,1138.0,3,17,227.6,2011-11-22 14:25:00,United Kingdom,16,successful,none,0,0,LOW,95.0,1138.0,1081.1,No action required
17501,288.6,2,160,16.033333333333335,2011-05-03 09:47:00,United Kingdom,220,checkout_abandoned,checkout_abandoned,1,55,MEDIUM,62.0,288.6,178.93200000000002,Send checkout reminder
17502,689.1,4,376,24.610714285714288,2011-11-30 13:13:00,United Kingdom,8,successful,none,0,0,LOW,95.0,689.1,654.645,No action required
17503,558.96,2,486,14.709473684210527,2011-12-07 09:18:00,United Kingdom,2,successful,none,0,0,LOW,95.0,558.96,531.0120000000001,No action required
17504,2997.0299999999997,9,1664,23.598661417322834,2011-05-17 12:59:00,United Kingdom,205,checkout_abandoned,checkout_abandoned,1,55,MEDIUM,62.0,2997.0299999999997,1858.1585999999998,Send checkout reminder
17505,1145.84,2,556,22.035384615384615,2011-07-01 12:50:00,United Kingdom,161,subscription_failed,insufficient_funds,1,60,MEDIUM,59.0,1145.84,676.0455999999999,Retry payment + reminder
17506,302.2,1,139,21.585714285714285,2011-09-25 11:39:00,United Kingdom,75,payment_failed,card_expired,1,40,MEDIUM,71.0,302.2,214.562,Send payment recovery link
17507,605.58,2,359,6.881590909090909,2011-03-23 11:48:00,United Kingdom,261,checkout_abandoned,checkout_abandoned,1,55,MEDIUM,62.0,605.58,375.45959999999997,Send checkout reminder
17508,387.31,1,289,17.605,2011-03-04 08:10:00,Greece,280,checkout_abandoned,checkout_abandoned,1,55,MEDIUM,62.0,387.31,240.1322,Send checkout reminder
17509,6115.14,8,3534,16.708032786885248,2011-10-13 10:26:00,United Kingdom,57,payment_failed,card_expired,1,50,MEDIUM,65.0,6115.14,3974.8410000000003,Send payment recovery link
17510,308.48,1,214,15.424000000000001,2011-11-15 10:00:00,United Kingdom,24,successful,none,0,0,LOW,95.0,308.48,293.05600000000004,No action required
17511,91062.38,31,64549,94.5611422637591,2011-12-07 10:12:00,United Kingdom,2,successful,none,0,10,LOW,89.0,91062.38,81045.5182,No action required
17512,2924.9900000000002,10,2753,27.85704761904762,2011-11-11 12:11:00,United Kingdom,28,successful,none,0,0,LOW,95.0,2924.9900000000002,2778.7405000000003,No action required
17513,513.2,1,254,85.53333333333335,2011-09-28 16:42:00,United Kingdom,71,payment_failed,card_expired,1,40,MEDIUM,71.0,513.2,364.37200000000007,Send payment recovery link
17514,208.65,1,135,5.2162500000000005,2011-08-03 15:45:00,United Kingdom,127,subscription_failed,insufficient_funds,1,60,MEDIUM,59.0,208.65,123.1035,Retry payment + reminder
17515,639.02,4,243,7.345057471264368,2011-11-08 14:04:00,United Kingdom,30,successful,none,0,0,LOW,95.0,639.02,607.069,No action required
17516,768.08,5,416,5.606423357664234,2011-11-24 16:51:00,United Kingdom,14,successful,none,0,0,LOW,95.0,768.08,729.676,No action required
17517,153.94,1,102,13.994545454545454,2011-02-04 11:48:00,United Kingdom,308,checkout_abandoned,checkout_abandoned,1,55,MEDIUM,62.0,153.94,95.4428,Send checkout reminder
17519,1844.02,6,1236,22.488048780487805,2011-11-22 16:43:00,United Kingdom,16,successful,none,0,0,LOW,95.0,1844.02,1751.819,No action required
17520,546.81,1,365,18.226999999999997,2011-10-17 12:04:00,United Kingdom,53,payment_failed,card_expired,1,40,MEDIUM,71.0,546.81,388.23509999999993,Send payment recovery link
17521,723.2099999999999,3,519,16.07133333333333,2011-11-10 11:22:00,United Kingdom,29,successful,none,0,0,LOW,95.0,723.2099999999999,687.0495,No action required
17522,1070.71,5,1034,14.667260273972603,2011-12-08 12:31:00,United Kingdom,1,successful,none,0,0,LOW,95.0,1070.71,1017.1745,No action required
17523,652.74,4,872,19.78,2011-11-28 13:20:00,United Kingdom,10,successful,none,0,0,LOW,95.0,652.74,620.1030000000001,No action required
17524,145.0,1,90,24.166666666666668,2010-12-13 14:32:00,United Kingdom,360,checkout_abandoned,checkout_abandoned,1,55,MEDIUM,62.0,145.0,89.9,Send checkout reminder
17525,422.70000000000005,1,82,46.96666666666667,2010-12-15 12:05:00,United Kingdom,359,checkout_abandoned,checkout_abandoned,1,55,MEDIUM,62.0,422.70000000000005,262.074,Send checkout reminder
17526,1195.8999999999999,4,310,62.942105263157885,2011-12-05 11:05:00,United Kingdom,4,successful,none,0,0,LOW,95.0,1195.8999999999999,1136.1049999999998,No action required
17527,939.37,4,488,19.98659574468085,2011-10-17 12:32:00,United Kingdom,53,payment_failed,card_expired,1,40,MEDIUM,71.0,939.37,666.9527,Send payment recovery link
17528,3628.5,8,2138,14.34189723320158,2011-12-08 13:27:00,United Kingdom,0,successful,none,0,0,LOW,95.0,3628.5,3447.075,No action required
17530,2385.0,10,1526,6.053299492385787,2011-12-08 18:42:00,United Kingdom,0,successful,none,0,0,LOW,95.0,2385.0,2265.75,No action required
17531,296.7,1,136,21.192857142857143,2011-06-02 19:17:00,United Kingdom,189,checkout_abandoned,checkout_abandoned,1,55,MEDIUM,62.0,296.7,183.95399999999998,Send checkout reminder
17534,223.36,1,103,24.817777777777778,2011-10-17 12:47:00,United Kingdom,53,payment_failed,card_expired,1,40,MEDIUM,71.0,223.36,158.5856,Send payment recovery link
17535,164.4,1,136,12.646153846153847,2011-03-04 15:20:00,United Kingdom,279,checkout_abandoned,checkout_abandoned,1,55,MEDIUM,62.0,164.4,101.92800000000001,Send checkout reminder
17536,76.5,1,6,25.5,2011-06-15 13:23:00,United Kingdom,176,subscription_failed,insufficient_funds,1,60,MEDIUM,59.0,76.5,45.135,Retry payment + reminder
17537,897.62,2,700,11.968266666666667,2011-11-10 10:56:00,United Kingdom,29,successful,none,0,0,LOW,95.0,897.62,852.7389999999999,No action required
17538,98.42,1,134,10.935555555555556,2011-11-14 12:12:00,United Kingdom,25,successful,none,0,0,LOW,95.0,98.42,93.499,No action required
17540,578.9,2,194,23.156,2011-11-15 11:56:00,United Kingdom,24,successful,none,0,0,LOW,95.0,578.9,549.955,No action required
17542,170.75,1,134,6.83,2011-03-15 11:45:00,United Kingdom,269,checkout_abandoned,checkout_abandoned,1,55,MEDIUM,62.0,170.75,105.865,Send checkout reminder
17545,645.96,3,341,4.454896551724138,2011-10-27 14:04:00,United Kingdom,42,successful,none,0,0,LOW,95.0,645.96,613.662,No action required
17548,103.3,1,58,20.66,2011-04-20 12:01:00,United Kingdom,233,checkout_abandoned,checkout_abandoned,1,55,MEDIUM,62.0,103.3,64.04599999999999,Send checkout reminder
17549,148.86,2,210,24.810000000000002,2011-11-16 09:59:00,United Kingdom,23,successful,none,0,0,LOW,95.0,148.86,141.417,No action required
17550,267.16,3,86,6.360952380952382,2011-05-26 14:09:00,United Kingdom,196,checkout_abandoned,checkout_abandoned,1,55,MEDIUM,62.0,267.16,165.63920000000002,Send checkout reminder
17551,306.84,1,150,7.1358139534883716,2010-12-15 14:12:00,United Kingdom,358,checkout_abandoned,checkout_abandoned,1,55,MEDIUM,62.0,306.84,190.24079999999998,Send checkout reminder
17552,930.41,4,719,18.987959183673468,2011-10-10 17:00:00,United Kingdom,59,payment_failed,card_expired,1,40,MEDIUM,71.0,930.41,660.5911,Send payment recovery link
17553,1487.6,1,1048,743.8,2011-08-02 10:00:00,United Kingdom,129,subscription_failed,insufficient_funds,1,60,MEDIUM,59.0,1487.6,877.684,Retry payment + reminder
17554,1952.45,5,1763,22.18693181818182,2011-12-08 14:15:00,United Kingdom,0,successful,none,0,0,LOW,95.0,1952.45,1854.8275,No action required
17555,483.26,2,349,4.559056603773585,2011-11-20 12:22:00,United Kingdom,19,successful,none,0,0,LOW,95.0,483.26,459.097,No action required
17556,157.9,1,101,26.316666666666666,2011-05-18 10:48:00,United Kingdom,205,checkout_abandoned,checkout_abandoned,1,55,MEDIUM,62.0,157.9,97.89800000000001,Send checkout reminder
17557,541.46,3,306,15.92529411764706,2011-11-25 12:57:00,United Kingdom,13,successful,none,0,0,LOW,95.0,541.46,514.3870000000001,No action required
17560,854.95,4,635,32.88269230769231,2011-09-06 09:18:00,United Kingdom,94,subscription_failed,insufficient_funds,1,60,MEDIUM,59.0,854.95,504.4205,Retry payment + reminder
17561,167.62,1,146,3.643913043478261,2011-11-20 12:53:00,United Kingdom,18,successful,none,0,0,LOW,95.0,167.62,159.239,No action required
17562,1122.38,7,817,17.81555555555556,2011-11-25 14:21:00,United Kingdom,13,successful,none,0,0,LOW,95.0,1122.38,1066.261,No action required
17564,454.01,3,146,9.265510204081632,2011-11-15 13:27:00,United Kingdom,23,successful,none,0,0,LOW,95.0,454.01,431.30949999999996,No action required
17566,901.21,2,518,5.929013157894737,2011-12-01 19:54:00,United Kingdom,7,successful,none,0,0,LOW,95.0,901.21,856.1495,No action required
17567,4331.48,8,2632,26.251393939393935,2011-12-02 15:48:00,United Kingdom,6,successful,none,0,0,LOW,95.0,4331.48,4114.906,No action required
17569,344.14,1,159,11.866896551724137,2011-01-11 14:15:00,United Kingdom,331,checkout_abandoned,checkout_abandoned,1,55,MEDIUM,62.0,344.14,213.3668,Send checkout reminder
17571,1498.51,4,905,5.0117391304347825,2011-10-20 15:57:00,United Kingdom,49,payment_failed,card_expired,1,40,MEDIUM,71.0,1498.51,1063.9421,Send payment recovery link
17572,226.75000000000003,4,95,18.895833333333336,2011-09-29 17:53:00,United Kingdom,70,payment_failed,card_expired,1,40,MEDIUM,71.0,226.75000000000003,160.9925,Send payment recovery link
17573,380.6,3,308,15.224,2011-11-10 13:01:00,United Kingdom,28,successful,none,0,0,LOW,95.0,380.6,361.57,No action required
17574,185.65,1,77,23.20625,2011-04-11 09:47:00,United Kingdom,242,checkout_abandoned,checkout_abandoned,1,55,MEDIUM,62.0,185.65,115.10300000000001,Send checkout reminder
17576,3622.68,19,1994,8.814306569343065,2011-12-01 17:56:00,United Kingdom,7,successful,none,0,0,LOW,95.0,3622.68,3441.546,No action required
17578,143.45999999999998,1,138,28.691999999999997,2011-05-05 18:38:00,United Kingdom,217,checkout_abandoned,checkout_abandoned,1,55,MEDIUM,62.0,143.45999999999998,88.94519999999999,Send checkout reminder
17579,448.90000000000003,3,258,8.978000000000002,2011-12-05 12:28:00,United Kingdom,4,successful,none,0,0,LOW,95.0,448.90000000000003,426.455,No action required
17580,215.72,3,88,4.793777777777778,2011-04-01 12:41:00,United Kingdom,252,checkout_abandoned,checkout_abandoned,1,55,MEDIUM,62.0,215.72,133.7464,Send checkout reminder
17581,11045.04,25,5927,25.102363636363638,2011-12-09 12:21:00,United Kingdom,0,successful,none,0,10,LOW,89.0,11045.04,9830.0856,No action required
17582,175.27,1,123,6.043793103448277,2011-04-17 13:18:00,United Kingdom,235,checkout_abandoned,checkout_abandoned,1,55,MEDIUM,62.0,175.27,108.6674,Send checkout reminder
17584,1242.3,2,458,35.494285714285716,2011-12-02 17:12:00,United Kingdom,6,successful,none,0,0,LOW,95.0,1242.3,1180.185,No action required
17585,1133.07,4,1671,5.294719626168224,2011-08-22 13:30:00,United Kingdom,108,subscription_failed,insufficient_funds,1,60,MEDIUM,59.0,1133.07,668.5112999999999,Retry payment + reminder
17588,1240.2,3,676,53.92173913043479,2011-08-31 13:37:00,United Kingdom,99,subscription_failed,insufficient_funds,1,60,MEDIUM,59.0,1240.2,731.7180000000001,Retry payment + reminder
17589,2404.17,4,1631,9.502648221343874,2011-10-10 16:58:00,United Kingdom,59,payment_failed,card_expired,1,40,MEDIUM,71.0,2404.17,1706.9607,Send payment recovery link
17590,1479.22,3,828,7.359303482587065,2011-12-07 12:55:00,United Kingdom,1,successful,none,0,0,LOW,95.0,1479.22,1405.259,No action required
17591,2225.9700000000003,7,1009,13.409457831325303,2011-09-27 13:42:00,United Kingdom,72,payment_failed,card_expired,1,40,MEDIUM,71.0,2225.9700000000003,1580.4387000000002,Send payment recovery link
17593,3927.34,5,3101,18.438215962441316,2011-12-06 10:30:00,United Kingdom,3,successful,none,0,0,LOW,95.0,3927.34,3730.973,No action required
17594,993.18,2,550,19.863599999999998,2011-09-15 16:34:00,United Kingdom,84,payment_failed,card_expired,1,40,MEDIUM,71.0,993.18,705.1578,Send payment recovery link
17595,388.79,2,229,4.68421686746988,2011-11-27 16:08:00,United Kingdom,11,successful,none,0,0,LOW,95.0,388.79,369.3505,No action required
17596,2827.93,7,4400,10.473814814814814,2011-11-16 14:11:00,United Kingdom,22,successful,none,0,0,LOW,95.0,2827.93,2686.5334999999995,No action required
17597,2044.3700000000001,1,1176,37.17036363636364,2011-05-10 11:54:00,United Kingdom,213,checkout_abandoned,checkout_abandoned,1,55,MEDIUM,62.0,2044.3700000000001,1267.5094,Send checkout reminder
17600,161.67000000000002,1,144,12.436153846153847,2011-11-22 09:43:00,United Kingdom,17,successful,none,0,0,LOW,95.0,161.67000000000002,153.5865,No action required
17601,116.00999999999999,1,103,12.889999999999999,2011-04-14 18:02:00,United Kingdom,238,checkout_abandoned,checkout_abandoned,1,55,MEDIUM,62.0,116.00999999999999,71.9262,Send checkout reminder
17602,5102.97,6,4151,9.11244642857143,2011-12-07 13:53:00,United Kingdom,1,successful,none,0,10,LOW,89.0,5102.97,4541.6433,No action required
17603,394.72,1,74,35.88363636363636,2011-09-22 14:18:00,United Kingdom,77,payment_failed,card_expired,1,40,MEDIUM,71.0,394.72,280.25120000000004,Send payment recovery link
17604,309.36,2,169,4.91047619047619,2011-05-06 13:43:00,United Kingdom,216,checkout_abandoned,checkout_abandoned,1,55,MEDIUM,62.0,309.36,191.8032,Send checkout reminder
17608,193.42,2,232,3.2783050847457624,2011-11-06 13:06:00,United Kingdom,32,successful,none,0,0,LOW,95.0,193.42,183.74899999999997,No action required
17609,1112.22,5,723,4.692911392405064,2011-10-30 12:28:00,United Kingdom,40,successful,none,0,0,LOW,95.0,1112.22,1056.6090000000002,No action required
17611,3984.22,15,2560,6.9170486111111105,2011-12-02 13:29:00,United Kingdom,6,successful,none,0,0,LOW,95.0,3984.22,3785.0089999999996,No action required
17612,2048.45,6,1808,15.173703703703703,2011-10-17 14:59:00,United Kingdom,52,payment_failed,card_expired,1,40,MEDIUM,71.0,2048.45,1454.3994999999998,Send payment recovery link
17613,4559.150000000001,14,2496,14.612660256410258,2011-11-17 10:51:00,United Kingdom,22,successful,none,0,0,LOW,95.0,4559.150000000001,4331.192500000001,No action required
17614,390.07,1,238,3.9007,2011-10-13 16:01:00,United Kingdom,56,payment_failed,card_expired,1,40,MEDIUM,71.0,390.07,276.9497,Send payment recovery link
17615,329.6,3,140,23.542857142857144,2011-08-01 14:06:00,United Kingdom,129,subscription_failed,insufficient_funds,1,60,MEDIUM,59.0,329.6,194.46400000000003,Retry payment + reminder
17616,571.1999999999999,3,224,190.39999999999998,2011-06-19 10:11:00,United Kingdom,173,subscription_failed,insufficient_funds,1,60,MEDIUM,59.0,571.1999999999999,337.008,Retry payment + reminder
17618,971.58,3,331,12.456153846153846,2011-12-04 11:50:00,United Kingdom,5,successful,none,0,0,LOW,95.0,971.58,923.0010000000001,No action required
17619,218.52,1,127,2.837922077922078,2011-01-31 14:18:00,United Kingdom,311,checkout_abandoned,checkout_abandoned,1,55,MEDIUM,62.0,218.52,135.48239999999998,Send checkout reminder
17620,81.44,1,60,20.36,2011-10-11 12:08:00,United Kingdom,59,payment_failed,card_expired,1,40,MEDIUM,71.0,81.44,57.822399999999995,Send payment recovery link
17621,1379.9,3,514,53.073076923076925,2011-11-18 17:11:00,United Kingdom,20,successful,none,0,0,LOW,95.0,1379.9,1310.905,No action required
17623,527.0500000000001,1,265,15.971212121212123,2011-11-07 11:32:00,United Kingdom,32,successful,none,0,0,LOW,95.0,527.0500000000001,500.69750000000005,No action required
17624,843.48,2,554,16.869600000000002,2011-11-25 10:52:00,United Kingdom,14,successful,none,0,0,LOW,95.0,843.48,801.306,No action required
17625,2047.0,4,1198,6.498412698412698,2011-11-21 13:36:00,United Kingdom,17,successful,none,0,0,LOW,95.0,2047.0,1944.65,No action required
17628,75.75,1,79,15.15,2011-09-19 15:21:00,United Kingdom,80,payment_failed,card_expired,1,40,MEDIUM,71.0,75.75,53.7825,Send payment recovery link
17629,1814.12,8,1629,14.748943089430893,2011-12-04 10:56:00,United Kingdom,5,successful,none,0,0,LOW,95.0,1814.12,1723.414,No action required
17630,503.59999999999997,2,158,19.369230769230768,2011-06-23 11:58:00,United Kingdom,169,subscription_failed,insufficient_funds,1,60,MEDIUM,59.0,503.59999999999997,297.12399999999997,Retry payment + reminder
17631,528.33,3,334,13.546923076923077,2011-12-08 09:47:00,United Kingdom,1,successful,none,0,0,LOW,95.0,528.33,501.91350000000006,No action required
17633,1324.84,4,644,18.92628571428571,2011-11-08 13:25:00,United Kingdom,30,successful,none,0,0,LOW,95.0,1324.84,1258.598,No action required
17634,2361.9700000000003,9,840,7.952760942760944,2011-11-03 13:09:00,United Kingdom,35,successful,none,0,0,LOW,95.0,2361.9700000000003,2243.8715,No action required
17636,285.56,1,182,14.278,2011-11-20 14:40:00,United Kingdom,18,successful,none,0,0,LOW,95.0,285.56,271.282,No action required
17637,547.0600000000001,2,280,15.630285714285716,2011-11-08 12:51:00,United Kingdom,30,successful,none,0,0,LOW,95.0,547.0600000000001,519.707,No action required
17639,108.5,1,49,15.5,2011-03-08 15:22:00,United Kingdom,275,checkout_abandoned,checkout_abandoned,1,55,MEDIUM,62.0,108.5,67.27,Send checkout reminder
17640,621.66,1,250,124.332,2011-09-14 09:13:00,United Kingdom,86,payment_failed,card_expired,1,40,MEDIUM,71.0,621.66,441.3786,Send payment recovery link
17642,712.29,2,474,17.80725,2011-08-12 09:11:00,United Kingdom,119,subscription_failed,insufficient_funds,1,60,MEDIUM,59.0,712.29,420.2511,Retry payment + reminder
17643,101.55,1,71,12.69375,2010-12-01 14:38:00,United Kingdom,372,checkout_abandoned,checkout_abandoned,1,55,MEDIUM,62.0,101.55,62.96099999999999,Send checkout reminder
17644,2895.64,11,1793,18.443566878980892,2011-12-08 13:43:00,United Kingdom,0,successful,none,0,0,LOW,95.0,2895.64,2750.8579999999997,No action required
17646,1008.39,3,323,19.77235294117647,2011-05-04 13:17:00,United Kingdom,218,checkout_abandoned,checkout_abandoned,1,55,MEDIUM,62.0,1008.39,625.2018,Send checkout reminder
17647,133.06,1,30,19.00857142857143,2011-10-05 15:38:00,United Kingdom,64,payment_failed,card_expired,1,40,MEDIUM,71.0,133.06,94.4726,Send payment recovery link
17648,1797.5,4,487,19.752747252747252,2011-10-10 09:41:00,United Kingdom,60,payment_failed,card_expired,1,40,MEDIUM,71.0,1797.5,1276.225,Send payment recovery link
17649,868.49,1,399,16.70173076923077,2011-07-24 15:53:00,United Kingdom,137,subscription_failed,insufficient_funds,1,60,MEDIUM,59.0,868.49,512.4091000000001,Retry payment + reminder
17650,166.08,1,150,20.76,2011-11-18 14:52:00,United Kingdom,20,successful,none,0,0,LOW,95.0,166.08,157.776,No action required
17651,3945.0,10,3112,17.004310344827587,2011-11-28 10:29:00,United Kingdom,11,successful,none,0,0,LOW,95.0,3945.0,3747.75,No action required
17652,4867.72,12,2509,18.794285714285714,2011-11-14 12:55:00,United Kingdom,24,successful,none,0,0,LOW,95.0,4867.72,4624.334,No action required
17653,1207.56,4,1409,27.44454545454545,2011-11-03 12:46:00,United Kingdom,36,successful,none,0,0,LOW,95.0,1207.56,1147.182,No action required
17654,117.55,1,41,5.343181818181818,2011-03-07 13:17:00,United Kingdom,276,checkout_abandoned,checkout_abandoned,1,55,MEDIUM,62.0,117.55,72.881,Send checkout reminder
17655,2638.94,7,1116,28.99934065934066,2011-11-29 11:34:00,United Kingdom,10,successful,none,0,0,LOW,95.0,2638.94,2506.9930000000004,No action required
17656,1674.69,5,1399,20.423048780487804,2011-09-27 13:04:00,United Kingdom,72,payment_failed,card_expired,1,40,MEDIUM,71.0,1674.69,1189.0299,Send payment recovery link
17658,595.42,2,616,31.337894736842102,2011-11-14 12:07:00,United Kingdom,25,successful,none,0,0,LOW,95.0,595.42,565.6489999999999,No action required
17659,2999.46,12,1525,18.98392405063291,2011-11-22 13:29:00,United Kingdom,16,successful,none,0,0,LOW,95.0,2999.46,2849.487,No action required
17660,196.0,1,130,4.355555555555555,2011-07-21 13:37:00,United Kingdom,140,subscription_failed,insufficient_funds,1,60,MEDIUM,59.0,196.0,115.64,Retry payment + reminder
17663,1802.91,7,797,20.96406976744186,2011-11-14 08:56:00,United Kingdom,25,successful,none,0,0,LOW,95.0,1802.91,1712.7645000000002,No action required
17664,604.64,2,604,14.061395348837209,2011-11-21 11:29:00,United Kingdom,18,successful,none,0,0,LOW,95.0,604.64,574.4079999999999,No action required
17666,728.16,2,596,40.45333333333333,2011-12-06 09:06:00,United Kingdom,3,successful,none,0,0,LOW,95.0,728.16,691.752,No action required
17667,2055.51,5,1033,17.71991379310345,2011-10-04 14:32:00,United Kingdom,65,payment_failed,card_expired,1,40,MEDIUM,71.0,2055.51,1459.4121000000002,Send payment recovery link
17668,347.75,2,93,23.183333333333334,2011-12-08 13:25:00,United Kingdom,0,successful,none,0,0,LOW,95.0,347.75,330.3625,No action required
17669,3406.7200000000003,7,1916,50.09882352941177,2011-10-28 08:53:00,United Kingdom,42,successful,none,0,0,LOW,95.0,3406.7200000000003,3236.384,No action required
17670,205.7,1,110,18.7,2011-04-26 09:12:00,United Kingdom,227,checkout_abandoned,checkout_abandoned,1,55,MEDIUM,62.0,205.7,127.53399999999999,Send checkout reminder
17671,1572.71,4,772,29.67377358490566,2011-11-24 12:21:00,United Kingdom,15,successful,none,0,0,LOW,95.0,1572.71,1494.0745000000002,No action required
17672,3178.17,2,1690,28.892454545454545,2011-10-20 14:18:00,United Kingdom,49,payment_failed,card_expired,1,40,MEDIUM,71.0,3178.17,2256.5007,Send payment recovery link
17673,1629.12,6,1487,7.176740088105727,2011-12-08 12:50:00,United Kingdom,1,successful,none,0,0,LOW,95.0,1629.12,1547.664,No action required
17674,551.04,2,672,20.40888888888889,2011-09-26 13:35:00,United Kingdom,73,payment_failed,card_expired,1,40,MEDIUM,71.0,551.04,391.23839999999996,Send payment recovery link
17675,20374.28,31,8360,28.89968794326241,2011-12-08 18:03:00,United Kingdom,0,successful,none,0,10,LOW,89.0,20374.28,18133.1092,No action required
17676,1387.68,6,932,17.790769230769232,2011-12-05 15:16:00,United Kingdom,3,successful,none,0,0,LOW,95.0,1387.68,1318.296,No action required
17677,16363.23,30,9775,53.82641447368421,2011-12-08 09:56:00,United Kingdom,1,successful,none,0,10,LOW,89.0,16363.23,14563.2747,No action required
17678,298.11,1,207,18.631875,2011-03-21 11:52:00,United Kingdom,263,checkout_abandoned,checkout_abandoned,1,55,MEDIUM,62.0,298.11,184.8282,Send checkout reminder
17679,1992.1100000000001,2,729,66.40366666666667,2011-10-18 07:43:00,United Kingdom,52,payment_failed,card_expired,1,40,MEDIUM,71.0,1992.1100000000001,1414.3980999999999,Send payment recovery link
17680,184.4,1,96,16.763636363636365,2011-11-16 12:42:00,United Kingdom,23,successful,none,0,0,LOW,95.0,184.4,175.18,No action required
17682,2474.33,6,1367,20.968898305084746,2011-11-29 15:59:00,United Kingdom,9,successful,none,0,0,LOW,95.0,2474.33,2350.6135,No action required
17684,239.41,1,145,15.960666666666667,2011-10-27 11:10:00,United Kingdom,43,successful,none,0,0,LOW,95.0,239.41,227.4395,No action required
17685,3191.53,7,1956,24.550230769230772,2011-11-23 11:36:00,United Kingdom,16,successful,none,0,0,LOW,95.0,3191.53,3031.9535000000005,No action required
17686,5739.46,7,2478,20.06804195804196,2011-12-02 15:39:00,United Kingdom,6,successful,none,0,10,LOW,89.0,5739.46,5108.1194,No action required
17690,4757.95,15,1773,18.5857421875,2011-11-09 15:17:00,United Kingdom,29,successful,none,0,0,LOW,95.0,4757.95,4520.0525,No action required
17691,290.40000000000003,2,134,15.28421052631579,2010-12-16 17:20:00,United Kingdom,357,checkout_abandoned,checkout_abandoned,1,55,MEDIUM,62.0,290.40000000000003,180.04800000000003,Send checkout reminder
17692,740.9399999999999,4,672,16.107391304347825,2011-08-04 14:01:00,United Kingdom,126,subscription_failed,insufficient_funds,1,60,MEDIUM,59.0,740.9399999999999,437.1546,Retry payment + reminder
17693,200.47,1,231,12.529375,2011-07-25 15:48:00,United Kingdom,136,subscription_failed,insufficient_funds,1,60,MEDIUM,59.0,200.47,118.2773,Retry payment + reminder
17694,283.12,1,184,18.874666666666666,2011-07-21 12:00:00,United Kingdom,141,subscription_failed,insufficient_funds,1,60,MEDIUM,59.0,283.12,167.04080000000002,Retry payment + reminder
17695,765.34,2,779,21.866857142857143,2011-07-31 10:40:00,United Kingdom,131,subscription_failed,insufficient_funds,1,60,MEDIUM,59.0,765.34,451.55060000000003,Retry payment + reminder
17696,2285.71,8,1756,19.875739130434784,2011-11-01 13:43:00,United Kingdom,37,successful,none,0,0,LOW,95.0,2285.71,2171.4245,No action required
17697,338.95,1,93,17.839473684210525,2011-04-17 15:40:00,United Kingdom,235,checkout_abandoned,checkout_abandoned,1,55,MEDIUM,62.0,338.95,210.14899999999997,Send checkout reminder
17698,154.95,1,93,19.36875,2011-03-24 11:34:00,United Kingdom,260,checkout_abandoned,checkout_abandoned,1,55,MEDIUM,62.0,154.95,96.069,Send checkout reminder
17700,2534.64,4,1266,17.84957746478873,2011-11-23 11:51:00,United Kingdom,16,successful,none,0,0,LOW,95.0,2534.64,2407.908,No action required
17701,417.95,1,109,17.414583333333333,2011-04-01 12:25:00,United Kingdom,252,checkout_abandoned,checkout_abandoned,1,55,MEDIUM,62.0,417.95,259.12899999999996,Send checkout reminder
17702,1824.37,4,1353,24.653648648648648,2011-11-09 16:03:00,United Kingdom,29,successful,none,0,0,LOW,95.0,1824.37,1733.1515,No action required
17703,798.74,3,590,14.522545454545455,2011-11-04 15:51:00,United Kingdom,34,successful,none,0,0,LOW,95.0,798.74,758.803,No action required
17704,885.19,2,343,28.554516129032258,2011-06-24 09:40:00,United Kingdom,168,subscription_failed,insufficient_funds,1,60,MEDIUM,59.0,885.19,522.2621,Retry payment + reminder
17705,1823.52,9,963,17.70407766990291,2011-12-06 13:45:00,United Kingdom,2,successful,none,0,0,LOW,95.0,1823.52,1732.344,No action required
17706,10504.49,17,3899,27.498664921465966,2011-12-05 13:34:00,United Kingdom,3,successful,none,0,10,LOW,89.0,10504.49,9348.9961,No action required
17707,152.4,2,144,30.48,2011-06-07 15:03:00,United Kingdom,184,checkout_abandoned,checkout_abandoned,1,55,MEDIUM,62.0,152.4,94.48800000000001,Send checkout reminder
17708,267.08,2,91,7.630857142857143,2011-06-05 10:12:00,United Kingdom,187,checkout_abandoned,checkout_abandoned,1,55,MEDIUM,62.0,267.08,165.5896,Send checkout reminder
17709,137.45,1,17,19.635714285714283,2011-06-23 11:55:00,United Kingdom,169,subscription_failed,insufficient_funds,1,60,MEDIUM,59.0,137.45,81.09549999999999,Retry payment + reminder
17711,385.1,2,246,16.743478260869566,2011-11-29 11:40:00,United Kingdom,10,successful,none,0,0,LOW,95.0,385.1,365.845,No action required
17712,522.91,1,215,18.031379310344825,2011-10-26 12:28:00,United Kingdom,44,successful,none,0,0,LOW,95.0,522.91,496.7645,No action required
17714,153.0,1,92,15.3,2011-01-23 10:32:00,United Kingdom,320,checkout_abandoned,checkout_abandoned,1,55,MEDIUM,62.0,153.0,94.86,Send checkout reminder
17715,326.4,1,384,326.4,2011-05-23 12:32:00,United Kingdom,200,checkout_abandoned,checkout_abandoned,1,55,MEDIUM,62.0,326.4,202.368,Send checkout reminder
17716,5655.99,11,3072,23.085673469387753,2011-11-17 12:00:00,United Kingdom,22,successful,none,0,10,LOW,89.0,5655.99,5033.831099999999,No action required
17718,139.35,1,83,23.224999999999998,2011-04-21 13:39:00,United Kingdom,231,checkout_abandoned,checkout_abandoned,1,55,MEDIUM,62.0,139.35,86.39699999999999,Send checkout reminder
17719,5396.04,15,2466,19.693576642335767,2011-11-02 10:36:00,United Kingdom,37,successful,none,0,10,LOW,89.0,5396.04,4802.4756,No action required
17720,1195.94,4,576,23.9188,2011-11-13 15:04:00,United Kingdom,25,successful,none,0,0,LOW,95.0,1195.94,1136.143,No action required
17722,2424.04,4,1595,21.078608695652175,2011-09-04 15:22:00,United Kingdom,95,subscription_failed,insufficient_funds,1,60,MEDIUM,59.0,2424.04,1430.1835999999998,Retry payment + reminder
17723,3276.4000000000005,6,792,327.64000000000004,2011-08-04 18:37:00,United Kingdom,126,subscription_failed,insufficient_funds,1,60,MEDIUM,59.0,3276.4000000000005,1933.0760000000002,Retry payment + reminder
17724,1033.0,3,300,25.825,2011-09-29 15:26:00,United Kingdom,70,payment_failed,card_expired,1,40,MEDIUM,71.0,1033.0,733.43,Send payment recovery link
17725,3439.08,11,2162,17.911875,2011-11-23 16:34:00,United Kingdom,15,successful,none,0,0,LOW,95.0,3439.08,3267.1259999999997,No action required
17727,1060.25,1,645,16.064393939393938,2011-11-24 17:06:00,United Kingdom,14,successful,none,0,0,LOW,95.0,1060.25,1007.2375,No action required
17728,2876.01,3,1469,17.430363636363637,2011-12-06 08:52:00,United Kingdom,3,successful,none,0,0,LOW,95.0,2876.01,2732.2095,No action required
17730,5298.4800000000005,13,3576,24.304954128440368,2011-12-06 15:43:00,United Kingdom,2,successful,none,0,10,LOW,89.0,5298.4800000000005,4715.6472,No action required
17731,1240.11,4,493,18.509104477611938,2011-09-21 15:02:00,United Kingdom,78,payment_failed,card_expired,1,40,MEDIUM,71.0,1240.11,880.4780999999999,Send payment recovery link
17732,303.97,1,93,16.887222222222224,2010-12-02 09:29:00,United Kingdom,372,checkout_abandoned,checkout_abandoned,1,55,MEDIUM,62.0,303.97,188.46140000000003,Send checkout reminder
17733,692.19,2,463,19.776857142857143,2011-11-01 08:16:00,United Kingdom,38,successful,none,0,0,LOW,95.0,692.19,657.5805,No action required
17734,700.63,3,422,16.293720930232556,2011-10-17 12:33:00,United Kingdom,53,payment_failed,card_expired,1,40,MEDIUM,71.0,700.63,497.44730000000004,Send payment recovery link
17735,13110.02,19,8439,19.000028985507246,2011-12-07 16:47:00,United Kingdom,1,successful,none,0,10,LOW,89.0,13110.02,11667.917800000001,No action required
17736,377.44,3,238,15.0976,2011-11-30 15:36:00,United Kingdom,8,successful,none,0,0,LOW,95.0,377.44,358.56800000000004,No action required
17737,168.24,2,108,16.824,2011-11-30 15:16:00,United Kingdom,8,successful,none,0,0,LOW,95.0,168.24,159.828,No action required
17738,1879.05,4,1029,19.371649484536082,2011-11-20 15:05:00,United Kingdom,18,successful,none,0,0,LOW,95.0,1879.05,1785.0975,No action required
17739,2791.35,7,861,59.39042553191489,2011-11-28 09:12:00,United Kingdom,11,successful,none,0,0,LOW,95.0,2791.35,2651.7825,No action required
17742,355.11,2,89,23.674,2011-08-18 15:28:00,United Kingdom,112,subscription_failed,insufficient_funds,1,60,MEDIUM,59.0,355.11,209.5149,Retry payment + reminder
17744,2322.4,6,3412,17.076470588235296,2011-12-06 12:11:00,United Kingdom,3,successful,none,0,0,LOW,95.0,2322.4,2206.28,No action required
17746,110.25,1,29,18.375,2011-04-13 14:31:00,United Kingdom,239,checkout_abandoned,checkout_abandoned,1,55,MEDIUM,62.0,110.25,68.355,Send checkout reminder
17747,71.4,1,12,71.4,2011-08-19 08:13:00,United Kingdom,112,subscription_failed,insufficient_funds,1,60,MEDIUM,59.0,71.4,42.126000000000005,Retry payment + reminder
17749,674.52,2,320,19.272,2011-06-14 15:45:00,United Kingdom,177,subscription_failed,insufficient_funds,1,60,MEDIUM,59.0,674.52,397.9668,Retry payment + reminder
17750,1797.57,9,3957,9.313834196891191,2011-12-04 14:09:00,United Kingdom,4,successful,none,0,0,LOW,95.0,1797.57,1707.6915,No action required
17752,80.64,1,192,80.64,2010-12-15 16:19:00,United Kingdom,358,checkout_abandoned,checkout_abandoned,1,55,MEDIUM,62.0,80.64,49.9968,Send checkout reminder
17754,1772.26,5,1869,19.26369565217391,2011-12-09 11:20:00,United Kingdom,0,successful,none,0,0,LOW,95.0,1772.26,1683.6470000000002,No action required
17757,5605.29,30,3320,7.564493927125506,2011-12-08 15:31:00,United Kingdom,0,successful,none,0,10,LOW,89.0,5605.29,4988.7081,No action required
17758,3456.7000000000003,8,2091,8.390048543689321,2011-11-20 14:45:00,United Kingdom,18,successful,none,0,0,LOW,95.0,3456.7000000000003,3283.865,No action required
17759,834.99,3,708,8.789368421052632,2011-11-22 16:02:00,United Kingdom,16,successful,none,0,0,LOW,95.0,834.99,793.2405,No action required
17760,287.59,2,239,11.503599999999999,2011-11-18 10:56:00,United Kingdom,21,successful,none,0,0,LOW,95.0,287.59,273.21049999999997,No action required
17761,712.78,1,398,37.514736842105265,2011-11-07 10:23:00,United Kingdom,32,successful,none,0,0,LOW,95.0,712.78,677.141,No action required
17763,15.0,1,12,15.0,2011-03-21 14:25:00,United Kingdom,262,checkout_abandoned,checkout_abandoned,1,55,MEDIUM,62.0,15.0,9.3,Send checkout reminder
17764,818.8199999999999,2,395,10.917599999999998,2011-10-20 11:03:00,United Kingdom,50,payment_failed,card_expired,1,40,MEDIUM,71.0,818.8199999999999,581.3621999999999,Send payment recovery link
17765,371.88,3,144,6.524210526315789,2011-07-04 12:41:00,United Kingdom,158,subscription_failed,insufficient_funds,1,60,MEDIUM,59.0,371.88,219.40919999999997,Retry payment + reminder
17767,271.2,1,128,12.914285714285715,2011-11-24 14:42:00,United Kingdom,14,successful,none,0,0,LOW,95.0,271.2,257.64,No action required
17768,2273.1800000000003,3,1186,21.649333333333335,2011-12-01 13:22:00,United Kingdom,7,successful,none,0,0,LOW,95.0,2273.1800000000003,2159.521,No action required
17769,3997.98,10,1862,12.896709677419356,2011-11-27 11:18:00,United Kingdom,12,successful,none,0,0,LOW,95.0,3997.98,3798.0809999999997,No action required
17770,1143.27,5,365,30.086052631578948,2011-05-25 12:34:00,United Kingdom,198,checkout_abandoned,checkout_abandoned,1,55,MEDIUM,62.0,1143.27,708.8274,Send checkout reminder
17771,245.81,2,287,4.552037037037037,2011-10-14 11:43:00,United Kingdom,56,payment_failed,card_expired,1,40,MEDIUM,71.0,245.81,174.52509999999998,Send payment recovery link
17772,182.77,2,58,3.448490566037736,2011-11-29 11:05:00,United Kingdom,10,successful,none,0,0,LOW,95.0,182.77,173.63150000000002,No action required
17774,1225.41,4,512,7.855192307692308,2011-09-04 12:49:00,United Kingdom,96,subscription_failed,insufficient_funds,1,60,MEDIUM,59.0,1225.41,722.9919,Retry payment + reminder
17775,56.4,1,72,18.8,2011-03-30 10:50:00,United Kingdom,254,checkout_abandoned,checkout_abandoned,1,55,MEDIUM,62.0,56.4,34.967999999999996,Send checkout reminder
17777,665.86,3,507,3.4322680412371134,2011-11-15 12:02:00,United Kingdom,24,successful,none,0,0,LOW,95.0,665.86,632.567,No action required
17779,658.57,3,397,8.031341463414634,2011-11-18 14:15:00,United Kingdom,20,successful,none,0,0,LOW,95.0,658.57,625.6415000000001,No action required
17781,188.02,2,34,15.668333333333335,2011-07-03 16:00:00,United Kingdom,158,subscription_failed,insufficient_funds,1,60,MEDIUM,59.0,188.02,110.93180000000001,Retry payment + reminder
17783,283.47,2,354,4.23089552238806,2011-09-28 16:07:00,United Kingdom,71,payment_failed,card_expired,1,40,MEDIUM,71.0,283.47,201.26370000000003,Send payment recovery link
17785,131.94,1,67,10.149230769230769,2011-10-17 13:43:00,United Kingdom,52,payment_failed,card_expired,1,40,MEDIUM,71.0,131.94,93.67739999999999,Send payment recovery link
17786,278.74,2,200,3.871388888888889,2011-09-15 12:51:00,United Kingdom,84,payment_failed,card_expired,1,40,MEDIUM,71.0,278.74,197.90540000000001,Send payment recovery link
17787,1865.19,4,910,13.919328358208956,2011-07-10 11:24:00,United Kingdom,152,subscription_failed,insufficient_funds,1,60,MEDIUM,59.0,1865.19,1100.4621,Retry payment + reminder
17788,1117.9,2,211,223.58,2011-09-27 10:09:00,United Kingdom,73,payment_failed,card_expired,1,40,MEDIUM,71.0,1117.9,793.7090000000001,Send payment recovery link
17789,225.9,1,74,16.135714285714286,2011-03-03 13:14:00,United Kingdom,280,checkout_abandoned,checkout_abandoned,1,55,MEDIUM,62.0,225.9,140.05800000000002,Send checkout reminder
17790,1965.55,14,836,10.345,2011-11-13 11:30:00,United Kingdom,26,successful,none,0,0,LOW,95.0,1965.55,1867.2725,No action required
17791,106.1,1,46,10.61,2011-11-10 12:09:00,United Kingdom,29,successful,none,0,0,LOW,95.0,106.1,100.795,No action required
17793,323.04,1,232,5.5696551724137935,2011-11-14 14:24:00,United Kingdom,24,successful,none,0,0,LOW,95.0,323.04,306.88800000000003,No action required
17795,350.39,2,341,7.617173913043478,2011-06-13 12:36:00,United Kingdom,179,subscription_failed,insufficient_funds,1,60,MEDIUM,59.0,350.39,206.7301,Retry payment + reminder
17796,697.9,4,178,8.510975609756096,2011-10-30 15:38:00,United Kingdom,39,successful,none,0,0,LOW,95.0,697.9,663.005,No action required
17797,780.43,3,498,7.0309009009009005,2011-11-17 13:21:00,United Kingdom,21,successful,none,0,0,LOW,95.0,780.43,741.4084999999999,No action required
17799,3055.93,10,1758,7.490024509803921,2011-11-17 15:16:00,United Kingdom,21,successful,none,0,0,LOW,95.0,3055.93,2903.1335,No action required
17800,1199.01,9,736,11.528942307692308,2011-11-02 12:57:00,United Kingdom,36,successful,none,0,0,LOW,95.0,1199.01,1139.0595,No action required
17802,1285.04,3,752,9.178857142857142,2011-09-18 14:56:00,United Kingdom,81,payment_failed,card_expired,1,40,MEDIUM,71.0,1285.04,912.3783999999999,Send payment recovery link
17805,512.31,1,478,51.230999999999995,2011-09-27 11:49:00,United Kingdom,73,payment_failed,card_expired,1,40,MEDIUM,71.0,512.31,363.7400999999999,Send payment recovery link
17806,546.04,1,727,12.698604651162789,2011-11-28 14:12:00,United Kingdom,10,successful,none,0,0,LOW,95.0,546.04,518.7379999999999,No action required
17809,5411.91,12,2057,88.71983606557377,2011-11-23 12:59:00,United Kingdom,15,successful,none,0,10,LOW,89.0,5411.91,4816.5999,No action required
17811,7837.7300000000005,39,4177,9.210023501762633,2011-12-05 13:46:00,United Kingdom,3,successful,none,0,10,LOW,89.0,7837.7300000000005,6975.579700000001,No action required
17812,732.16,4,350,5.192624113475177,2011-11-27 11:47:00,United Kingdom,12,successful,none,0,0,LOW,95.0,732.16,695.552,No action required
17813,1770.8799999999999,5,790,4.773261455525606,2011-11-25 16:13:00,United Kingdom,13,successful,none,0,0,LOW,95.0,1770.8799999999999,1682.3359999999998,No action required
17816,36.56,4,30,2.150588235294118,2011-11-03 11:34:00,United Kingdom,36,successful,none,0,0,LOW,95.0,36.56,34.732,No action required
17817,387.68,3,67,11.747878787878788,2011-12-05 14:39:00,United Kingdom,3,successful,none,0,0,LOW,95.0,387.68,368.296,No action required
17819,3704.87,7,1031,77.18479166666667,2011-09-29 10:52:00,United Kingdom,71,payment_failed,card_expired,1,40,MEDIUM,71.0,3704.87,2630.4577000000004,Send payment recovery link
17824,298.4,1,408,22.95384615384615,2011-10-19 14:14:00,United Kingdom,50,payment_failed,card_expired,1,40,MEDIUM,71.0,298.4,211.86399999999998,Send payment recovery link
17827,1995.46,5,1247,9.070272727272727,2011-12-04 15:00:00,United Kingdom,4,successful,none,0,0,LOW,95.0,1995.46,1895.6870000000001,No action required
17828,1820.09,4,667,27.1655223880597,2011-11-17 08:41:00,Malta,22,successful,none,0,0,LOW,95.0,1820.09,1729.0855,No action required
17829,889.24,1,496,29.641333333333332,2011-02-14 12:46:00,United Arab Emirates,298,checkout_abandoned,checkout_abandoned,1,55,MEDIUM,62.0,889.24,551.3288,Send checkout reminder
17830,398.7,3,92,17.33478260869565,2011-12-08 12:28:00,United Kingdom,1,successful,none,0,0,LOW,95.0,398.7,378.765,No action required
17831,35.400000000000006,1,12,17.700000000000003,2011-11-06 15:09:00,United Kingdom,32,successful,none,0,0,LOW,95.0,35.400000000000006,33.63,No action required
17832,155.37,1,208,2.547049180327869,2011-10-21 11:43:00,United Kingdom,49,payment_failed,card_expired,1,40,MEDIUM,71.0,155.37,110.3127,Send payment recovery link
17835,350.64,3,348,5.7481967213114755,2011-12-07 11:48:00,United Kingdom,2,successful,none,0,0,LOW,95.0,350.64,333.10799999999995,No action required
17836,110.21000000000001,1,88,4.592083333333334,2011-10-23 16:13:00,United Kingdom,46,payment_failed,card_expired,1,40,MEDIUM,71.0,110.21000000000001,78.24910000000001,Send payment recovery link
17837,1593.38,8,518,9.42828402366864,2011-10-28 16:13:00,United Kingdom,41,successful,none,0,0,LOW,95.0,1593.38,1513.711,No action required
17838,2779.3,5,1879,22.969421487603306,2011-11-13 11:20:00,United Kingdom,26,successful,none,0,0,LOW,95.0,2779.3,2640.335,No action required
17839,338.8,1,285,6.05,2011-10-28 17:27:00,United Kingdom,41,successful,none,0,0,LOW,95.0,338.8,321.86,No action required
17841,40991.57,124,23071,5.223852427679368,2011-12-08 12:07:00,United Kingdom,1,successful,none,0,10,LOW,89.0,40991.57,36482.4973,No action required
17843,205.48,1,113,5.553513513513513,2011-02-09 15:33:00,United Kingdom,302,checkout_abandoned,checkout_abandoned,1,55,MEDIUM,62.0,205.48,127.3976,Send checkout reminder
17844,51.559999999999995,1,52,10.312,2011-08-25 11:27:00,Canada,106,subscription_failed,insufficient_funds,1,60,MEDIUM,59.0,51.559999999999995,30.420399999999994,Retry payment + reminder
17846,2033.1,1,1,2033.1,2011-09-15 15:20:00,United Kingdom,84,payment_failed,card_expired,1,40,MEDIUM,71.0,2033.1,1443.501,Send payment recovery link
17848,901.1999999999999,9,398,17.670588235294115,2011-09-19 16:49:00,United Kingdom,80,payment_failed,card_expired,1,40,MEDIUM,71.0,901.1999999999999,639.852,Send payment recovery link
17849,605.8000000000001,4,114,23.300000000000004,2011-05-05 13:46:00,United Kingdom,217,checkout_abandoned,checkout_abandoned,1,55,MEDIUM,62.0,605.8000000000001,375.59600000000006,Send checkout reminder
17850,5391.21,34,1733,18.15222222222222,2010-12-02 15:27:00,United Kingdom,371,checkout_abandoned,checkout_abandoned,1,65,MEDIUM,56.0,5391.21,3019.0776,Send checkout reminder
17852,114.34,2,53,4.764166666666667,2011-11-28 12:36:00,United Kingdom,11,successful,none,0,0,LOW,95.0,114.34,108.623,No action required
17854,311.26,2,84,20.750666666666667,2011-06-07 16:21:00,United Kingdom,184,checkout_abandoned,checkout_abandoned,1,55,MEDIUM,62.0,311.26,192.9812,Send checkout reminder
17855,208.97,1,197,12.292352941176471,2010-12-02 09:44:00,United Kingdom,372,checkout_abandoned,checkout_abandoned,1,55,MEDIUM,62.0,208.97,129.5614,Send checkout reminder
17856,1418.03,4,842,94.53533333333333,2011-12-08 09:40:00,United Kingdom,1,successful,none,0,0,LOW,95.0,1418.03,1347.1285,No action required
17857,26879.04,23,19256,497.76,2011-12-05 13:13:00,United Kingdom,3,successful,none,0,10,LOW,89.0,26879.04,23922.3456,No action required
17858,5155.66,12,2706,25.9078391959799,2011-12-04 11:56:00,United Kingdom,5,successful,none,0,10,LOW,89.0,5155.66,4588.5374,No action required
17859,148.21,1,127,5.9284,2011-02-08 10:32:00,United Kingdom,304,checkout_abandoned,checkout_abandoned,1,55,MEDIUM,62.0,148.21,91.89020000000001,Send checkout reminder
17860,252.8,1,104,4.358620689655172,2010-12-06 12:41:00,United Kingdom,368,checkout_abandoned,checkout_abandoned,1,55,MEDIUM,62.0,252.8,156.736,Send checkout reminder
17861,2100.8,8,1988,9.463063063063064,2011-12-06 16:21:00,United Kingdom,2,successful,none,0,0,LOW,95.0,2100.8,1995.7600000000002,No action required
17862,330.9,1,100,30.08181818181818,2011-01-20 12:23:00,United Kingdom,323,checkout_abandoned,checkout_abandoned,1,55,MEDIUM,62.0,330.9,205.158,Send checkout reminder
17863,3160.0,6,2638,21.35135135135135,2011-10-11 13:45:00,United Kingdom,58,payment_failed,card_expired,1,40,MEDIUM,71.0,3160.0,2243.6,Send payment recovery link
17864,597.5,3,810,5.857843137254902,2011-11-27 11:15:00,United Kingdom,12,successful,none,0,0,LOW,95.0,597.5,567.625,No action required
17865,10526.32,20,5757,28.449513513513512,2011-11-09 12:08:00,United Kingdom,30,successful,none,0,10,LOW,89.0,10526.32,9368.4248,No action required
17866,329.65,1,174,36.62777777777777,2011-07-20 11:07:00,United Kingdom,142,subscription_failed,insufficient_funds,1,60,MEDIUM,59.0,329.65,194.49349999999998,Retry payment + reminder
17867,1197.1000000000001,6,542,15.153164556962027,2011-11-09 14:15:00,United Kingdom,29,successful,none,0,0,LOW,95.0,1197.1000000000001,1137.2450000000001,No action required
17869,428.18,5,111,10.7045,2011-08-24 16:16:00,United Kingdom,106,subscription_failed,insufficient_funds,1,60,MEDIUM,59.0,428.18,252.62619999999998,Retry payment + reminder
17870,1894.35,12,1401,6.7897849462365585,2011-12-07 15:07:00,United Kingdom,1,successful,none,0,0,LOW,95.0,1894.35,1799.6325,No action required
17871,155.9,1,182,15.59,2011-05-19 11:32:00,United Kingdom,204,checkout_abandoned,checkout_abandoned,1,55,MEDIUM,62.0,155.9,96.65800000000002,Send checkout reminder
17873,1859.16,5,1047,42.25363636363637,2011-09-20 16:41:00,United Kingdom,79,payment_failed,card_expired,1,40,MEDIUM,71.0,1859.16,1320.0036000000002,Send payment recovery link
17874,683.46,6,221,14.857826086956523,2011-06-07 12:54:00,United Kingdom,184,checkout_abandoned,checkout_abandoned,1,55,MEDIUM,62.0,683.46,423.74520000000007,Send checkout reminder
17877,237.61,1,98,19.800833333333333,2011-06-22 13:00:00,United Kingdom,169,subscription_failed,insufficient_funds,1,60,MEDIUM,59.0,237.61,140.18990000000002,Retry payment + reminder
17878,379.45,1,401,14.59423076923077,2011-10-27 11:24:00,United Kingdom,43,successful,none,0,0,LOW,95.0,379.45,360.4775,No action required
17879,178.51999999999998,1,45,29.75333333333333,2011-06-19 12:36:00,United Kingdom,173,subscription_failed,insufficient_funds,1,60,MEDIUM,59.0,178.51999999999998,105.32679999999999,Retry payment + reminder
17880,458.92,1,314,17.65076923076923,2010-12-10 10:21:00,United Kingdom,364,checkout_abandoned,checkout_abandoned,1,55,MEDIUM,62.0,458.92,284.5304,Send checkout reminder
17881,133.35000000000002,1,32,16.668750000000003,2011-02-08 17:16:00,United Kingdom,303,checkout_abandoned,checkout_abandoned,1,55,MEDIUM,62.0,133.35000000000002,82.677,Send checkout reminder
17883,671.77,4,379,4.632896551724138,2011-12-06 17:49:00,United Kingdom,2,successful,none,0,0,LOW,95.0,671.77,638.1815,No action required
17884,717.45,4,854,6.1320512820512825,2011-12-06 11:33:00,United Kingdom,3,successful,none,0,0,LOW,95.0,717.45,681.5775,No action required
17885,190.19,1,167,2.97171875,2011-11-27 14:40:00,United Kingdom,11,successful,none,0,0,LOW,95.0,190.19,180.6805,No action required
17886,899.61,3,481,8.253302752293578,2011-11-08 10:09:00,United Kingdom,31,successful,none,0,0,LOW,95.0,899.61,854.6295,No action required
17887,111.35,1,30,11.135,2011-08-02 17:29:00,United Kingdom,128,subscription_failed,insufficient_funds,1,60,MEDIUM,59.0,111.35,65.6965,Retry payment + reminder
17888,726.05,8,980,10.836567164179105,2011-11-18 13:45:00,United Kingdom,20,successful,none,0,0,LOW,95.0,726.05,689.7475,No action required
17889,203.87,2,79,9.708095238095238,2011-05-11 16:26:00,United Kingdom,211,checkout_abandoned,checkout_abandoned,1,55,MEDIUM,62.0,203.87,126.3994,Send checkout reminder
17890,602.09,2,416,6.405212765957447,2011-01-21 11:19:00,United Kingdom,322,checkout_abandoned,checkout_abandoned,1,55,MEDIUM,62.0,602.09,373.29580000000004,Send checkout reminder
17891,203.85999999999999,1,393,5.995882352941176,2011-06-30 20:08:00,United Kingdom,161,subscription_failed,insufficient_funds,1,60,MEDIUM,59.0,203.85999999999999,120.2774,Retry payment + reminder
17892,244.1,3,109,8.717857142857143,2011-10-14 16:49:00,United Kingdom,55,payment_failed,card_expired,1,40,MEDIUM,71.0,244.1,173.31099999999998,Send payment recovery link
17893,112.25,1,161,7.015625,2011-04-28 13:50:00,United Kingdom,224,checkout_abandoned,checkout_abandoned,1,55,MEDIUM,62.0,112.25,69.595,Send checkout reminder
17894,1119.81,8,405,5.802124352331606,2011-09-29 09:23:00,United Kingdom,71,payment_failed,card_expired,1,40,MEDIUM,71.0,1119.81,795.0650999999999,Send payment recovery link
17895,98.0,1,130,6.125,2011-10-26 17:00:00,United Kingdom,43,successful,none,0,0,LOW,95.0,98.0,93.1,No action required
17896,256.32,1,288,128.16,2011-11-16 13:59:00,United Kingdom,22,successful,none,0,0,LOW,95.0,256.32,243.504,No action required
17897,566.6,3,229,4.970175438596492,2011-06-20 11:23:00,United Kingdom,172,subscription_failed,insufficient_funds,1,60,MEDIUM,59.0,566.6,334.29400000000004,Retry payment + reminder
17898,152.06,2,190,5.430714285714286,2011-09-15 14:56:00,United Kingdom,84,payment_failed,card_expired,1,40,MEDIUM,71.0,152.06,107.96260000000001,Send payment recovery link
17899,155.8,1,171,4.86875,2011-07-03 14:58:00,United Kingdom,158,subscription_failed,insufficient_funds,1,60,MEDIUM,59.0,155.8,91.92200000000001,Retry payment + reminder
17900,112.19999999999999,2,73,18.7,2011-06-02 14:38:00,United Kingdom,189,checkout_abandoned,checkout_abandoned,1,55,MEDIUM,62.0,112.19999999999999,69.564,Send checkout reminder
17901,110.38,1,24,5.809473684210526,2011-11-10 17:29:00,United Kingdom,28,successful,none,0,0,LOW,95.0,110.38,104.861,No action required
17904,191.67,1,63,5.043947368421052,2011-11-18 12:57:00,United Kingdom,20,successful,none,0,0,LOW,95.0,191.67,182.08649999999997,No action required
17905,800.24,4,407,23.536470588235293,2011-09-29 17:33:00,United Kingdom,70,payment_failed,card_expired,1,40,MEDIUM,71.0,800.24,568.1704,Send payment recovery link
17906,72.9,1,26,6.075,2011-04-06 17:25:00,United Kingdom,246,checkout_abandoned,checkout_abandoned,1,55,MEDIUM,62.0,72.9,45.198,Send checkout reminder
17908,243.28,1,173,4.19448275862069,2010-12-01 11:45:00,United Kingdom,373,checkout_abandoned,checkout_abandoned,1,55,MEDIUM,62.0,243.28,150.83360000000002,Send checkout reminder
17911,366.23,1,223,9.390512820512821,2011-11-30 14:52:00,United Kingdom,8,successful,none,0,0,LOW,95.0,366.23,347.9185,No action required
17912,311.01,5,185,8.184473684210525,2011-02-02 14:25:00,United Kingdom,309,checkout_abandoned,checkout_abandoned,1,55,MEDIUM,62.0,311.01,192.8262,Send checkout reminder
17913,411.6,2,289,6.976271186440679,2011-10-12 10:45:00,United Kingdom,58,payment_failed,card_expired,1,40,MEDIUM,71.0,411.6,292.23600000000005,Send payment recovery link
17914,336.43,1,473,4.205375,2011-12-06 11:58:00,United Kingdom,3,successful,none,0,0,LOW,95.0,336.43,319.60850000000005,No action required
17917,341.28,3,187,3.63063829787234,2011-10-25 13:20:00,United Kingdom,44,successful,none,0,0,LOW,95.0,341.28,324.216,No action required
17919,1304.04,1,756,56.697391304347825,2011-09-12 13:41:00,United Kingdom,87,payment_failed,card_expired,1,40,MEDIUM,71.0,1304.04,925.8684,Send payment recovery link
17920,4204.1,17,2516,6.040373563218392,2011-12-05 14:29:00,United Kingdom,3,successful,none,0,0,LOW,95.0,4204.1,3993.8950000000004,No action required
17921,826.52,4,430,5.700137931034483,2011-10-06 18:56:00,United Kingdom,63,payment_failed,card_expired,1,40,MEDIUM,71.0,826.52,586.8292,Send payment recovery link
17923,207.50000000000003,1,50,207.50000000000003,2011-03-02 15:15:00,United Kingdom,281,checkout_abandoned,checkout_abandoned,1,55,MEDIUM,62.0,207.50000000000003,128.65,Send checkout reminder
17924,2962.5,7,1160,95.56451612903226,2011-11-28 09:11:00,United Kingdom,11,successful,none,0,0,LOW,95.0,2962.5,2814.375,No action required
17925,244.08,1,72,244.08,2010-12-02 10:10:00,United Kingdom,372,checkout_abandoned,checkout_abandoned,1,55,MEDIUM,62.0,244.08,151.3296,Send checkout reminder
17926,397.29,2,306,18.91857142857143,2011-07-29 14:39:00,United Kingdom,132,subscription_failed,insufficient_funds,1,60,MEDIUM,59.0,397.29,234.4011,Retry payment + reminder
17928,212.54,2,140,9.240869565217391,2011-10-25 13:52:00,United Kingdom,44,successful,none,0,0,LOW,95.0,212.54,201.91299999999998,No action required
17929,843.0,4,108,168.6,2011-11-28 16:01:00,United Kingdom,10,successful,none,0,0,LOW,95.0,843.0,800.85,No action required
17930,1740.48,5,1594,44.62769230769231,2011-11-04 10:23:00,United Kingdom,35,successful,none,0,0,LOW,95.0,1740.48,1653.4560000000001,No action required
17931,408.36,2,249,6.282461538461539,2011-07-28 18:33:00,United Kingdom,133,subscription_failed,insufficient_funds,1,60,MEDIUM,59.0,408.36,240.93240000000003,Retry payment + reminder
17932,1331.57,3,789,14.795222222222222,2011-11-10 19:49:00,United Kingdom,28,successful,none,0,0,LOW,95.0,1331.57,1264.9914999999999,No action required
17934,704.25,2,478,33.535714285714285,2011-10-19 11:16:00,United Kingdom,51,payment_failed,card_expired,1,40,MEDIUM,71.0,704.25,500.0175,Send payment recovery link
17935,145.79,2,82,5.027241379310345,2011-07-24 13:18:00,United Kingdom,137,subscription_failed,insufficient_funds,1,60,MEDIUM,59.0,145.79,86.0161,Retry payment + reminder
17936,389.84,1,262,5.062857142857142,2011-12-04 13:32:00,United Kingdom,4,successful,none,0,0,LOW,95.0,389.84,370.34799999999996,No action required
17937,4301.22,7,1754,100.02837209302326,2011-12-01 11:45:00,United Kingdom,8,successful,none,0,0,LOW,95.0,4301.22,4086.159,No action required
17939,99.14,1,40,8.261666666666667,2011-07-03 12:27:00,United Kingdom,159,subscription_failed,insufficient_funds,1,60,MEDIUM,59.0,99.14,58.4926,Retry payment + reminder
17940,4106.4400000000005,10,9755,216.1284210526316,2011-10-21 13:27:00,United Kingdom,48,payment_failed,card_expired,1,40,MEDIUM,71.0,4106.4400000000005,2915.5724000000005,Send payment recovery link
17941,304.56,1,252,152.28,2011-08-01 08:30:00,United Kingdom,130,subscription_failed,insufficient_funds,1,60,MEDIUM,59.0,304.56,179.6904,Retry payment + reminder
17942,77.50000000000001,1,38,38.75000000000001,2011-12-02 10:45:00,United Kingdom,7,successful,none,0,0,LOW,95.0,77.50000000000001,73.62500000000001,No action required
17946,149.57999999999998,2,75,7.478999999999999,2011-04-20 17:00:00,United Kingdom,232,checkout_abandoned,checkout_abandoned,1,55,MEDIUM,62.0,149.57999999999998,92.7396,Send checkout reminder
17947,176.68,1,168,19.63111111111111,2011-11-02 13:05:00,United Kingdom,36,successful,none,0,0,LOW,95.0,176.68,167.84600000000003,No action required
17948,358.56000000000006,1,144,358.56000000000006,2011-07-15 12:58:00,United Kingdom,146,subscription_failed,insufficient_funds,1,60,MEDIUM,59.0,358.56000000000006,211.55040000000005,Retry payment + reminder
17949,58510.48,45,30546,835.864,2011-12-08 18:46:00,United Kingdom,0,successful,none,0,10,LOW,89.0,58510.48,52074.32720000001,No action required
17950,482.2,3,366,6.791549295774648,2011-09-28 15:18:00,United Kingdom,71,payment_failed,card_expired,1,40,MEDIUM,71.0,482.2,342.36199999999997,Send payment recovery link
17951,1008.5400000000001,3,616,50.42700000000001,2011-10-31 12:30:00,United Kingdom,39,successful,none,0,0,LOW,95.0,1008.5400000000001,958.113,No action required
17954,2332.72,12,2234,4.809731958762886,2011-12-04 14:15:00,United Kingdom,4,successful,none,0,0,LOW,95.0,2332.72,2216.084,No action required
17955,557.3,4,273,29.331578947368417,2011-05-25 12:00:00,United Kingdom,198,checkout_abandoned,checkout_abandoned,1,55,MEDIUM,62.0,557.3,345.526,Send checkout reminder
17956,12.75,1,1,12.75,2011-04-04 13:47:00,United Kingdom,248,checkout_abandoned,checkout_abandoned,1,55,MEDIUM,62.0,12.75,7.905,Send checkout reminder
17957,111.68,1,287,3.6025806451612907,2011-10-04 14:58:00,United Kingdom,65,payment_failed,card_expired,1,40,MEDIUM,71.0,111.68,79.2928,Send payment recovery link
17958,508.4599999999999,1,84,72.63714285714285,2011-08-15 12:19:00,United Kingdom,116,subscription_failed,insufficient_funds,1,60,MEDIUM,59.0,508.4599999999999,299.99139999999994,Retry payment + reminder
17960,73.78,1,41,2.8376923076923077,2011-06-21 14:15:00,United Kingdom,170,subscription_failed,insufficient_funds,1,60,MEDIUM,59.0,73.78,43.53020000000001,Retry payment + reminder
17961,1296.44,39,560,5.206586345381527,2011-11-18 16:55:00,United Kingdom,20,successful,none,0,0,LOW,95.0,1296.44,1231.618,No action required
17962,102.83,1,128,2.938,2011-07-20 14:16:00,United Kingdom,141,subscription_failed,insufficient_funds,1,60,MEDIUM,59.0,102.83,60.669700000000006,Retry payment + reminder
17964,471.7,2,301,4.535576923076923,2011-11-08 10:44:00,United Kingdom,31,successful,none,0,0,LOW,95.0,471.7,448.115,No action required
17965,2622.57,14,1556,7.971337386018238,2011-11-02 09:31:00,United Kingdom,37,successful,none,0,0,LOW,95.0,2622.57,2491.4415000000004,No action required
17966,1098.43,5,2571,16.15338235294118,2011-11-02 10:26:00,United Kingdom,37,successful,none,0,0,LOW,95.0,1098.43,1043.5085000000001,No action required
17967,123.07,1,80,2.5639583333333333,2010-12-03 11:19:00,United Kingdom,371,checkout_abandoned,checkout_abandoned,1,55,MEDIUM,62.0,123.07,76.3034,Send checkout reminder
17968,277.35,1,160,3.2629411764705885,2010-12-01 12:23:00,United Kingdom,373,checkout_abandoned,checkout_abandoned,1,55,MEDIUM,62.0,277.35,171.957,Send checkout reminder
17969,228.2,2,152,16.3,2011-06-26 13:00:00,United Kingdom,165,subscription_failed,insufficient_funds,1,60,MEDIUM,59.0,228.2,134.638,Retry payment + reminder
17970,582.59,1,525,18.793225806451613,2011-05-12 20:03:00,United Kingdom,210,checkout_abandoned,checkout_abandoned,1,55,MEDIUM,62.0,582.59,361.2058,Send checkout reminder
17972,136.04,1,37,4.388387096774193,2011-04-12 12:16:00,United Kingdom,241,checkout_abandoned,checkout_abandoned,1,55,MEDIUM,62.0,136.04,84.34479999999999,Send checkout reminder
17973,337.04,1,176,22.469333333333335,2011-10-19 10:34:00,United Kingdom,51,payment_failed,card_expired,1,40,MEDIUM,71.0,337.04,239.29840000000002,Send payment recovery link
17974,740.79,3,519,4.138491620111732,2011-11-15 11:37:00,United Kingdom,24,successful,none,0,0,LOW,95.0,740.79,703.7505,No action required
17975,4488.81,13,1568,15.16489864864865,2011-11-24 13:27:00,United Kingdom,14,successful,none,0,0,LOW,95.0,4488.81,4264.3695,No action required
17976,353.19,1,106,5.433692307692308,2010-12-02 13:49:00,United Kingdom,371,checkout_abandoned,checkout_abandoned,1,55,MEDIUM,62.0,353.19,218.9778,Send checkout reminder
17977,288.14,1,342,13.72095238095238,2011-11-10 13:28:00,United Kingdom,28,successful,none,0,0,LOW,95.0,288.14,273.733,No action required
17978,300.91999999999996,1,499,25.076666666666664,2010-12-09 14:05:00,United Kingdom,364,checkout_abandoned,checkout_abandoned,1,55,MEDIUM,62.0,300.91999999999996,186.57039999999998,Send checkout reminder
17979,757.71,4,397,5.189794520547945,2011-11-04 12:05:00,United Kingdom,35,successful,none,0,0,LOW,95.0,757.71,719.8245,No action required
17980,811.45,3,682,27.048333333333336,2011-06-27 12:01:00,United Kingdom,165,subscription_failed,insufficient_funds,1,60,MEDIUM,59.0,811.45,478.75550000000004,Retry payment + reminder
17984,152.68,1,98,3.1808333333333336,2011-07-17 15:59:00,United Kingdom,144,subscription_failed,insufficient_funds,1,60,MEDIUM,59.0,152.68,90.08120000000001,Retry payment + reminder
17985,634.95,1,183,27.606521739130436,2011-11-17 14:24:00,United Kingdom,21,successful,none,0,0,LOW,95.0,634.95,603.2025000000001,No action required
17986,20.8,1,10,20.8,2011-10-14 14:22:00,United Kingdom,55,payment_failed,card_expired,1,40,MEDIUM,71.0,20.8,14.767999999999999,Send payment recovery link
17987,198.57,1,261,15.274615384615384,2011-06-07 14:22:00,United Kingdom,184,checkout_abandoned,checkout_abandoned,1,55,MEDIUM,62.0,198.57,123.1134,Send checkout reminder
17988,201.12,7,43,5.292631578947368,2011-11-28 11:00:00,United Kingdom,11,successful,none,0,0,LOW,95.0,201.12,191.06400000000002,No action required
17990,630.84,3,414,21.753103448275862,2011-04-17 11:44:00,United Kingdom,236,checkout_abandoned,checkout_abandoned,1,55,MEDIUM,62.0,630.84,391.12080000000003,Send checkout reminder
17991,93.35,2,25,18.669999999999998,2011-04-28 15:58:00,United Kingdom,224,checkout_abandoned,checkout_abandoned,1,55,MEDIUM,62.0,93.35,57.876999999999995,Send checkout reminder
17994,678.49,4,497,8.37641975308642,2011-08-10 11:41:00,United Kingdom,121,subscription_failed,insufficient_funds,1,60,MEDIUM,59.0,678.49,400.30910000000006,Retry payment + reminder
17995,76.1,1,133,38.05,2011-03-03 12:30:00,United Kingdom,281,checkout_abandoned,checkout_abandoned,1,55,MEDIUM,62.0,76.1,47.181999999999995,Send checkout reminder
17997,1970.6699999999998,8,2298,11.871506024096385,2011-09-26 16:13:00,United Kingdom,73,payment_failed,card_expired,1,40,MEDIUM,71.0,1970.6699999999998,1399.1756999999998,Send payment recovery link
17999,382.06,2,221,4.108172043010753,2011-11-02 15:56:00,United Kingdom,36,successful,none,0,0,LOW,95.0,382.06,362.957,No action required
18001,417.23,2,363,7.193620689655173,2011-11-27 16:02:00,United Kingdom,11,successful,none,0,0,LOW,95.0,417.23,396.3685,No action required
18004,169.47,1,78,4.23675,2010-12-12 13:47:00,United Kingdom,361,checkout_abandoned,checkout_abandoned,1,55,MEDIUM,62.0,169.47,105.0714,Send checkout reminder
18005,249.72,2,93,4.162,2011-12-06 11:51:00,United Kingdom,3,successful,none,0,0,LOW,95.0,249.72,237.234,No action required
18006,444.68,1,220,20.212727272727275,2011-11-16 16:52:00,United Kingdom,22,successful,none,0,0,LOW,95.0,444.68,422.44599999999997,No action required
18008,2116.19,9,1581,70.53966666666666,2011-09-30 15:17:00,United Kingdom,69,payment_failed,card_expired,1,40,MEDIUM,71.0,2116.19,1502.4949,Send payment recovery link
18009,257.34,1,126,8.041875,2011-04-18 13:36:00,United Kingdom,234,checkout_abandoned,checkout_abandoned,1,55,MEDIUM,62.0,257.34,159.55079999999998,Send checkout reminder
18010,174.8,1,60,12.485714285714286,2011-03-28 12:27:00,United Kingdom,256,checkout_abandoned,checkout_abandoned,1,55,MEDIUM,62.0,174.8,108.376,Send checkout reminder
18011,102.78999999999999,1,71,3.671071428571428,2010-12-01 17:35:00,United Kingdom,372,checkout_abandoned,checkout_abandoned,1,55,MEDIUM,62.0,102.78999999999999,63.7298,Send checkout reminder
18013,187.29,2,285,6.041612903225806,2011-07-07 14:11:00,United Kingdom,154,subscription_failed,insufficient_funds,1,60,MEDIUM,59.0,187.29,110.5011,Retry payment + reminder
18014,166.42,1,68,5.200625,2011-11-11 15:28:00,United Kingdom,27,successful,none,0,0,LOW,95.0,166.42,158.099,No action required
18015,120.03,1,157,2.6093478260869567,2011-12-05 14:49:00,United Kingdom,3,successful,none,0,0,LOW,95.0,120.03,114.02850000000001,No action required
18016,1483.56,5,1029,12.061463414634146,2011-11-07 13:25:00,United Kingdom,31,successful,none,0,0,LOW,95.0,1483.56,1409.3819999999998,No action required
18017,523.0,3,300,174.33333333333334,2011-09-19 16:15:00,United Kingdom,80,payment_failed,card_expired,1,40,MEDIUM,71.0,523.0,371.33,Send payment recovery link
18018,122.14,2,55,4.211724137931035,2011-08-23 17:37:00,United Kingdom,107,subscription_failed,insufficient_funds,1,60,MEDIUM,59.0,122.14,72.0626,Retry payment + reminder
18019,38.45,1,7,7.69,2011-10-19 12:10:00,United Kingdom,51,payment_failed,card_expired,1,40,MEDIUM,71.0,38.45,27.299500000000002,Send payment recovery link
18022,668.11,1,736,3.497958115183246,2011-11-04 12:45:00,United Kingdom,35,successful,none,0,0,LOW,95.0,668.11,634.7045,No action required
18024,389.78,2,184,18.56095238095238,2011-07-10 12:40:00,United Kingdom,152,subscription_failed,insufficient_funds,1,60,MEDIUM,59.0,389.78,229.97019999999998,Retry payment + reminder
18027,115.31,1,78,5.490952380952381,2011-09-02 10:38:00,United Kingdom,98,subscription_failed,insufficient_funds,1,60,MEDIUM,59.0,115.31,68.0329,Retry payment + reminder
18030,230.64999999999998,2,67,25.627777777777776,2011-12-05 16:37:00,United Kingdom,3,successful,none,0,0,LOW,95.0,230.64999999999998,219.11749999999995,No action required
18032,73.5,1,42,14.7,2011-01-09 15:32:00,United Kingdom,333,checkout_abandoned,checkout_abandoned,1,55,MEDIUM,62.0,73.5,45.57,Send checkout reminder
18033,97.97,1,253,2.881470588235294,2011-10-05 17:28:00,United Kingdom,64,payment_failed,card_expired,1,40,MEDIUM,71.0,97.97,69.5587,Send payment recovery link
18034,422.88,2,561,3.775714285714286,2011-11-18 12:22:00,United Kingdom,21,successful,none,0,0,LOW,95.0,422.88,401.736,No action required
18035,730.4,3,611,13.781132075471698,2011-11-04 12:39:00,United Kingdom,35,successful,none,0,0,LOW,95.0,730.4,693.88,No action required
18036,405.62,3,234,4.225208333333334,2011-11-07 14:40:00,United Kingdom,31,successful,none,0,0,LOW,95.0,405.62,385.339,No action required
18037,70.02,6,20,3.685263157894737,2011-07-08 13:39:00,United Kingdom,153,subscription_failed,insufficient_funds,1,60,MEDIUM,59.0,70.02,41.31179999999999,Retry payment + reminder
18040,357.20000000000005,2,148,18.8,2011-11-20 14:20:00,United Kingdom,18,successful,none,0,0,LOW,95.0,357.20000000000005,339.3400000000001,No action required
18041,4183.39,21,3819,8.863114406779662,2011-11-28 11:39:00,United Kingdom,11,successful,none,0,0,LOW,95.0,4183.39,3974.2205000000004,No action required
18042,165.04999999999998,1,33,23.578571428571426,2011-10-17 11:49:00,United Kingdom,53,payment_failed,card_expired,1,40,MEDIUM,71.0,165.04999999999998,117.18549999999999,Send payment recovery link
18043,559.51,3,282,4.624049586776859,2011-11-15 12:48:00,United Kingdom,24,successful,none,0,0,LOW,95.0,559.51,531.5345,No action required
18044,2088.6,10,1033,16.445669291338582,2011-12-05 14:26:00,United Kingdom,3,successful,none,0,0,LOW,95.0,2088.6,1984.17,No action required
18045,189.4,1,142,4.029787234042553,2011-10-25 13:07:00,United Kingdom,44,successful,none,0,0,LOW,95.0,189.4,179.93,No action required
18048,172.29000000000002,2,127,24.612857142857145,2011-05-20 14:58:00,United Kingdom,202,checkout_abandoned,checkout_abandoned,1,55,MEDIUM,62.0,172.29000000000002,106.81980000000001,Send checkout reminder
18050,74.4,1,40,14.88,2010-12-15 14:25:00,United Kingdom,358,checkout_abandoned,checkout_abandoned,1,55,MEDIUM,62.0,74.4,46.128,Send checkout reminder
18053,300.02,1,302,15.001,2011-09-30 09:05:00,United Kingdom,70,payment_failed,card_expired,1,40,MEDIUM,71.0,300.02,213.0142,Send payment recovery link
18055,6784.1900000000005,10,2455,18.844972222222225,2011-12-02 14:25:00,United Kingdom,6,successful,none,0,10,LOW,89.0,6784.1900000000005,6037.9291,No action required
18056,363.65,1,211,19.139473684210525,2011-02-24 14:27:00,United Kingdom,287,checkout_abandoned,checkout_abandoned,1,55,MEDIUM,62.0,363.65,225.463,Send checkout reminder
18058,170.16,1,88,56.72,2011-11-30 08:38:00,United Kingdom,9,successful,none,0,0,LOW,95.0,170.16,161.652,No action required
18059,306.46,3,258,17.025555555555556,2011-11-16 16:49:00,United Kingdom,22,successful,none,0,0,LOW,95.0,306.46,291.13699999999994,No action required
18061,2119.41,10,955,46.0741304347826,2011-11-18 11:20:00,United Kingdom,21,successful,none,0,0,LOW,95.0,2119.41,2013.4394999999997,No action required
18062,720.52,3,396,26.685925925925925,2011-06-19 14:47:00,United Kingdom,172,subscription_failed,insufficient_funds,1,60,MEDIUM,59.0,720.52,425.1068,Retry payment + reminder
18064,814.0,2,384,116.28571428571429,2011-07-29 16:39:00,United Kingdom,132,subscription_failed,insufficient_funds,1,60,MEDIUM,59.0,814.0,480.26,Retry payment + reminder
18065,2392.83,14,1027,17.465912408759124,2011-12-04 10:30:00,United Kingdom,5,successful,none,0,0,LOW,95.0,2392.83,2273.1885,No action required
18066,318.0,1,108,31.8,2011-09-25 15:30:00,United Kingdom,74,payment_failed,card_expired,1,40,MEDIUM,71.0,318.0,225.78,Send payment recovery link
18067,396.33,1,189,10.711621621621621,2011-10-30 15:58:00,United Kingdom,39,successful,none,0,0,LOW,95.0,396.33,376.51349999999996,No action required
18068,101.69999999999999,1,6,101.69999999999999,2011-02-23 14:50:00,United Kingdom,288,checkout_abandoned,checkout_abandoned,1,55,MEDIUM,62.0,101.69999999999999,63.053999999999995,Send checkout reminder
18069,2036.67,5,1311,4.333340425531915,2011-11-13 16:03:00,United Kingdom,25,successful,none,0,0,LOW,95.0,2036.67,1934.8365,No action required
18071,453.0,2,260,18.12,2011-03-27 11:59:00,United Kingdom,257,checkout_abandoned,checkout_abandoned,1,55,MEDIUM,62.0,453.0,280.86,Send checkout reminder
18072,247.44,1,288,13.746666666666666,2011-06-07 10:44:00,United Kingdom,185,checkout_abandoned,checkout_abandoned,1,55,MEDIUM,62.0,247.44,153.4128,Send checkout reminder
18073,3877.5200000000004,12,3108,53.11671232876713,2011-08-17 14:02:00,United Kingdom,113,subscription_failed,insufficient_funds,1,60,MEDIUM,59.0,3877.5200000000004,2287.7368,Retry payment + reminder
18074,489.6,1,190,37.66153846153846,2010-12-01 09:53:00,United Kingdom,373,checkout_abandoned,checkout_abandoned,1,55,MEDIUM,62.0,489.6,303.552,Send checkout reminder
18075,2611.75,10,1464,18.392605633802816,2011-11-16 15:21:00,United Kingdom,22,successful,none,0,0,LOW,95.0,2611.75,2481.1625,No action required
18077,2633.0099999999998,11,1878,11.599162995594712,2011-12-01 13:32:00,United Kingdom,7,successful,none,0,0,LOW,95.0,2633.0099999999998,2501.3595,No action required
18078,336.13,2,145,11.590689655172413,2011-05-06 14:32:00,United Kingdom,216,checkout_abandoned,checkout_abandoned,1,55,MEDIUM,62.0,336.13,208.40060000000003,Send checkout reminder
18079,3651.97,4,7432,28.75566929133858,2011-10-25 15:27:00,United Kingdom,44,successful,none,0,0,LOW,95.0,3651.97,3469.3714999999997,No action required
18080,1231.5,2,642,615.75,2011-11-21 08:02:00,United Kingdom,18,successful,none,0,0,LOW,95.0,1231.5,1169.925,No action required
18081,343.45,3,195,20.20294117647059,2011-11-03 16:30:00,United Kingdom,35,successful,none,0,0,LOW,95.0,343.45,326.2775,No action required
18082,703.37,1,621,9.635205479452054,2011-11-14 12:45:00,United Kingdom,25,successful,none,0,0,LOW,95.0,703.37,668.2014999999999,No action required
18084,90.47999999999999,1,312,90.47999999999999,2011-11-23 13:57:00,United Kingdom,15,successful,none,0,0,LOW,95.0,90.47999999999999,85.95599999999999,No action required
18085,689.95,2,265,23.79137931034483,2011-01-13 15:17:00,United Kingdom,329,checkout_abandoned,checkout_abandoned,1,55,MEDIUM,62.0,689.95,427.769,Send checkout reminder
18086,101.34,1,106,14.477142857142857,2011-03-10 13:34:00,United Kingdom,273,checkout_abandoned,checkout_abandoned,1,55,MEDIUM,62.0,101.34,62.830799999999996,Send checkout reminder
18087,4055.7199999999993,2,3907,2027.8599999999997,2011-09-02 15:12:00,United Kingdom,97,subscription_failed,insufficient_funds,1,60,MEDIUM,59.0,4055.7199999999993,2392.8747999999996,Retry payment + reminder
18088,167.67000000000002,1,109,4.299230769230769,2011-10-09 13:41:00,United Kingdom,60,payment_failed,card_expired,1,40,MEDIUM,71.0,167.67000000000002,119.04570000000001,Send payment recovery link
18092,9068.26,11,4252,101.89056179775281,2011-12-07 13:14:00,United Kingdom,1,successful,none,0,10,LOW,89.0,9068.26,8070.7514,No action required
18093,2106.52,4,1392,58.51444444444444,2011-09-07 15:43:00,United Kingdom,92,subscription_failed,insufficient_funds,1,60,MEDIUM,59.0,2106.52,1242.8468,Retry payment + reminder
18094,3017.3,7,2518,43.104285714285716,2011-09-19 09:28:00,United Kingdom,81,payment_failed,card_expired,1,40,MEDIUM,71.0,3017.3,2142.2830000000004,Send payment recovery link
18095,580.0500000000001,2,419,27.621428571428574,2011-01-31 12:50:00,United Kingdom,312,checkout_abandoned,checkout_abandoned,1,55,MEDIUM,62.0,580.0500000000001,359.6310000000001,Send checkout reminder
18096,911.15,3,825,4.277699530516432,2011-11-28 12:44:00,United Kingdom,11,successful,none,0,0,LOW,95.0,911.15,865.5925,No action required
18097,2697.8,6,1686,24.97962962962963,2011-12-02 11:16:00,United Kingdom,7,successful,none,0,0,LOW,95.0,2697.8,2562.9100000000003,No action required
18099,168.31,1,149,8.858421052631579,2011-08-04 15:52:00,United Kingdom,126,subscription_failed,insufficient_funds,1,60,MEDIUM,59.0,168.31,99.30290000000001,Retry payment + reminder
18101,223.65,2,88,5.454878048780488,2011-11-28 13:37:00,United Kingdom,10,successful,none,0,0,LOW,95.0,223.65,212.4675,No action required
18102,259657.3,60,64124,602.45313225058,2011-12-09 11:50:00,United Kingdom,0,successful,none,0,10,LOW,89.0,259657.3,231094.997,No action required
18104,754.64,1,362,19.858947368421052,2011-11-02 14:07:00,United Kingdom,36,successful,none,0,0,LOW,95.0,754.64,716.908,No action required
18105,113.48000000000002,1,46,6.304444444444446,2011-11-02 12:04:00,United Kingdom,37,successful,none,0,0,LOW,95.0,113.48000000000002,107.80600000000003,No action required
18106,430.7,1,128,11.043589743589743,2011-01-14 12:23:00,United Kingdom,329,checkout_abandoned,checkout_abandoned,1,55,MEDIUM,62.0,430.7,267.034,Send checkout reminder
18108,271.0,1,84,15.941176470588236,2011-03-30 13:56:00,United Kingdom,253,checkout_abandoned,checkout_abandoned,1,55,MEDIUM,62.0,271.0,168.02,Send checkout reminder
18109,8052.97,26,4237,18.13731981981982,2011-12-08 11:36:00,United Kingdom,1,successful,none,0,10,LOW,89.0,8052.97,7167.143300000001,No action required
18110,236.3,1,86,5.136956521739131,2011-11-20 12:34:00,United Kingdom,19,successful,none,0,0,LOW,95.0,236.3,224.485,No action required
18112,352.69,2,255,13.565,2011-11-27 14:43:00,United Kingdom,11,successful,none,0,0,LOW,95.0,352.69,335.05550000000005,No action required
18113,76.32000000000001,1,72,76.32000000000001,2010-12-06 12:31:00,United Kingdom,368,checkout_abandoned,checkout_abandoned,1,55,MEDIUM,62.0,76.32000000000001,47.318400000000004,Send checkout reminder
18114,220.1,1,55,7.860714285714286,2011-02-22 13:20:00,United Kingdom,289,checkout_abandoned,checkout_abandoned,1,55,MEDIUM,62.0,220.1,136.462,Send checkout reminder
18116,1418.03,8,848,3.7514021164021165,2011-10-03 11:00:00,United Kingdom,67,payment_failed,card_expired,1,40,MEDIUM,71.0,1418.03,1006.8013000000001,Send payment recovery link
18117,320.72,1,618,4.334054054054055,2011-11-14 12:47:00,United Kingdom,25,successful,none,0,0,LOW,95.0,320.72,304.684,No action required
18118,5653.82,26,2882,4.420500390930414,2011-11-29 11:32:00,United Kingdom,10,successful,none,0,10,LOW,89.0,5653.82,5031.8998,No action required
18119,181.12,1,125,6.037333333333334,2010-12-07 11:59:00,United Kingdom,367,checkout_abandoned,checkout_abandoned,1,55,MEDIUM,62.0,181.12,112.29440000000001,Send checkout reminder
18120,111.15,1,31,6.538235294117648,2011-05-09 13:45:00,United Kingdom,213,checkout_abandoned,checkout_abandoned,1,55,MEDIUM,62.0,111.15,68.913,Send checkout reminder
18121,673.1,2,450,21.034375,2011-07-13 12:53:00,United Kingdom,148,subscription_failed,insufficient_funds,1,60,MEDIUM,59.0,673.1,397.129,Retry payment + reminder
18122,1826.21,6,1234,5.0170604395604395,2011-12-01 13:08:00,United Kingdom,7,successful,none,0,0,LOW,95.0,1826.21,1734.8995000000002,No action required
18123,589.4399999999999,2,594,16.37333333333333,2011-11-15 14:23:00,United Kingdom,23,successful,none,0,0,LOW,95.0,589.4399999999999,559.968,No action required
18125,1142.99,4,804,5.831581632653061,2011-11-10 12:29:00,United Kingdom,29,successful,none,0,0,LOW,95.0,1142.99,1085.8405,No action required
18126,206.82999999999998,1,144,3.693392857142857,2011-10-10 12:19:00,United Kingdom,60,payment_failed,card_expired,1,40,MEDIUM,71.0,206.82999999999998,146.84929999999997,Send payment recovery link
18127,348.73,3,188,7.419787234042554,2011-11-20 14:05:00,United Kingdom,18,successful,none,0,0,LOW,95.0,348.73,331.2935,No action required
18129,112.55000000000001,1,48,8.039285714285715,2011-04-10 14:16:00,United Kingdom,242,checkout_abandoned,checkout_abandoned,1,55,MEDIUM,62.0,112.55000000000001,69.781,Send checkout reminder
18130,1059.39,3,824,15.134142857142859,2011-11-24 14:40:00,United Kingdom,14,successful,none,0,0,LOW,95.0,1059.39,1006.4205000000001,No action required
18133,931.4999999999999,1,1350,931.4999999999999,2011-05-11 14:14:00,United Kingdom,211,checkout_abandoned,checkout_abandoned,1,55,MEDIUM,62.0,931.4999999999999,577.53,Send checkout reminder
18135,681.9100000000001,5,349,34.0955,2011-11-10 19:32:00,United Kingdom,28,successful,none,0,0,LOW,95.0,681.9100000000001,647.8145000000001,No action required
18136,784.33,3,379,20.640263157894736,2011-10-07 15:40:00,United Kingdom,62,payment_failed,card_expired,1,40,MEDIUM,71.0,784.33,556.8743,Send payment recovery link
18138,152.65,1,38,19.08125,2011-02-17 14:51:00,United Kingdom,294,checkout_abandoned,checkout_abandoned,1,55,MEDIUM,62.0,152.65,94.64300000000001,Send checkout reminder
18139,8438.34,6,5557,53.07132075471698,2011-11-22 10:44:00,United Kingdom,17,successful,none,0,10,LOW,89.0,8438.34,7510.1226,No action required
18142,1019.52,2,1276,67.968,2011-07-05 13:19:00,United Kingdom,156,subscription_failed,insufficient_funds,1,60,MEDIUM,59.0,1019.52,601.5168,Retry payment + reminder
18143,1000.16,2,570,16.396065573770493,2011-08-15 12:07:00,United Kingdom,116,subscription_failed,insufficient_funds,1,60,MEDIUM,59.0,1000.16,590.0944,Retry payment + reminder
18144,2888.75,12,1343,67.18023255813954,2011-12-02 12:46:00,United Kingdom,7,successful,none,0,0,LOW,95.0,2888.75,2744.3125,No action required
18145,2861.55,4,2625,12.94819004524887,2011-11-27 11:22:00,United Kingdom,12,successful,none,0,0,LOW,95.0,2861.55,2718.4725,No action required
18146,160.35000000000002,2,153,16.035000000000004,2011-07-22 12:08:00,United Kingdom,140,subscription_failed,insufficient_funds,1,60,MEDIUM,59.0,160.35000000000002,94.60650000000001,Retry payment + reminder
18147,179.33999999999997,2,203,25.619999999999997,2011-10-25 11:46:00,United Kingdom,45,successful,none,0,0,LOW,95.0,179.33999999999997,170.373,No action required
18149,612.0799999999999,3,310,38.254999999999995,2011-10-20 12:04:00,United Kingdom,50,payment_failed,card_expired,1,40,MEDIUM,71.0,612.0799999999999,434.57679999999993,Send payment recovery link
18150,566.58,3,332,15.312972972972974,2011-11-07 16:49:00,United Kingdom,31,successful,none,0,0,LOW,95.0,566.58,538.2510000000001,No action required
18151,653.35,2,355,17.193421052631578,2011-07-28 11:35:00,United Kingdom,134,subscription_failed,insufficient_funds,1,60,MEDIUM,59.0,653.35,385.4765,Retry payment + reminder
18154,399.19,2,255,19.009047619047617,2011-12-06 16:41:00,United Kingdom,2,successful,none,0,0,LOW,95.0,399.19,379.2305,No action required
18155,371.62,3,266,14.8648,2011-09-25 13:32:00,United Kingdom,74,payment_failed,card_expired,1,40,MEDIUM,71.0,371.62,263.85020000000003,Send payment recovery link
18156,734.94,2,301,5.2495714285714286,2011-11-27 12:24:00,United Kingdom,12,successful,none,0,0,LOW,95.0,734.94,698.193,No action required
18158,453.4,2,354,13.335294117647058,2011-11-30 16:19:00,United Kingdom,8,successful,none,0,0,LOW,95.0,453.4,430.73,No action required
18159,530.15,1,139,23.05,2011-02-11 14:26:00,United Kingdom,300,checkout_abandoned,checkout_abandoned,1,55,MEDIUM,62.0,530.15,328.693,Send checkout reminder
18160,638.0600000000001,2,294,16.36051282051282,2011-10-13 15:50:00,United Kingdom,56,payment_failed,card_expired,1,40,MEDIUM,71.0,638.0600000000001,453.0226,Send payment recovery link
18161,1618.69,5,812,20.233625,2011-11-24 16:40:00,United Kingdom,14,successful,none,0,0,LOW,95.0,1618.69,1537.7555000000002,No action required
18164,399.65000000000003,1,184,16.652083333333334,2011-11-02 12:56:00,United Kingdom,36,successful,none,0,0,LOW,95.0,399.65000000000003,379.6675,No action required
18165,302.46000000000004,1,254,30.246000000000002,2011-06-15 13:23:00,United Kingdom,176,subscription_failed,insufficient_funds,1,60,MEDIUM,59.0,302.46000000000004,178.45140000000004,Retry payment + reminder
18167,1384.8600000000001,3,382,37.428648648648654,2011-11-16 15:56:00,United Kingdom,22,successful,none,0,0,LOW,95.0,1384.8600000000001,1315.6170000000002,No action required
18168,1169.94,6,594,8.93083969465649,2011-06-16 19:21:00,United Kingdom,175,subscription_failed,insufficient_funds,1,60,MEDIUM,59.0,1169.94,690.2646000000001,Retry payment + reminder
18169,202.65,1,61,22.516666666666666,2011-10-10 12:18:00,United Kingdom,60,payment_failed,card_expired,1,40,MEDIUM,71.0,202.65,143.8815,Send payment recovery link
18170,980.31,3,409,25.797631578947367,2011-11-06 14:35:00,United Kingdom,32,successful,none,0,0,LOW,95.0,980.31,931.2945,No action required
18171,1231.31,5,481,22.802037037037035,2011-10-12 09:13:00,United Kingdom,58,payment_failed,card_expired,1,40,MEDIUM,71.0,1231.31,874.2301,Send payment recovery link
18172,7561.68,20,3184,40.00888888888889,2011-11-25 11:12:00,United Kingdom,14,successful,none,0,10,LOW,89.0,7561.68,6729.8952,No action required
18173,2106.84,4,1220,67.9625806451613,2011-09-14 11:26:00,United Kingdom,86,payment_failed,card_expired,1,40,MEDIUM,71.0,2106.84,1495.8564000000001,Send payment recovery link
18174,104.0,1,50,104.0,2011-12-02 16:56:00,United Kingdom,6,successful,none,0,0,LOW,95.0,104.0,98.8,No action required
18176,476.35,1,283,15.878333333333334,2010-12-16 15:45:00,United Kingdom,357,checkout_abandoned,checkout_abandoned,1,55,MEDIUM,62.0,476.35,295.337,Send checkout reminder
18177,1341.42,6,710,18.127297297297297,2011-11-08 14:44:00,United Kingdom,30,successful,none,0,0,LOW,95.0,1341.42,1274.3490000000002,No action required
18178,1590.81,4,983,16.400103092783503,2011-08-03 09:30:00,United Kingdom,128,subscription_failed,insufficient_funds,1,60,MEDIUM,59.0,1590.81,938.5778999999999,Retry payment + reminder
18179,1793.17,6,1360,19.924111111111113,2011-11-30 16:23:00,United Kingdom,8,successful,none,0,0,LOW,95.0,1793.17,1703.5114999999998,No action required
18180,1843.75,6,1721,15.493697478991596,2011-12-05 08:39:00,United Kingdom,4,successful,none,0,0,LOW,95.0,1843.75,1751.5625,No action required
18181,382.8,1,146,8.700000000000001,2011-11-15 15:08:00,United Kingdom,23,successful,none,0,0,LOW,95.0,382.8,363.66,No action required
18183,632.07,2,371,17.082972972972975,2011-04-26 15:26:00,United Kingdom,226,checkout_abandoned,checkout_abandoned,1,55,MEDIUM,62.0,632.07,391.88340000000005,Send checkout reminder
18184,49.8,1,60,49.8,2011-11-24 15:28:00,United Kingdom,14,successful,none,0,0,LOW,95.0,49.8,47.31,No action required
18185,304.25,1,183,17.897058823529413,2011-04-04 13:42:00,United Kingdom,248,checkout_abandoned,checkout_abandoned,1,55,MEDIUM,62.0,304.25,188.635,Send checkout reminder
18188,2001.04,3,1168,28.183661971830986,2011-11-24 16:46:00,United Kingdom,14,successful,none,0,0,LOW,95.0,2001.04,1900.9879999999998,No action required
18189,1090.24,2,566,16.032941176470587,2011-09-23 12:40:00,United Kingdom,77,payment_failed,card_expired,1,40,MEDIUM,71.0,1090.24,774.0704,Send payment recovery link
18190,284.46000000000004,2,140,18.964000000000002,2011-05-31 14:48:00,United Kingdom,191,checkout_abandoned,checkout_abandoned,1,55,MEDIUM,62.0,284.46000000000004,176.36520000000004,Send checkout reminder
18191,207.79999999999998,1,140,29.685714285714283,2011-03-23 12:08:00,United Kingdom,261,checkout_abandoned,checkout_abandoned,1,55,MEDIUM,62.0,207.79999999999998,128.83599999999998,Send checkout reminder
18192,957.97,1,339,21.288222222222224,2011-09-29 09:53:00,United Kingdom,71,payment_failed,card_expired,1,40,MEDIUM,71.0,957.97,680.1587,Send payment recovery link
18193,243.76,1,124,15.235,2011-06-27 13:58:00,United Kingdom,164,subscription_failed,insufficient_funds,1,60,MEDIUM,59.0,243.76,143.8184,Retry payment + reminder
18194,973.8399999999999,1,632,139.11999999999998,2011-09-18 13:29:00,United Kingdom,81,payment_failed,card_expired,1,40,MEDIUM,71.0,973.8399999999999,691.4264,Send payment recovery link
18196,689.13,2,433,4.887446808510639,2011-09-05 16:22:00,United Kingdom,94,subscription_failed,insufficient_funds,1,60,MEDIUM,59.0,689.13,406.5867,Retry payment + reminder
18198,5425.56,17,4074,34.12301886792453,2011-12-05 14:49:00,United Kingdom,3,successful,none,0,10,LOW,89.0,5425.56,4828.7484,No action required
18200,163.8,1,111,5.11875,2011-08-25 18:45:00,United Kingdom,105,subscription_failed,insufficient_funds,1,60,MEDIUM,59.0,163.8,96.64200000000001,Retry payment + reminder
18202,1396.99,3,581,20.543970588235293,2011-05-24 12:12:00,United Kingdom,199,checkout_abandoned,checkout_abandoned,1,55,MEDIUM,62.0,1396.99,866.1338000000001,Send checkout reminder
18203,160.42000000000002,1,43,8.443157894736842,2011-07-05 13:07:00,United Kingdom,156,subscription_failed,insufficient_funds,1,60,MEDIUM,59.0,160.42000000000002,94.6478,Retry payment + reminder
18204,1993.7,3,1200,9.9685,2011-09-29 16:44:00,United Kingdom,70,payment_failed,card_expired,1,40,MEDIUM,71.0,1993.7,1415.527,Send payment recovery link
18205,517.36,2,192,16.1675,2011-11-03 13:22:00,United Kingdom,35,successful,none,0,0,LOW,95.0,517.36,491.492,No action required
18209,139.10000000000002,1,58,17.387500000000003,2011-11-11 12:07:00,United Kingdom,28,successful,none,0,0,LOW,95.0,139.10000000000002,132.145,No action required
18210,2621.38,6,1398,19.562537313432838,2011-12-08 11:02:00,United Kingdom,1,successful,none,0,0,LOW,95.0,2621.38,2490.311,No action required
18211,600.07,5,359,14.287380952380953,2011-11-14 08:10:00,United Kingdom,25,successful,none,0,0,LOW,95.0,600.07,570.0665,No action required
18212,248.42,1,101,5.7772093023255815,2011-01-17 16:14:00,United Kingdom,325,checkout_abandoned,checkout_abandoned,1,55,MEDIUM,62.0,248.42,154.0204,Send checkout reminder
18213,232.48000000000002,1,232,15.498666666666669,2011-04-17 10:21:00,United Kingdom,236,checkout_abandoned,checkout_abandoned,1,55,MEDIUM,62.0,232.48000000000002,144.13760000000002,Send checkout reminder
18215,299.34000000000003,1,118,23.02615384615385,2011-09-11 16:05:00,United Kingdom,88,payment_failed,card_expired,1,40,MEDIUM,71.0,299.34000000000003,212.53140000000002,Send payment recovery link
18216,481.75,1,200,18.528846153846153,2011-11-08 16:55:00,United Kingdom,30,successful,none,0,0,LOW,95.0,481.75,457.6625,No action required
18217,621.75,2,491,20.056451612903224,2011-11-10 13:18:00,United Kingdom,28,successful,none,0,0,LOW,95.0,621.75,590.6625,No action required
18218,662.08,2,584,31.527619047619048,2011-05-12 12:53:00,United Kingdom,210,checkout_abandoned,checkout_abandoned,1,55,MEDIUM,62.0,662.08,410.4896,Send checkout reminder
18219,2069.77,10,885,18.155877192982455,2011-12-07 11:43:00,United Kingdom,2,successful,none,0,0,LOW,95.0,2069.77,1966.2815,No action required
18220,305.28000000000003,1,288,152.64000000000001,2011-04-27 09:03:00,United Kingdom,226,checkout_abandoned,checkout_abandoned,1,55,MEDIUM,62.0,305.28000000000003,189.27360000000002,Send checkout reminder
18221,1041.61,5,791,16.27515625,2011-11-17 14:40:00,United Kingdom,21,successful,none,0,0,LOW,95.0,1041.61,989.5295,No action required
18222,443.0,1,335,23.31578947368421,2011-09-08 10:45:00,United Kingdom,92,subscription_failed,insufficient_funds,1,60,MEDIUM,59.0,443.0,261.37,Retry payment + reminder
18223,6484.54,14,2948,23.840220588235294,2011-12-05 09:11:00,United Kingdom,4,successful,none,0,10,LOW,89.0,6484.54,5771.240599999999,No action required
18224,158.95000000000002,1,69,15.895000000000001,2011-03-21 10:30:00,United Kingdom,263,checkout_abandoned,checkout_abandoned,1,55,MEDIUM,62.0,158.95000000000002,98.54900000000002,Send checkout reminder
18225,5509.12,12,3244,20.328856088560887,2011-12-06 13:27:00,United Kingdom,2,successful,none,0,10,LOW,89.0,5509.12,4903.1168,No action required
18226,5228.05,11,3466,21.603512396694217,2011-10-26 13:36:00,United Kingdom,43,successful,none,0,10,LOW,89.0,5228.05,4652.9645,No action required
18227,93.75,1,21,18.75,2011-05-06 12:23:00,United Kingdom,217,checkout_abandoned,checkout_abandoned,1,55,MEDIUM,62.0,93.75,58.125,Send checkout reminder
18228,779.9,2,238,25.996666666666666,2011-10-14 09:21:00,United Kingdom,56,payment_failed,card_expired,1,40,MEDIUM,71.0,779.9,553.729,Send payment recovery link
18229,7276.900000000001,20,2488,44.37134146341464,2011-11-28 09:48:00,United Kingdom,11,successful,none,0,10,LOW,89.0,7276.900000000001,6476.441000000001,No action required
18230,2810.2000000000003,7,1316,32.67674418604651,2011-11-30 13:22:00,United Kingdom,8,successful,none,0,0,LOW,95.0,2810.2000000000003,2669.69,No action required
18231,2083.27,5,821,16.800564516129032,2011-05-31 14:18:00,United Kingdom,191,checkout_abandoned,checkout_abandoned,1,55,MEDIUM,62.0,2083.27,1291.6274,Send checkout reminder
18232,592.97,4,302,16.026216216216216,2011-09-19 11:49:00,United Kingdom,81,payment_failed,card_expired,1,40,MEDIUM,71.0,592.97,421.00870000000003,Send payment recovery link
18233,440.0,1,4,440.0,2011-01-18 08:44:00,United Kingdom,325,checkout_abandoned,checkout_abandoned,1,55,MEDIUM,62.0,440.0,272.8,Send checkout reminder
18235,1796.48,3,1578,17.273846153846154,2011-09-29 08:27:00,United Kingdom,71,payment_failed,card_expired,1,40,MEDIUM,71.0,1796.48,1275.5008,Send payment recovery link
18236,882.24,6,403,18.004897959183673,2011-11-10 08:06:00,United Kingdom,29,successful,none,0,0,LOW,95.0,882.24,838.128,No action required
18237,987.1,5,622,16.181967213114753,2011-12-07 12:49:00,United Kingdom,2,successful,none,0,0,LOW,95.0,987.1,937.745,No action required
18239,1561.6100000000001,5,795,17.745568181818182,2011-05-05 12:38:00,United Kingdom,218,checkout_abandoned,checkout_abandoned,1,55,MEDIUM,62.0,1561.6100000000001,968.1982,Send checkout reminder
18240,422.58,1,126,70.42999999999999,2011-10-24 13:06:00,United Kingdom,45,successful,none,0,0,LOW,95.0,422.58,401.45099999999996,No action required
18241,2073.09,17,1051,19.933557692307694,2011-11-30 12:10:00,United Kingdom,9,successful,none,0,0,LOW,95.0,2073.09,1969.4355000000003,No action required
18242,2232.4900000000002,4,1017,28.62166666666667,2011-09-28 13:43:00,United Kingdom,71,payment_failed,card_expired,1,40,MEDIUM,71.0,2232.4900000000002,1585.0679,Send payment recovery link
18245,2567.06,7,1788,14.668914285714285,2011-12-02 14:48:00,United Kingdom,6,successful,none,0,0,LOW,95.0,2567.06,2438.707,No action required
18246,596.1,2,166,149.025,2011-11-16 11:49:00,United Kingdom,23,successful,none,0,0,LOW,95.0,596.1,566.295,No action required
18248,804.02,2,511,17.1068085106383,2011-08-09 10:19:00,United Kingdom,122,subscription_failed,insufficient_funds,1,60,MEDIUM,59.0,804.02,474.3718,Retry payment + reminder
18249,95.34,1,128,11.9175,2011-11-22 15:07:00,United Kingdom,16,successful,none,0,0,LOW,95.0,95.34,90.57300000000001,No action required
18250,349.27,1,199,16.63190476190476,2011-02-02 13:16:00,United Kingdom,309,checkout_abandoned,checkout_abandoned,1,55,MEDIUM,62.0,349.27,216.54739999999998,Send checkout reminder
18251,4314.72,1,7824,269.67,2011-09-13 15:03:00,United Kingdom,86,payment_failed,card_expired,1,40,MEDIUM,71.0,4314.72,3063.4512,Send payment recovery link
18252,526.67,2,239,5.374183673469387,2011-10-20 12:43:00,United Kingdom,50,payment_failed,card_expired,1,40,MEDIUM,71.0,526.67,373.9357,Send payment recovery link
18255,103.3,1,74,17.216666666666665,2011-09-11 13:16:00,United Kingdom,88,payment_failed,card_expired,1,40,MEDIUM,71.0,103.3,73.343,Send payment recovery link
18257,2337.63,8,1041,19.81042372881356,2011-10-31 14:48:00,United Kingdom,38,successful,none,0,0,LOW,95.0,2337.63,2220.7485,No action required
18259,2338.6000000000004,3,714,55.68095238095239,2011-11-15 12:34:00,United Kingdom,24,successful,none,0,0,LOW,95.0,2338.6000000000004,2221.67,No action required
18260,2643.2000000000003,6,1478,19.72537313432836,2011-06-20 12:37:00,United Kingdom,172,subscription_failed,insufficient_funds,1,60,MEDIUM,59.0,2643.2000000000003,1559.4880000000003,Retry payment + reminder
18261,324.24,2,146,15.440000000000001,2011-10-27 15:36:00,United Kingdom,42,successful,none,0,0,LOW,95.0,324.24,308.028,No action required
18262,149.48,1,182,11.498461538461537,2011-07-22 16:04:00,United Kingdom,139,subscription_failed,insufficient_funds,1,60,MEDIUM,59.0,149.48,88.19319999999999,Retry payment + reminder
18263,1213.1599999999999,3,1468,19.887868852459015,2011-11-14 09:00:00,United Kingdom,25,successful,none,0,0,LOW,95.0,1213.1599999999999,1152.5019999999997,No action required
18265,801.51,2,311,17.424130434782608,2011-09-28 14:10:00,United Kingdom,71,payment_failed,card_expired,1,40,MEDIUM,71.0,801.51,569.0721,Send payment recovery link
18268,25.5,1,2,25.5,2011-07-28 19:13:00,United Kingdom,133,subscription_failed,insufficient_funds,1,60,MEDIUM,59.0,25.5,15.045,Retry payment + reminder
18269,168.6,1,76,24.085714285714285,2010-12-08 13:53:00,United Kingdom,365,checkout_abandoned,checkout_abandoned,1,55,MEDIUM,62.0,168.6,104.53199999999998,Send checkout reminder
18270,283.15,2,101,25.74090909090909,2011-11-01 13:57:00,United Kingdom,37,successful,none,0,0,LOW,95.0,283.15,268.99249999999995,No action required
18272,3078.58,6,2050,18.54566265060241,2011-12-07 12:43:00,United Kingdom,2,successful,none,0,0,LOW,95.0,3078.58,2924.651,No action required
18273,204.0,3,80,68.0,2011-12-07 13:16:00,United Kingdom,1,successful,none,0,0,LOW,95.0,204.0,193.8,No action required
18274,175.92,1,88,15.992727272727272,2011-11-09 17:03:00,United Kingdom,29,successful,none,0,0,LOW,95.0,175.92,167.12399999999997,No action required
18276,335.86,1,186,23.990000000000002,2011-10-27 10:54:00,United Kingdom,43,successful,none,0,0,LOW,95.0,335.86,319.067,No action required
18277,110.38,1,68,13.7975,2011-10-12 15:22:00,United Kingdom,57,payment_failed,card_expired,1,40,MEDIUM,71.0,110.38,78.3698,Send payment recovery link
18278,173.9,1,66,19.322222222222223,2011-09-27 11:58:00,United Kingdom,73,payment_failed,card_expired,1,40,MEDIUM,71.0,173.9,123.469,Send payment recovery link
18280,180.60000000000002,1,45,18.060000000000002,2011-03-07 09:52:00,United Kingdom,277,checkout_abandoned,checkout_abandoned,1,55,MEDIUM,62.0,180.60000000000002,111.97200000000001,Send checkout reminder
18281,80.82,1,54,11.545714285714284,2011-06-12 10:53:00,United Kingdom,180,subscription_failed,insufficient_funds,1,60,MEDIUM,59.0,80.82,47.68379999999999,Retry payment + reminder
18282,178.05,2,103,14.8375,2011-12-02 11:43:00,United Kingdom,7,successful,none,0,0,LOW,95.0,178.05,169.1475,No action required
18283,2094.88,16,1397,2.771005291005291,2011-12-06 12:02:00,United Kingdom,3,successful,none,0,0,LOW,95.0,2094.88,1990.136,No action required
18287,1837.28,3,1586,26.24685714285714,2011-10-28 09:29:00,United Kingdom,42,successful,none,0,0,LOW,95.0,1837.28,1745.4160000000002,No action required
